:020000040800F2
:1000000038930024ED040008CD8C00083D7F0008E3
:10001000018A0008AD3100086DB900080000000039
:100020000000000000000000000000002D04000897
:100030001936000800000000890400085DAB0008C4
:100040000B0500080B0500080B0500080B05000850
:100050000B0500080B0500080B0500080B05000840
:100060000B0500080B0500080B050008B13100085E
:10007000BD310008C9310008D53100080B05000862
:100080000B0500080B0500080B0500080B05000810
:100090000B0500080B0500080B0500080B05000800
:1000A0000B05000815AD00080B0500080B0500083E
:1000B00021AD00080B0500080B0500080B05000822
:1000C0000B0500080B0500080B0500080B050008D0
:1000D0000B0500087DB7000869B8000875B800086E
:1000E0000B0500080B050008000000000B050008C8
:1000F0000B0500080B0500080B0500080B050008A0
:100100000B0500080B0500080B0500080B0500088F
:1001100069AE00080B0500080B0500080B05000878
:100120000B0500080B0500080B0500080B0500086F
:100130000B0500080B0500080B0500080B0500085F
:1001400000000000000000000000000000000000AF
:100150000B0500080B0500080B05000861B9000835
:100160000B0500080B0500080B0500080B0500082F
:100170000B0500080B0500080B0500080000000037
:100180000B0500080B0500084DAF00080B05000823
:100190000B0500080B0500080B0500080B050008FF
:1001A0000B0500080B0500080B0500080B050008EF
:1001B0000B0500080B0500080B0500080B050008DF
:1001C0000B0500080B0500080B0500080B050008CF
:1001D0000B0500080B0500080B0500080B050008BF
:1001E0000B0500080B0500080B0500080B050008AF
:1001F0000B0500080B0500080B0500080B0500089F
:100200000B0500080B0500080B0500080B0500088E
:100210000B0500080B0500080B0500080B0500087E
:100220000B0500080B0500080B0500080000000086
:100230000B0500080B050008000000000B05000876
:100240000B0500080B0500080B0500080B0500084E
:100250000B0500080B0500080B0500080B0500083E
:100260000B0500080B0500080B0500080B0500082E
:100270000B0500080B0500080B0500080000000036
:100280000B0500080B0500080B0500080000000026
:10029000000000000B05000800F002F800F0B6F8BE
:1002A0000AA090E8000C82448344AAF10107DA45D1
:1002B00001D100F0ABF8AFF2090EBAE80F0013F06D
:1002C000010F18BFFB1A43F00103184750C3010088
:1002D00070C301000A444FF0000C10F8013B13F00A
:1002E000070408BF10F8014B1D1108BF10F8015B8F
:1002F000641E05D010F8016B641E01F8016BF9D182
:1003000013F0080F1EBF10F8014BAD1C0C1B09D1D8
:100310006D1E58BF01F801CBFAD505E014F8016B4A
:1003200001F8016B6D1EF9D59142D6D370470000DC
:100330000023002400250026103A28BF78C1FBD8EE
:10034000520728BF30C148BF0B6070476E2900F0CC
:100350000E87702900F01183662911F0BB82652990
:1003600011F0B882672911F0B582612911F0B482C9
:1003700003681B0A28BF41F08001692900F044820C
:10038000642900F04182752900F03E826F2901F056
:10039000DE81782900F0DD82E92900F07182E4290C
:1003A00000F06E82F52900F06B82EF2901F0DB810D
:1003B000F82900F0DC820368DB0928BF41F08001E6
:1003C000632901F02681732901F02B81E32901F0D3
:1003D0001784F32901F01C84002070471FB511F029
:1003E00071FA9DE8030000F0D1FD00F0AFFD0400BC
:1003F0000020002111F032FA401C60600020002132
:1004000011F042FAE0601FBD10B510BD01F001FD12
:100410001146FFF7E3FF0EF033F801F048FD03B497
:10042000FFF7F2FF03BC0CF0A3F900002C4B196896
:100430000868B0E8F04F80F30988BFF36F8F4FF082
:10044000000080F311887047000000000848006831
:10045000006880F308884FF0000080F3148862B6CB
:1004600061B6BFF34F8FBFF36F8F00DF00BF00BFD8
:1004700008ED00E0DFF80C00016841F47001016054
:10048000704700BF88ED00E0EFF30980BFF36F8F86
:10049000134B1A681EF0100F08BF20ED108A20E9D8
:1004A000F04F106009B44FF0500080F31188BFF393
:1004B0004F8FBFF36F8F10F035FC4FF0000080F3CB
:1004C000118809BC19680868B0E8F04F1EF0100FD9
:1004D00008BFB0EC108A80F30988BFF36F8F7047B4
:1004E00008010024EFF30580704700000A488047A8
:1004F0000A4880470A480047FEE7FEE7FEE7FEE7B6
:10050000FEE7FEE7FEE7FEE7FEE7FEE705480649F1
:10051000064A074B70470000414000081DAC000828
:10052000990200083883002438930024388B002473
:10053000388B00247047000010B500F007FD001D47
:1005400010BD00BF1913010070B5064600F0FAFC9B
:10055000056806F10B0020F00704B4429CBF0020A0
:1005600070BD2B466A68BAB11068A04210D304F17E
:10057000080188423CBF5068586007D35168101981
:1005800041601168091B016058601460101D70BD46
:1005900013465268002AE7D12146284600F0E2FCC3
:1005A0000028DED170BD70B50446051F00F0CAFCFE
:1005B0000068002C14BF446870BD002C18BFAC420A
:1005C0003CBF20466468F8D301680A18AA4218BFE5
:1005D000456003D12A680546114401602868411925
:1005E000A1421CBF6C6070BD6168696021680844ED
:1005F000286070BD53EA020C00F069802DE9F04BD1
:100600004FF00006002B1FBFB3FA83F503FA05F481
:1006100024FA05F65E4012BF1643B2FA82F502FADA
:1006200005F4C5F120051EBF22FA05FC44EA0C04BE
:10063000203556EA044C4FEA144418BF641C4FF0AE
:1006400000084FF00009904271EB030C39D30029E8
:1006500019BFB1FA81F701FA07F6B0FA80F700FA8C
:1006600007F6C7F120071EBF20FA07FC46EA0C0672
:100670002037B6FBF4FCA7EB0507103F07F01F0B74
:10068000CBF120060CFA0BFB2CFA06F644BFB3465E
:100690000026202FA4BF5E464FF0000B5BEA060C3D
:1006A00008BF4FF0010B19EB0B09ABFB027C48EBC9
:1006B0000608C01B06FB02CC0BFB03CC71EB0C0144
:1006C000C1E70B46024641464846BDE8F08B13B5EC
:1006D0004FF000004FF00001AFF30080BDE81C4078
:1006E000704700007CB51D4616460C00009001D0F6
:1006F0002044401E074B7B442A4669460190304601
:1007000000F05DFF05461CB10020694600F06AFF5D
:1007100028467CBDF50E00000FB4044910B503AAAD
:10072000029800F083FF10BC5DF814FB0001002468
:100730000FB47CB50C0009AA009001D02044401EE3
:10074000084B7B4469460190089800F038FF054645
:100750001CB10020694600F045FF28467CBC5DF8CE
:1007600014FB0000A90E000070B5044685690068FE
:10077000C10601D5302600E02026C00707D070BD95
:10078000D4E9012130469047206A401C20626D1E4A
:10079000F6D570BD70B5044685690078C00707D1ED
:1007A00070BDD4E9012120209047206A401C2062BE
:1007B0006D1EF6D570BD70B50C460546012A05D0F4
:1007C0002878800600D5EA69002302E0012305E0CD
:1007D0005B1C934202D2E05C0028F9D1A869E618BC
:1007E000C01AA861286A184428622846FFF7BCFF8F
:1007F00004E0D5E9012114F8010B9047B442F8D385
:100800002846FFF7C7FF70BD2DE9F04106460024DA
:1008100010687529314616A510D000F03DFC00285F
:1008200002DA404213A507E031688A0701D512A514
:1008300002E0490704D511A5012401E000F035FCD0
:1008400000210A2206F1240709E0B0FBF2FCB0FB0C
:10085000F2F302FB1C00303078541846491C002883
:10086000F3D123462A463046BDE8F04100F026BCCD
:10087000000000002D0000002B0000002000000000
:100880002DE9F0418046D21D22F007020025D2E971
:100890000002F52915A614D0011E72F1000106DA36
:1008A0000023D0EB030063EB020211A608E0D8F8A6
:1008B00000108B0701D50FA602E0490701D50EA64F
:1008C00001251146002408F1240704E000F094FB00
:1008D00030323A55641C50EA0102F7D12B463246B9
:1008E00021464046BDE8F04100F0E8BB00000000B2
:1008F0002D0000002B00000020000000F0B40D4689
:100900000188090502D5214C7C4402E01F4C7C443F
:100910000E34002100F1240608E002F00F0712094E
:10092000E75D42EA03721B097754491C52EA030748
:10093000F3D102780023120704D5702D06D009B137
:10094000022311342246F0BC00F0B8BB012310345E
:10095000F8E770B504460D462146106800F0A5FB87
:10096000024629462046BDE870400023C6E7D21D56
:1009700022F00703D3E90023C0E70368126843F0BD
:10098000200303600823C3610023B7E7F4B3010029
:100990002DE9F05F894604464FF0000ADFF874B194
:1009A000FB44C0F820A02046E1688847002874D0A6
:1009B000252806D0D4E901219047206A401C2062F6
:1009C000F1E700265F462046E16888472028054673
:1009D00007DB312D05D2781910F8200C08B1064339
:1009E000F1E7B00701D526F00406C4F81CA00027E3
:1009F000C4F818A02A2D09D028460BF084FB38B380
:100A000004EB8708303DC8F8185019E059F8041B6A
:100A1000204604EB87029161E1688847012F054673
:100A200018D1E069002820DA26F020061DE0D8F869
:100A3000180000EB800005EB40003038C8F81800C3
:100A40002046E168884705460BF05DFB0028EED1A3
:100A5000012F0AD02E2D08D12046E16888477F1C3F
:100A60000546022F46F02006C4DBA069002803DA01
:100A7000404246F00106A061F00701D026F01006C2
:100A80006C2D0BD0682D09D04C2D39D06A2D35D066
:100A9000742D35D07A2D33D016E038E0E1682F463A
:100AA00020468847B842054609D16C2F26D04FF41E
:100AB0008060E168064320468847054604E06C2FC5
:100AC0001AD04FF4807006430DB3A5F141001928E8
:100AD00002D8203546F400664A462946204626605C
:100AE0004E46FFF733FC80B101280BD0F61D26F0EF
:100AF000070000F1080956E74020E4E78020D8E726
:100B00000020D6E706F104094DE7284652E7206A9F
:100B1000BDE8F09F84B301002DE9F04791460F46F0
:100B200080460446002614F8015B2DB1FFF704FD52
:100B30000068405DC007F6D12B2D02D02D2D18D0B6
:100B4000641E4A463946204600F018FE27B139682F
:100B5000A14201D1C7F800804FF0020471050BD506
:100B60004042002803DD00F0F5F90460A007BDE86D
:100B7000F08746F48066E4E70028F8DA00F0EAF946
:100B800004606FF00040F2E72DE9F05F93460F46F6
:100B900080460446002600F0DDF9D0F80090824639
:100BA00014F8015B2DB1FFF7C7FC0068405DC0077A
:100BB000F6D12B2D02D02D2D1AD0641E0021CAF89B
:100BC00000105A463946204600F0D8FD014627B1AC
:100BD0003868A04201D1C7F80080DAF80000022886
:100BE00009D0CAF80090700505D54842BDE8F09FCD
:100BF00046F48066E2E70846F8E7401ECAB210F8FD
:100C0000011F8A4202D00029F9D10020704730B577
:100C100005460B462A4613F8014B12F8010B08B1A2
:100C2000A042F8D01CB1002802D06D1CF1E7284684
:100C300030BD40EA010310B59B070FD1042A0DD344
:100C400010C808C9121F9C42F8D020BA19BA8842AD
:100C500001D9012010BD4FF0FF3010BD1AB1D307EC
:100C600003D0521C07E0002010BD10F8013B11F822
:100C7000014B1B1B07D110F8013B11F8014B1B1B4B
:100C800001D1921EF1D1184610BD10B5431C02E0EF
:100C900010F8011B71B18107FAD14FF0013202C87F
:100CA0008C1A8C4314EAC211F9D0C01A0A0603D078
:100CB000C01E10BDC01A10BD0A0401D0801E10BD98
:100CC0000902FCD0401E10BD032A40F2308010F013
:100CD000030C00F0158011F8013BBCF1020F6244D7
:100CE00098BF11F801CB00F8013B38BF11F8013B68
:100CF000A2F1040298BF00F801CB38BF00F8013B15
:100D000011F0030300F02580083AC0F0088051F884
:100D1000043B083A51F804CBA0E80810F5E7121D8F
:100D20005CBF51F8043B40F8043BAFF30080D207AE
:100D300024BF11F8013B11F801CB48BF11F8012B7A
:100D400024BF00F8013B00F801CB48BF00F8012B9D
:100D5000704710B5203AC0F00B80B1E81850203A27
:100D6000A0E81850B1E81850A0E81850BFF4F5AF4B
:100D70005FEA027C24BFB1E81850A0E8185044BFD5
:100D800018C918C0BDE810405FEA827C24BF51F842
:100D9000043B40F8043B08BF7047D20728BF31F836
:100DA000023B48BF11F8012B28BF20F8023B48BF87
:100DB00000F8012B7047431A28BF9A427FF6C9AF4B
:100DC000104410F0030F11441EBF11F8013D521ED4
:100DD00000F8013D10F0030F7FF4F6AF103AC0F0B9
:100DE0000A8010B531E91850103A20E91850BFF4C4
:100DF000F9AFBDE81040530724BF31E9081020E9DE
:100E0000081044BF51F8043D40F8043D12F0030FB0
:100E100008BF7047D20728BF31F8023D48BF11F81C
:100E2000012C28BF20F8023D48BF00F8012C704774
:100E300002F0FF0343EA032242EA024200F002B852
:100E40004FF000020429C0F0128010F0030C00F0F3
:100E50001B80CCF1040CBCF1020F18BF00F8012B71
:100E6000A8BF20F8022BA1EB0C0100F00DB85FEA3F
:100E7000C17C24BF00F8012B00F8012B48BF00F80B
:100E8000012B70474FF0000200B51346944696467A
:100E9000203922BFA0E80C50A0E80C50B1F120018D
:100EA000BFF4F7AF090728BFA0E80C5048BF0CC03B
:100EB0005DF804EB890028BF40F8042B08BF704799
:100EC00048BF20F8022B11F0804F18BF00F8012B0B
:100ED000704700004FF0013C50F8042B51F8043BE0
:100EE0009A4215D1A2EB0C03934313EACC130BD116
:100EF00050F8042B51F8043B9A4209D1A2EB0C03A1
:100F0000934313EACC13E7D04FF00000704700BFC3
:100F1000D01A01BAB1FA81F101F0180122FA01F0F8
:100F2000CB40C1F12001DBB2C0B2C01A2CFA01F3F0
:100F3000D11A914311EAC311E6D170477047704747
:100F40007047704700487047E082002400487047AF
:100F5000F882002400487047D88200247047704708
:100F60007047704738B504460A4600206946AFF31B
:100F70000080002808BF38BD02460099204600F0D6
:100F80005DFC012038BD012000F03CBFF8B5AFF397
:100F90000080054600200C46102000BF0646A81918
:100FA000A0420DD9324669460020AFF30080070009
:100FB00008BF00F027FF0098A04218BF0546C419DB
:100FC000FFF7C0FF05600746F01D20F00700461937
:100FD000284600F00AF8B44208BFF8BDA21B31460B
:100FE0003868BDE8F84000F029BC00210160C0E984
:100FF000011070471020704730B5B0F10A024FEA77
:10100000900E71F100034EEA817EB0EB0E0061EBB1
:1010100091014FEA101E4EEA017E10EB0E0041EBEB
:1010200011114FEA102E4EEA016E10EB0E0041EB4B
:1010300011214FEA104E4EEA014E10EB0E0041EB2B
:101040001141401841F100014FEAD00040EA4170DF
:101050004FEAD10110EB80054FEA810444EA907415
:1010600044EB01046D1944EB0404521BA3414FF0FF
:10107000000348BF0A3200D530BD401C41F10001D9
:1010800030BD10B5FFF766FF006810BD10B504460F
:10109000FFF760FF046010BD09684A0501D540B242
:1010A0007047C905FCD500B2704709684A0501D5EB
:1010B000C0B27047C905FCD580B270472DE9F04732
:1010C0000D4699469246044600F1240801688806B8
:1010D00004D5E06921F01001216000E00120A84260
:1010E00001DD471B00E00027A1697A1902EB090026
:1010F000081AA0612078C00602D42046FFF734FB0E
:10110000002608E0D4E901211AF806009047206A79
:10111000401C761C20624E45F4DB2078C0060AD5C0
:101120002046FFF721FB06E0D4E90121302090475B
:10113000206A401C2062381EA7F10107F4DC07E09A
:10114000D4E9012118F805009047206A401C20626C
:10115000281EA5F10105F3DC2046FFF71BFB2078D4
:10116000000602D50220BDE8F0870120FBE71168E8
:101170000268006A530501D508700AE0D30501D55D
:10118000088006E0130603D5C217C1E9000200E09B
:1011900008600120704770472DE9FF4F0C461E463E
:1011A0004FF0FF378BB0D2E90001DDF860800A9084
:1011B0008A46C1F30A5505B93D46002108464FF05D
:1011C0000000BAF1000F00F4400005DA00EB8000E7
:1011D0004FF4400101EA50004FEA9059B9F1010F74
:1011E00000DDB9460A9850EA4A000ED044F6105085
:1011F000A5F2FF3545432F14B8F1000F1ED07542FC
:10120000291E1EDDC9F100021CE0B8F1010F4FF0EC
:10121000000001D0302103E0F24305E02154401CDE
:10122000B042FBDB30460022002121540B99C1F86B
:101230000880C1E900200FB0BDE8F08FBD1B6D1C18
:10124000DEE74A4600DA694206A800F045FD06AB33
:1012500093E8070003AB83E8070050460A9901F0C2
:1012600030FB8DE80700A0F500501F380090039870
:10127000002D0ADD42F21F014A460844002303A95B
:101280000390684601F0DCFD09E0A0F500504A46F5
:101290001F38002303A90390684601F0FBFD8DE889
:1012A00007000004000C03D04FF0FF30410800E0BD
:1012B0001046B8F1000F03D00022009215461EE040
:1012C000751E05D4FFF798FE303262556D1EF9D5B4
:1012D000B3460122084302D000227F1C04E020789C
:1012E000302801D100227F1E002A099784D01DE0FA
:1012F000112D07DAFFF780FE303262556D1C50EA7F
:101300000102F5D1084302D00098C8B10EE00021D7
:10131000681E05E0235C625C63542254401E491C35
:101320008142F7DBAB46A81B401E0990002004F861
:101330000B000B98099AC0F80880C0E9002B7AE7E7
:1013400011264FF0000857E72DE9F04F8846044674
:10135000D21D22F0070191B0D1E90001CDE90A01C7
:101360000AF005FB02460B98C00F01D02D2007E0C4
:101370002068810701D52B2002E0202101EAC0006E
:10138000032A099001D0072A05DB0346414620467F
:1013900000F0ECFB0BE12078800601D5E06900E06D
:1013A0000620B8F1650F814606D0B8F1660F18D057
:1013B000B8F1670F70D131E00020B9F1110F009042
:1013C00001DB112301E009F101030AAA01A90CA81C
:1013D000FFF7E2FEDDE90C70002609F10105834606
:1013E00047E001204B4600904FF000470AAA01A9B0
:1013F0000CA8FFF7D1FEDDE90DB00C995D46002683
:1014000010B909F101000D18B9EB050003D4C0F1C2
:10141000FF3609F10105A5EB09002BE0B9F1010F39
:1014200001DA4FF001090020B9F1110F0090484690
:1014300001DD112300E003460AAA01A90CA8FFF769
:10144000ABFEDDE90C704D46002683462078000790
:101450000AD4AB4500DA5D4601A8012D04DD41192F
:1014600011F8011C302907D04F4502DA17F1040F9B
:1014700004DA012082460FE06D1EEEE7002F02DC49
:10148000ED1B3E4403E0781CA84200DD7D1CB81B28
:1014900000F1010A4FF000472078000703D4AA4565
:1014A00001DB4FF0FF3A0021B7F1004F0DF1430887
:1014B0008DF8431024D002202B23002F01DA7F4225
:1014C0002D230A21021EA0F1010000DC5FB197FB71
:1014D000F1FC97FBF1F201FB1C7C17460CF1300C80
:1014E00008F801CDEEE7A8F1010003702188090595
:1014F00001D5452100E06521A0F1010800F8011C9B
:1015000009980FA9A1EB0807FF1D00B1012041199F
:1015100001EBEA70A1693844081A401EA0612078E6
:10152000C00602D42046FFF71FF9099828B1D4E974
:1015300001219047206A401C20622078C00622D5F5
:101540002046FFF711F91EE0002E04DBB34502DD53
:1015500001A8805D00E03020D4E901219047206A95
:10156000401C2062761CAAF101005FEA000A0AD141
:10157000FFF7ECFCC0680168405CD4E901219047AA
:10158000206A401C2062281EA5F10105DCDC07E072
:10159000D4E9012118F8010B9047206A401C206211
:1015A000381EA7F10107F3DC2046FFF7F3F803200C
:1015B00011B041E601694A1C02610878704700B524
:1015C0008FB0CDE901310021059105497944CDE97C
:1015D000031011466846FFF7DBF90FB000BD0000AD
:1015E000E5FFFFFF0A6802F8010B0A607047D1E9C6
:1015F00000239A4202D2531C0B601070704710B542
:10160000436913B1AFF3008001E0FFF7D4F8012084
:1016100010BD127800F124010A7000224A700122E4
:10162000EDE711684FF0FF32E9E70000074B70B5B6
:101630000D467B44FFF7C3FF0446284600F0BEFB7F
:1016400010B14FF0FF3070BD204670BD0FCB0000D1
:101650002DE9FF5F15468A460446DFF8AC80F84462
:101660000027D8E900103E46CDE9001010E03AF816
:1016700016106A4602A800F0A5FB411C07D021788D
:10168000890603D5E269391891420DD80744761CC2
:101690002078800602D5E069B84205DDAE42E6DB7F
:1016A0003AF816000028E2D1A069C01BA0612046CC
:1016B000FFF75AF8D8E90010CDE90010002017E034
:1016C0003AF818106A4602A800F07CFBB0F1FF3F20
:1016D00081460BD000250DF1080B05E0D4E901216E
:1016E0001BF8050090476D1C4D45F7D308F101002C
:1016F000B0428046E4DB206A384420622046FFF78F
:1017000049F8BDE8FF9F00000AA7010030B400219E
:1017100000F1240408E002F00705D208303542EA5F
:101720004372DB086554491C52EA0305F3D104688F
:10173000002310A2250707D5A40600D421B1C4694F
:1017400001230DA2641EC46130BCFFF7B7BC10B505
:10175000044621461068FFF7A8FC02462046BDE873
:1017600010400023D2E7D21D22F00701D1E9002367
:10177000CCE7000000000000300000002DE9F05F21
:10178000824615468B4600270AF10104B9460078C7
:10179000302801D09DB113E014F8010B01277828FF
:1017A00003D0582801D045B10AE00DB1102D07D162
:1017B000002714F8010B102502E0082500E00A2597
:1017C0000026B0460EE005FB080005FB06F10127E8
:1017D0001FFA80F801EB1046B6F5803F00D3B946FA
:1017E00014F8010B294600F017FA0028EBDABBF1D8
:1017F000000F05D00FB1641E00E05446CBF8004046
:10180000B9F1000F06D0FFF7A5FB02210160C81E49
:10181000BDE8F09F48EA0640FAE77CB5054600239C
:101820006846CDE9003300F023FA694628460AF0FD
:101830001BFB7CBD00487047D882002403464068EB
:101840008C46002818BF88423CBF03464068F8D346
:1018500018681844884207D00CF1030020F00700F4
:10186000001D411A521A0146081D0A60FEF79BBE70
:101870002DE9F04F04460D46D21D22F0070089B035
:10188000D0E90097484639460AF071F80246F80F49
:1018900001D02D2307E02068810701D52B2302E02A
:1018A000202101EAC0038DF820300BB1012000E0B7
:1018B0000020032A824601D0072A04DB294620465D
:1018C00000F054F93FE12078800601D40D2500E0B6
:1018D000E569C7F30A560D2D49DA00214FEA175B77
:1018E00008464FF00000002F00F4400007DA00EB3C
:1018F00080004FF4400100EBD07001EA60008115D8
:10190000012901DD4FF0FF3100224FEA850CBCF1C7
:10191000180F06D31346ACF118004FF08052C240A6
:1019200003E04FF4801323FA0CF30CF10C0CBCF120
:10193000200F04D3ACF1200C09FA0CF001E007FAF7
:101940000CF000294FF0004801DD18B90FE00ED16E
:1019500040450CD319EB02095F4121B9404502D142
:101960009F4329EA0209BBEB175F00D0761C208851
:10197000000502D57B48784402E07A48784419385B
:1019800008AA302302F80A30037C0AF10101002E74
:101990000AF1020A53546A4602DC4FF0300101E0BA
:1019A0004FF031014FF001088DF8001002D0A6F27F
:1019B000FF3603E059EA470100D06B4E002D02DCF0
:1019C0002178090704D54FF002082E218DF8011067
:1019D000C44600210BE0C7F303433F01C35C491C2D
:1019E0006D1E02F80830052908F1010801DA002D02
:1019F000F1DC00210CE000EB1973491C1B786D1E13
:101A0000082902F808304FEA091908F1010801DA3B
:101A1000002DF0DC21688B0602D516E0A8F1010844
:101A2000E04505DD02EB080313F8013C302BF5D04F
:101A3000B8F1000F09DD02EB080313F8013C2E2B6F
:101A400003D1090701D4A8F10108002D05DD3E21CD
:101A500002F808106D1E08F10108407C002E02F803
:101A6000080008F1010804DA2D20764202F8080087
:101A700002E02B2002F808000A214FF47A70864217
:101A800008F101080BDB96FBF0F3303302F8083065
:101A900096FBF0F308F1010800FB136601E0642EE9
:101AA0000CDB642096FBF0F3303302F8083096FB31
:101AB000F0F308F1010800FB136601E00A2E06DBD3
:101AC00096FBF1F0303002F8080008F1010896FBAF
:101AD000F1F001FB1060303002F80800A16908F154
:101AE000010808EB050202EB0A00081AA061207841
:101AF000C00602D42046FEF737FE216A08AE01EB8D
:101B00000A00206204E0D4E9012116F8010B904795
:101B1000BAF1010AF7D22078C00602D52046FEF7B6
:101B200023FE6E4609E016F8010B3E280FD0D4E9DB
:101B300001219047206A401C2062B8F10108F2D2CE
:101B40002046FEF727FE09B00320BDE8F08F206A8B
:101B50002844206203E0D4E90121302090476D1E23
:101B6000EBD3F8E70DA4010002FCFFFF2DE9F041E3
:101B70001F46044603260168072A01F4006004DBBF
:101B800008B116A505E016A503E008B115A500E00B
:101B900015A521F010002060A069C01EA0610FB142
:101BA000401EA0612046FEF7DFFD4FB1D4E90121C0
:101BB00038469047206A401C2062C01C206206E024
:101BC000206AFAE7D4E9012115F8010B9047761E47
:101BD000F8D22046FEF7DEFDBDE8F0814E414E0012
:101BE0006E616E00494E4600696E660010B543692D
:101BF00013B1AFF3008001E0FFF72AFD012010BD13
:101C0000128800F1240182840022C2840122EDE7BF
:101C100011684FF0FF32E9E73A2800D2303820F05F
:101C20002002412A01D3A2F13700884201D34FF0AC
:101C3000FF3070470FB4002300B589B00CA90091A4
:101C40000B99CB60214B7B440693214B7B4407933C
:101C500004236FF00042CDE901321E4A7A446B46FC
:101C60000892024600200FF099FE09B05DF814FBBF
:101C700070B506464FF0FF3015460C46324686B02A
:101C80000091CDE9010169460020049004A8FFF706
:101C9000D1FF02460498211825B108B1084600E09A
:101CA00020462860049800280DD0002A02DD009804
:101CB000884208D03246081B69460094CDE90104E9
:101CC00004A8FFF7B7FF06B070BD000025020000B2
:101CD0003D020000FD0100002DE9F0478146164657
:101CE0008AB0354878440DC88DE80D0032487844F4
:101CF000801C03AC0DC884E80D0041F69B300844FD
:101D0000372190FBF1F290FBF1F5A5F1800501FB85
:101D100012041B3C02D56442012000E00020DFF8E1
:101D200098A080460027FA44AAF1BE0A0EE0E00718
:101D30000AD03246684607EB470101230AEB8101CE
:101D400001F0A8F88DE8070064107F1C002CEED18C
:101D5000194F7F44AE3F19E0E80715D007EB041098
:101D60000DF1180A90E80E008AE80E00C068F042F3
:101D700001D1981908903246012306A903A801F061
:101D800089F803AB83E807006D10641C002DE3D1D4
:101D90004FF0010332466946B8F1000F03A802D0A4
:101DA00001F04EF801E001F075F8C9E90001C9F849
:101DB00008200AB0BDE8F08730A10100007B00F0E8
:101DC0008000704770B516460C460546FEF7B4FB1A
:101DD000036893F80101012806D0FF2C0FD8185D85
:101DE00068B101202C7070BDD3F80701324621463E
:101DF00003F2071303442846BDE8704018474FF02C
:101E0000FF3070BD10B500F061F8BDE8104000F083
:101E100057B87546FFF70EFDAE46050069465346B6
:101E200020F00700854618B020B5FEF76FFBBDE82F
:101E300020404FF000064FF000074FF000084FF031
:101E4000000B21F00701AC46ACE8C009ACE8C009C2
:101E5000ACE8C009ACE8C0098D46704710B504462F
:101E6000FEF76AFB0068005D00F0010010BD4268EB
:101E700042B1016811F8013B23B1521EC0E90012C2
:101E8000184670470121C160881E704742685AB1E8
:101E9000C368016843B983688B4205D0491E521C50
:101EA000C0E90012002070474FF0FF30704710B5B6
:101EB0000446AFF300802046BDE81040FEF7AFBAFD
:101EC000002801D00AF054BC7047000010B501286A
:101ED00005D0002103A000F09DFA012010BD09A14A
:101EE000F8E7000053494752544D454D3A204F758D
:101EF00074206F662068656170206D656D6F727902
:101F0000000000003A2048656170206D656D6F72B9
:101F10007920636F72727570746564002DE9FF4FEC
:101F200006468BB00878FF2806D0491C2D2805D01E
:101F300000244FF0000908E000200CE00124F8E73D
:101F400009EB8903491C00EB43090878FF28F7D106
:101F500014B1C9F100008146107800252C46AA462C
:101F600029462D2801D02B2804D1521C2D2813D00E
:101F7000002082468B461078FF280FD04FF0000CCF
:101F80000A21521CA5FB017804FB018105FB0C1101
:101F9000C5194BEB0104EEE70120EAE700210846F2
:101FA0004FF00000BAF1000F02D000EB80004008B3
:101FB000C0F38157012F01DD4FF0FF370E9955EA2D
:101FC000040009EB01080BD04FF0020918F5FA7F65
:101FD00016DA4FEACA70002F706008DD012007E0B2
:101FE0004FEACA70C6E900B00FB0BDE8F08F00201C
:101FF0003060FEF7AFFFC0F800901821084616E0E9
:10200000B8F5FA7F18DD002F02DAF748784401E0CE
:10201000F6487844D0E90010C6E9001040EACA70DA
:102020007060FEF797FFC0F80090142108460FB0CB
:10203000BDE8F04F0FF04BBC002108464FF0000008
:10204000B8F10001099002DAC7F1000200E03A4657
:1020500001DAC8F1000106A8FFF73EFE06AB93E8DF
:10206000070003AB83E8070044F23E005BEA04018B
:102070000090584604D144F21E012C465D46009162
:10208000210C0904014306D10099240444EA1544B3
:102090002D041039009104F07F41014306D10099CD
:1020A000240244EA15642D020839009104F07041BD
:1020B000014306D10099240144EA15742D01091F3A
:1020C000009104F04041014306D10099A40044EA84
:1020D0009574AD00891E009104F00041084304D1BD
:1020E00000986D196441401E00904FF001033A467C
:1020F0006846B8F1000FCDE9014503A902DD00F003
:10210000DEFE01E000F0B1FEBAF1000F04460D461C
:1021100001D084F00044002108464FF000000999E6
:1021200040F2FF77484010F00C0F07D124F0004038
:10213000284303D0C4F30A50B84212D1FEF70AFF75
:10214000C0F80090C4F30A50B8420AD1A8487844B5
:10215000D0E90010C6E9001004F0004108437060A7
:1021600042E7C6E900543FE72DE9FF4F1F464FF015
:10217000000A4FF0FF38454691B0D7E90146CDF847
:102180003CA0FEF7E3FEC0680168405C1090B969AE
:1021900012986D1C8847396A814688470028F6D115
:1021A000B9F1FF3F0AD0002E24F4D06411DDB9F15B
:1021B0002B0F08D0B9F12D0F0BD102E0404615B01E
:1021C00013E744F48064B96912986D1C8847761E41
:1021D0008146600504A901D52D2000E02B20002EAA
:1021E00001F1010B0DF130088DF810003FDDB9F160
:1021F000690F08D0B9F1490F05D0B9F16E0F02D0BF
:10220000B9F14E0F1CD13B4601A8009580E8500261
:10221000DDE912126FF002000FF0C4FBC11CCED139
:102220000EE0B96912986D1C884781461398761E96
:1022300044F4007405600F98401C002E0F9016DDCA
:10224000B9F1300FEDD0B9F1780F02D0B9F1580FD4
:102250000DD10F9801280AD13B46CDE90054DDE9A4
:102260001212001F02960FF09BFBC11CA7D1109900
:1022700089453ED144F0800406E01399681CAAF118
:10228000010A44F400740860B9696D1C1298761E46
:10229000884730288146F0D02BE01099894505D138
:1022A000200603D4761E44F0800418E0484609F066
:1022B0002AFF08B3761E0DF123018B4544F4007408
:1022C00008D2A9F130000BF8010B200607D5AAF1BE
:1022D000010003E0200602D40AF101008246A005B5
:1022E00002D51399681C0860B96912986D1C88475B
:1022F0008146002ED1DC53E0002E51DDB9F1650F8F
:1023000002D0B9F1450F4BD1A00549D5B9696D1C73
:102310001298761E24F440748847002E81460CDD06
:102320002B2804D0B9F12D0F07D144F48074B9697A
:1023300012986D1C8847761E8146E00501D52D2137
:1023400000E02B2108F8011BCDF8008021E0761E6B
:102350000DF13901884544F400740CD2A9F1300024
:1023600010F0FF0088F8000002D10099884509D9D3
:1023700008F1010806E0E00501D51E4801E042F23F
:102380000F708246B96912986D1C88478146139870
:102390000560002E04DD484609F0B5FE0028D6D1C0
:1023A000F96912988847FF2053468BF8000088F897
:1023B000000000200A900B9004AA0CA90AA8FFF7BD
:1023C000ADFDA00502D46FF00100F8E614F0240F73
:1023D00012D0E0071CD13868DDE90A12031D3B600A
:1023E0000068C0E9001213E034A6010026A601002F
:1023F000EAA40100F1D8FFFF0AA9684609F034FDFC
:10240000E00705D13868009A011D39600068026054
:102410002846D4E670B505460C460A2000E06D1C3F
:102420000AF0A7F935B128780028F8D102E0641C39
:102430000AF09FF914B120780028F8D1BDE8704067
:102440000A200AF096B900002DE9FF4F1F464FF011
:102450003C0987B04FF00042DDE9141001F101089A
:10246000DDF858A002EA4050039000200590834612
:10247000054604460490B969461E08988847AAF1A3
:10248000010A0290BAF1000F3BDD02982E2815D008
:102490001021FFF7C1FB00282EDB4FF0010B05993F
:1024A000014317D0B9F1000F0BDB4A46C11700F00A
:1024B000F5F905430C43A9F1040905E00120049056
:1024C0000BE008B145F0010501200590049820B902
:1024D000361D02E0049800B1361FB969089808F16A
:1024E00001088847BBF1000FAAF1010A0290C9D088
:1024F0000999C1F80080C5E70298702808D05028D3
:1025000006D0F96908988847BBF1000F14D04FE056
:10251000002002900120BBF1000F049009D0B9699E
:10252000089808F101088847AAF10109B9F1000FDC
:1025300007DCF969089888476FF001000BB0BDE827
:10254000F08F2B2804D02D280CD14FF0FF300490B1
:10255000B969089808F101088847A9F10109B9F19A
:10256000000FE6DD411CE4D00A21FFF755FB0028EF
:10257000DFDB029908F1010801EB810100EB41006A
:102580000290B969089888470A21FFF745FB099A24
:10259000A9F10109B9F1000FC2F8008001DD00289E
:1025A000E7DAF969089888470499029800FB016600
:1025B00055EA040004D004F04041090002D006E0CE
:1025C000039898E0A40044EA9574AD00B61E04F0A8
:1025D0000041080002D16D196441761E159810F073
:1025E000240F03D04FF00B095C4803E04FF028099B
:1025F0006FF07D008246564507DAAAEB0601894452
:10260000B9F1410F01DD4FF0410901200021A9F18D
:10261000010200F043F9024628400B4621400843DE
:1026200001D0012100E00021501E029143F1FF3151
:1026300028402140084301D0012000E000200299F9
:10264000834651EA0B014FD0002108464FF00000AD
:10265000039900F4400039B100EB80004FF44001D1
:1026600000EBD07001EA60008015012802DD4FF018
:10267000FF3000E013D0401C36D0029860B3BBF1AD
:10268000000F0CD14A460120002100F007F9284034
:102690002140084301D0012000E00020E0B10120EA
:1026A0004A46002100F0FAF8034640190A46614103
:1026B0002D1A8C4111D3B9F1400F09DD159810F096
:1026C000240F02D0AAF1340603E0AAF1170600E0B5
:1026D000761C00254FF0004406E05B1E42F1FF32FD
:1026E00020EA030521EA0204CAF10100B04206DA39
:1026F0001B49039808430190002000900EE0039AC4
:10270000C4F3D321E80A0A43164940EA44500A4375
:102710003146CDE90002684609F0B2FB159810F089
:10272000240F0BD01598C00715D13868DDE90012C9
:10273000031D3B600068C0E900120CE002A8694676
:1027400009F092FB1598C00705D13868029A011D5F
:102750003960006802604046F0E6000002FCFFFFBE
:102760000000F07F0000F03F2DE9FF4F92461D462C
:1027700085B04FF00041DDE9124BDDE914727F1E98
:1027800001EA4B50414940F0FF4940EA010800216D
:1027900022F020004928049102D04E2828D04CE095
:1027A0003BA0012607C88DE80700A9690698641CAC
:1027B00088477F1E014606D41DF8060018B121F097
:1027C000200181420BD0E96906988847032E34D056
:1027D000082E32D06FF0010009B0BDE8F08F761CF2
:1027E000032E01D0082EE0D1601CCAF80000DCE7FF
:1027F000A9690698641C88477F1E2AD420F020000F
:10280000412826D1A9690698641C88477F1E20D4D8
:1028100020F020004E281CD1A9690698641C884726
:102820007F1E48F4002849F48009CAF8004001D40A
:10283000282806D0E969069888475FEACB7012D04D
:1028400022E0A9690698641C88477F1E01D40028ED
:1028500003DAE96906988847BCE72928F1D1641CA6
:10286000CAF80040E9E71BF0240F07D02868049954
:10287000031D2B600068C0E9001805E02868021DF0
:102880002A600068C0F800902046A5E70000F07FAD
:10289000494E46494E49545900000000B2F1200308
:1028A0000AD5C2F1200301FA02F120FA03F300FA7B
:1028B00002F041EA0301704700FA03F14FF0000013
:1028C00070475FEA400C08BF91F0000F4FEA8C237D
:1028D0004FEAC12243EA51514FEA1C5018BF00F59C
:1028E000F0404FEA300018BF41F000415FEA6C5CF5
:1028F00000F02980BCF1FF3F08BF40F080407047E6
:10290000130C06BF12044FF0100C4FF0000C130E06
:1029100004BF12020CF1080C130F04BF12010CF1DA
:10292000040C930F04BF92000CF1020CD30F04BFF0
:1029300052000CF1010C11464FF00002A0F11F00F3
:10294000A0EB0C00704711F0004F08BF704731F04A
:1029500000413FF4D5AF0B0C06BF09044FF0100C3B
:102960004FF0000C0B0E04BF09020CF1080C0B0F0A
:1029700004BF09010CF1040C8B0F04BF89000CF19A
:10298000020CCB0F04BF49000CF1010CCCF1200369
:10299000A0EB0C0022FA03F302FA0CF241EA030165
:1029A00000F10100704720F07F4C80EA030023F023
:1029B0007F47ACEB070303F57C5300F0004003F1C5
:1029C000FF032DE980494FEA154B09B44FEA144340
:1029D00025EA0B4E24EA03480FF2042606EB1327E0
:1029E00049083E785FEA320203FB0667C7F5000735
:1029F00007FB06F64FEA54374FEAD64606F10206C1
:102A000007FB066CCCF1005C4FEA1C472CEA074C34
:102A100007FB06F40CFB06F504EB15464FEA961689
:102A200034BF00204FF000404FEAD13706FB07FCCF
:102A30004FEA1C4C0CFB0BF7D21B03FB0CF761EBB2
:102A400007010CFB0EF7B0EB074072EB17420CFBD3
:102A500008F734BFA2EB0742B2EB074261EB174124
:102A60004FEA0C444FEA910706FB07FC4FEA1C4C67
:102A70000CFB0BF7B0EBC74072EB573203FB0CF7C4
:102A800034BFA2EBC742B2EBC74261EB57310CFB3C
:102A90000EF7B0EBC70072EB57720CFB08F734BFB0
:102AA000A2EBC702B2EBC70261EB5771039F4FEA7B
:102AB000816141EA921104EBCC044FEAD1374FEA2D
:102AC000826206FB07FC42EA90124FEA80604FEAFE
:102AD0001C4C0CFB0BF7D21B03FB0CF761EB070143
:102AE0000CFB0EF7B0EB074072EB17420CFB08F73C
:102AF00034BFA2EB0742B2EB074261EB17414FEA4A
:102B00008C554FEA910704EB9C2406FB07FC4FEA27
:102B10001C4C0CFB0BF7B0EBC74072EB573203FBBE
:102B20000CF734BFA2EBC742B2EBC74261EB57319F
:102B30000CFB0EF7B0EBC70072EB57720CFB08F7FB
:102B400034BFA2EBC702B2EBC70261EB577115EBC2
:102B50004C254FEA816141EA92114FEA82624FEAC5
:102B6000D13742EA901206FB07FC44F100044FEA19
:102B700080604FEA1C4C0CFB0BF7D21B03FB0CF7DD
:102B800061EB07010CFB0EF7B0EB074072EB17424D
:102B90000CFB08F734BFA2EB0742B2EB074261EB34
:102BA000174115EB1C154FEA813141EA92414FEA7A
:102BB000823242EA90424FEA80304FEA0C7644F18A
:102BC000000448EA03434EEA0B484FF0000EB2EB14
:102BD000080C71EB030724BF624639464EEB0E0E1C
:102BE0004FF0000B0018524149414BEB0B0BB2EB7D
:102BF000080C71EB03077BF1000B24BF62463946DA
:102C00004EEB0E0E4FF0000B0018524149414BEBBA
:102C10000B0BB2EB080C71EB03077BF1000B24BF2D
:102C2000624639464EEB0E0E51EA020718BF46F0D7
:102C3000010616EB0E7655F1000254F1000103D5A2
:102C4000BDE88901BDE80088BDE88901BDE800480C
:102C5000B619524141EB0101A3F101037047808095
:102C60007F7E7D7C7B7A79787776767574737271E6
:102C700071706F6E6E6D6C6C6B6A6A69686867669E
:102C800066656464636362616160605F5F5E5E5D30
:102C90005D5C5C5B5B5A5A595958585757565655A4
:102CA00055555454535352525251515050504F4F06
:102CB0004F4E4E4D4D4D4C4C4C4B4B4B4A4A4A4956
:102CC0004949484848474747474646464545454499
:102CD0004444444343434342424242414141000051
:102CE00046EA0646A3F570534FEA164646EA4256B0
:102CF0004FEAD22242EA415210B54FEAD121A3F164
:102D0000010300F02FF820F0004000F1020C00F069
:102D1000004701EB00501146BCF5006F40EA070088
:102D200000D210BDBAF1000F0AD01CB503B44FF0A9
:102D300004004FF004014FF000000FBCBDE810404C
:102D40004FF00001BBF1010FB9BF04484FF0FF3154
:102D50000348002140EA070010BD00BFFFFFEF7FDE
:102D60000000F07F002B9C4630D477002BD01CB5A0
:102D70004FEA370703B44FF010004FF01001BAF1DB
:102D8000000F06D0BCF1000FDCBF40F0080040F09F
:102D900008014FF000000FBCBDE810400BF1010B23
:102DA000BBF1010F08BF5FEA170722BF12F1010252
:102DB00011F101014FF0004143F1000300F0004028
:102DC00043EA00007047F9D35708D0E746EA0646C1
:102DD00013F1400F4FEA16461FDD13F1200FDFBF3E
:102DE00016430A46002120335B42BED0C3F12007C0
:102DF00046EA064602FA07F74FEA164646EA07068B
:102E0000C3F1200722FA03F201FA07F721FA03F1CE
:102E10004FF0000342EA0702A7E746EA020646EA45
:102E200006464FEA164646EA0106BCBF46EA064693
:102E3000360C4FF000034FF000024FF0000194E712
:102E40002DE9804C9A46934670B491E8380007C843
:102E500031EA400C48BF34EA430C03D5FFF7A3FD29
:102E6000FFF780FFF0BCBDE8008C2DE9804C9A464E
:102E7000934670B491E8380007C831EA400C48BF67
:102E800034EA430C03D5FFF78EFDFFF729FFF0BCB2
:102E9000BDE8008C2DE9804C9A46934670B491E8C9
:102EA000380007C810F0804F08BF13F0804F03D1DF
:102EB00000F01AF8FFF756FFF0BCBDE8008C2DE9D2
:102EC000804C9A46934670B491E8380007C810F0D9
:102ED000804F08BF13F0804F03D100F005F8FFF7D3
:102EE000FFFEF0BCBDE8008C20F07F4780EA0300C5
:102EF00023F07F4C07EB0C03A3F57C5300F000405C
:102F0000A3F1FE0392F0000F00F0B38095F0000FE4
:102F100000F077802DE901494FEA11404FEA14464D
:102F200021EA004800FB06FC24EA064708FB06F6F7
:102F300007FB08F800FB07F718EB06484CEB164CAC
:102F40004FEA124B18EB07484FEA15464CEB174077
:102F500022EA0B4E0BFB06FC25EA06470EFB06F6A3
:102F600007FB0EFE0BFB07F71EEB064E4CEB164C59
:102F70004FF000061EEB074E4CEB174B18EB0B08FF
:102F800040F1000018EB0E0B58EB000840F1000078
:102F90008F1A4FF000013CBFC943661B14BFB5EB4D
:102FA000040C00213CBFC943F61B4FEA17444EEA0C
:102FB0008E0E27EA04454FEA1C4704FB07622CEA01
:102FC000074C05FB07F70CFB05F604FB0CFC16EBA6
:102FD000074642EB174216EB0C4642EB1C421BEB3A
:102FE000060658EB0202414146EA9E0601D5BDE8BD
:102FF0000189B619524141EB0101A3F10103BDE87A
:1030000001894FEA14454FEA114724EA054621EAAF
:10301000074C05FB07F406FB07F70CFB06F105FB65
:103020000CFC11EB074144EB17444FEA124711EB3C
:103030000C4144EB1C4422EA074C05FB07F206FB5B
:1030400007F70CFB06F605FB0CFC16EB074642EBFC
:10305000174216EB0C4642EB1C456A1854F100016E
:1030600048BF7047B619524141EB0101A3F101037A
:10307000704795F0000F37D04FEA11424FEA1447DE
:1030800021EA024624EA074C02FB07F106FB07F798
:103090000CFB06F402FB0CFC14EB074441EB17415C
:1030A0004FEA154714EB0C4441EB1C4125EA074C51
:1030B00002FB07F506FB07F70CFB06F602FB0CFC10
:1030C00016EB074645EB174516EB0C4645EB1C4245
:1030D000121951F1000148BF7047B619524141EB36
:1030E0000101A3F1010370474FEA14454FEA11476C
:1030F00024EA054621EA074C05FB07F106FB07F722
:103100000CFB06F24FF0000605FB0CFC12EB07422D
:1031100041EB174112EB0C4251EB1C4148BF704789
:10312000921841EB0101A3F1010370472DE9F04131
:103130000D464FF0FF3620B31DB3174C2169E1B1A6
:103140006169D1B1A169C1B1211D0B68ABB10F1D7E
:10315000396891B14FF4347201461846FDF7B4FD59
:1031600004F1100107C909F07DFD01280CD0206988
:1031700009F04AFD09A109F0A5FC14212846FDF734
:1031800081FE3046BDE8F081396814222846FDF7FB
:103190009BFD0020F6E70000A00C002461695F6E33
:1031A0006574776F726B5F72756E0000FEE70000EA
:1031B000014801F0C1BA00001C1C0024014801F0C4
:1031C000BBBA0000941C0024014801F0B5BA00000D
:1031D000A41B0024014801F0AFBA00000C1D00241C
:1031E000294A016891423AD0274A1832914236D092
:1031F000254A3032914232D0234A483291422ED071
:10320000214A603291422AD01F4A7832914226D018
:103210001D4A9032914222D01B4AA83291421ED0C0
:103220001A4A91421BD0194A1832914217D0174AB4
:103230003032914213D0154A483291420FD0134A8E
:10324000603291420BD0114A7832914207D00F4A36
:103250009032914203D00D4AA832914211D1CAB2A4
:103260001823103AB2FBF3F26FF30901032A02F0BC
:103270000703074AD25CC26500D9091D816508466B
:10328000704721F0FF01F9E71000024010040240EE
:103290000022010830B5224A012301689142CAB2D6
:1032A0001BD01F4C1434A14217D01D4C2834A1420E
:1032B00013D01B4C3C34A1420FD0194C5034A142C6
:1032C0000BD0174C6434A14207D0154C7834A1427E
:1032D00003D0134C8C34A1420CD11421114C083A68
:1032E000B2FBF1F10F4A803201F01F0504EB8101BE
:1032F000AB4010E00C4D1824103A0D44B2FBF4F131
:10330000A82D00D80831094A01F01F0402EB810101
:10331000064AA3408032603080E80E0030BD0000D5
:103320000854025800580258F0FBFDBF0008024044
:1033300010B50279531E072B2DD8174C0168A142F6
:103340001BD0154C1434A14217D0134C2834A14281
:1033500013D0114C3C34A1420FD00F4C5034A14239
:103360000BD00D4C6434A14207D00B4C7834A142F1
:1033700003D0094C8C34A14203D10849074C443195
:1033800002E00749064C443104EB8202C0E91B21EC
:1033900001219940416710BD08540258FC58025859
:1033A000FC08024010B583694FF0C074826A014680
:1033B000002053B1B3F5005F15D072B1012A0CD0D3
:1033C000022A0AD0032A09D104E01AB1012A06D040
:1033D000022A03D1C96AC90100D5012010BDC96AFA
:1033E000A142FAD010BD002AF7D0012AF2D0022A59
:1033F000F3D0032AF3D010BD2DE9F04F804E804F5B
:10340000DFF8FC911836DFF8F8A148370468856DBD
:103410000AF1300ADFF8ECB14C45DFF8ECC1DFF817
:10342000ECE16DD0B4426BD0544569D0BC4267D05A
:10343000DFF8D081A8F11808444561D05C455FD021
:1034400064455DD074455BD0DFF8C481444557D0F6
:10345000DFF8BC8108F11808444551D0DFF8B0818D
:1034600008F1300844454BD0DFF8A48108F1480842
:10347000444545D0DFF8988108F1600844453FD0C5
:10348000DFF88C8108F17808444539D0DFF8808175
:1034900008F19008444533D0DFF8748108F1A8089A
:1034A00044452DD0DFF86C81444529D0DFF8648194
:1034B00008F11408444523D0DFF8588108F12808A2
:1034C00044451DD0DFF84C8108F13C08444517D035
:1034D000DFF8408108F15008444511D0DFF834810D
:1034E00008F1640844450BD0DFF8288108F178081A
:1034F000444505D0DFF81C8108F18C08444509D10A
:10350000D0E91948C4F80480C46E1CB1D0E91C4845
:10351000C4F8048004684C452ED0B4422CD05445E5
:103520002AD0BC4228D0374E183EB44224D05C4545
:1035300022D0644520D074451ED0354EB4421BD0F5
:10354000334E1836B44217D0314E3036B44213D011
:103550002F4E4836B4420FD02D4E6036B4420BD0B9
:103560002B4E7836B44207D0294E9036B44203D061
:10357000274EA836B44215D190F85C603F2406F07F
:103580001F06B440AC600468256825F480252560DA
:103590002EE09A600068C160BDE8F08F9960006815
:1035A000C260F9E71B4EB4421BD01A4E1436B44227
:1035B00017D0184E2836B44213D0164E3C36B442BB
:1035C0000FD0144E5036B4420BD0124E6436B44273
:1035D00007D0104E7836B44203D00E4E8C36B4422B
:1035E000DAD190F85C60012406F01F06B4406C60EC
:1035F000046863608368402B0368CFD1C9E700008B
:103600001000024088000240A0000240B8000240C2
:10361000100402400854025870470FB400B5C1B0FE
:10362000429A002A0ED043AB68464FF48071FDF7F2
:1036300059F8002806DDFF2800D9FF2081B268462E
:1036400000F004F841B05DF814FB000000280CD035
:1036500000290AD00A4605490968002905D04FF01B
:10366000FF330146014804F010BC7047101B0024D2
:103670002DE9F04107000E4690464FF0000416D0A9
:10368000B8F1000F104612D0FDF7FFFA05000ED07A
:10369000AE420CD3701B86B207E038192A46414669
:1036A000FDF7C7FA30B1641CA4B2A642F5D20020DF
:1036B000BDE8F0810120FBE72DE9F05F1D461646CD
:1036C0008846814600F082FA4FF000070446B9F1BF
:1036D000000F384601D0C9F80000B8F1000F01D042
:1036E000A8F8000006B130806DB128600BE082467A
:1036F000274805224FF0000B384426A1FDF799FA20
:1037000040B17F1CBFB2781DA0424FF00000EED93F
:10371000BDE8F09F7F1D1E4AB9B26FF02F0309E08C
:103720000AEB8A074FF0010B491C03EB470789B2EC
:1037300000EB070AA14204D2505C302801D339289B
:10374000EED9BBF1000F1BD001E0491C89B2A142A8
:1037500002D2505C3A28F8D1A14211D2491C88B259
:10376000B9F1000F01D0C9F800A0B8F1000F01D0E5
:10377000A8F800000EB1211A3180231A534501D256
:103780000120C5E70DB1104428600220C0E7000009
:10379000C86800242B4950442C00000010B5EFF3FA
:1037A000108472B606484FF48061FDF749FB054866
:1037B000002141808160002C00D162B610BD000064
:1037C000C86800248801002401490020087070475F
:1037D0008801002410B5044600F0F8F9224601469D
:1037E000BDE810400148FFF743BF0000C86800244F
:1037F0002DE9F04190B088460646EFF3108772B687
:103800000E484588402D2C4600D940240C492246BC
:103810006846FDF759FA07B962B60EB1314600E0C5
:1038200008A12A4608A0FFF7F8FE4246214668464E
:1038300000F01CF810B0BDE8F08100008801002401
:10384000C86800242D0000005B5443505D2052588E
:1038500020534E415053484F54207461673D2573A7
:1038600020636F756E743D25750D0A002DE9F043D8
:103870005FEA00091546A9B00E464FF000070CD0CC
:103880005EB10DB1B54200D90D466846A02118A21F
:10389000FCF74EFF0446E84612E019A0FFF7BDFE14
:1038A00029B0BDE8F08300BF19F80730C4F1A001CA
:1038B00008EB040018A2FCF73BFF7F1CBFB20444D6
:1038C000AF4203D2002C01DD9C2CEDD3AE420AD9CD
:1038D000002C08DD9B2C06D2C4F1A00108EB0400EB
:1038E0000FA2FCF725FF10A06946FFF796FED7E769
:1038F0005B5443505D20525820484558000000005A
:103900005B5443505D20525820484558203C656D1B
:103910007074793E0D0A00002025303258000000F6
:10392000202E2E2E0000000025730D0A000000003E
:103930002DE9F04385B0064600F060F95C4C054681
:103940004FF00008A5E000BF00F058F9411BADF8AA
:103950000C80711AADF808802829CDF80480CDF8C4
:10396000108000D92821084600F040FB00287DD0B7
:1039700000F02CF904AB814602AA03A901A8FFF7C5
:103980009BFE022802D0012818D052E0049800289B
:103990004FD0A4F8048047A0A4F806804B46C4F892
:1039A0000C80BDF80C200199FFF737FE30214CA0A8
:1039B000FFF71EFF049805B0BDE8F08300F01EF984
:1039C000074600F00FF9A1883F1A894508D1BDF8D4
:1039D0000800E188884203D1E1680198884212D04A
:1039E000BDF808203FA001994B460097FFF715FE50
:1039F00030214BA0FFF7FCFEA4F80490BDF80800AE
:103A0000E0800198E060C82F40D3BDF8082047A0AF
:103A100001993B46FFF701FE302153A0FFF7E8FE76
:103A2000FFF7BCFEA4F80480A4F80680C4F80C805C
:103A30002CE0B9F1000F27D0A4F80480A4F8068088
:103A4000C4F80C8000F0C2F8070013D049A2014668
:103A50004A48FFF70DFEA8B9484849A23946FFF782
:103A600007FE78B9454848A2394600E00CE0FFF768
:103A7000FFFD38B946A04946FFF7CFFD30214EA0E3
:103A8000FFF7B6FEFFF78AFE207840B9052000F068
:103A900063FA00F0B3F8401BB042FFF455AFA4F84E
:103AA00004800020A4F80680C4F80C8083E700009E
:103AB000880100245B5443505D202B495044206C06
:103AC000656E3D256C75206F66667365743D257562
:103AD0002072785F636F756E743D25750D0A000066
:103AE000495044005B5443505D202B4950442069A9
:103AF0006E636F6D706C657465206E6565643D25E1
:103B00006C7520686176653D257520636F756E74F0
:103B10003D25752069646C653D256C750D0A0000B6
:103B20004950445F57414954000000005B544350E2
:103B30005D5B4552525D202B495044207374616C8B
:103B40006C65642064726F70206E6565643D256CE1
:103B50007520686176653D25752069646C653D2535
:103B60006C750D0A000000004950445F5354414CED
:103B70004C00000053454E44204F4B00C8680024C1
:103B800052656376200000000D0A3E0D0A00000019
:103B90005B5443505D20525820776974686F757488
:103BA000202B4950442C2064726F7020636F756E17
:103BB000743D25750D0A00004E4F5F4950440000CA
:103BC000014840787047000088010024EFF310801E
:103BD00072B600280248408800D162B670470000E3
:103BE00088010024EFF3108072B600280248806834
:103BF00000D162B6704700008801002410B50AF0B9
:103C00007DFF022803D0BDE8104001F055BDBDE89E
:103C100010400AF083BF00000148007870470000A0
:103C20008801002470B5AAB0FFF7B8FD3B4C002511
:103C300040F6B8362570657039A13AA0324600F0DA
:103C40001FF900281DD036A1324637A000F018F920
:103C5000C8B133A1324636A000F012F9A8B130A1A4
:103C6000324636A000F00CF988B10022334637A165
:103C700037A000F009F960B138A0FFF7ABFD40B103
:103C800017E0012046E0022044E0032042E0042047
:103C900040E033A00090A02130A334A201A8FCF79B
:103CA00047FD37A149F6404201A800F0E9F8002895
:103CB0002BD0FFF773FD25700D21334800F03EF93E
:103CC0004FF47A7000F092F9C82000F045F9FFF740
:103CD00065FD257012A12DA0324600F0D1F8B0B1DB
:103CE00040F25B700090A0212BA330A201A8FCF74A
:103CF0001FFD35A242F2107338A101A800F0C4F8EC
:103D000038B1657001202AB070BD052002E00620A0
:103D100000E0072060700020F5E700008801002423
:103D20004F4B00004154000041544530000000005A
:103D300041542B43574D4F44453D310041542B4393
:103D400057444843503D312C310000004F4B000098
:103D500041542B43574A41503F000000777777008A
:103D600077777731323334353600000041542B43B6
:103D7000574A41503D222573222C222573220000F0
:103D8000474F5420495000004322010841542B431F
:103D900049504D55583D30006D717474732E6865EF
:103DA000636C6F7564732E636F6D000041542B4319
:103DB000495053544152543D22544350222C222501
:103DC00073222C2575000000414C52454144592076
:103DD000434F4E4E4543544544000000434F4E4E22
:103DE0004543540070B5174C002340F2FF32618800
:103DF000914201D300216380134A4D1CADB250544F
:103E00005355658001F058FCA06010A20E48294669
:103E1000FFF72EFC90B90C480EA22946FFF728FCAC
:103E200060B909480FA22946FFF722FC30B90648BD
:103E30000FA22946FFF71CFC002801D001202070AA
:103E400070BD000088010024C8680024434C4F5313
:103E5000454400005749464920444953434F4E4E7C
:103E6000454354006C696E6B206973206E6F74005B
:103E7000434F4E4E454354204641494C00000000FC
:103E800013460022AFF300802DE9F04105001E46E5
:103E90001746884613D0287888B1FFF77FFC28465C
:103EA000FCF7F3FE81B20446284600F047F8022CE6
:103EB0000CD3281910F8021C0D2907D102E00020AC
:103EC000BDE8F08110F8010C0A2803D00648022151
:103ED00000F034F832463946404600F04BF80028EE
:103EE000EED00120ECE700004022010830B50500CB
:103EF0000C46A9B015D0A4B10BA20B46A021684670
:103F0000FCF716FC0CA140F6B8326846FFF7B8FF84
:103F1000002804D02146284600F010F8012029B0DE
:103F200030BD0020FBE7000041542B43495053456E
:103F30004E443D25750000003E000000002808D0DA
:103F4000002906D00A464FF0FF330146014803F02E
:103F50009CBF70477C1A002410B5040008D00AF0FA
:103F6000CDFD022804D12046BDE810400AF0B8BDBE
:103F700010BD00002DE9F041164688460546FFF7C2
:103F80003DFE044615B3287800B3134FFFF736FE05
:103F9000001BB0421AD22846FFF71CFC48B9B8F102
:103FA000000F09D098F8000030B14046FFF712FC2E
:103FB00010B10120BDE8F08108A0FFF70BFC28B983
:103FC00008A0FFF707FC08B9387808B10020F1E72E
:103FD0000A20FFF7C1FFD9E7880100244552524F5C
:103FE000520000004641494C000000002DE9F0411C
:103FF0000646FFF703FE104F044615E0FFF7E6FD07
:104000008046FFF7EFFDB8F1000F054607D0FFF738
:10401000F5FD401B142802D30120BDE8F08138785B
:1040200038B90A20FFF798FFFFF7E8FD001BB04200
:10403000E4D30020F1E700008801002472B6FEE717
:10404000054805490839026842F002020260086822
:104050008004FCD5704700000C480258F0B50446B7
:10406000C8074FF0000010D01E23012603F01F07E1
:1040700006FA07F50D4201D15B1EF7D27AB1082A84
:104080000BD0102A06D0182A01D00120F0BD072B32
:10409000FBD204E0082BF8D201E0102BF5D2236804
:1040A000596121688B6823F0180313438B60F0BDBE
:1040B00010B5040010D0607F20B900202077204682
:1040C00000F032F821790220607739B1D4E9021288
:1040D0002046FFF7C3FF48B1012010BD21681148F9
:1040E00048612068816821F0180181606079A0B181
:1040F000216820690861012220686369816821F0D4
:104100006001194381602068A369816821F0800102
:10411000194381606277002010BD21684FF0FF30A5
:10412000E8E70000B71DC10408B5006806498842E9
:1041300008D10648016841F400210160006800F4DC
:104140000020009008BD0000004C0258E0440258D6
:104150002DE9F84F044601F0AFFA00903CB194F815
:104160003500022806D0802161650020E4E00120AE
:10417000BDE8F88FC74DC74EC649183520683036A0
:10418000DFF81483DFF814938842DFF814A3DFF814
:1041900014B32ED0A8422CD0B0422AD0404528D00B
:1041A000484526D0504524D0584522D0BD4A183223
:1041B00090421ED0BC4A90421BD0BB4A183290425B
:1041C00017D0B94A3032904213D0B74A48329042A1
:1041D0000FD0B54A603290420BD0B34A7832904249
:1041E00007D0B14A9032904203D0AF4AA8329042F1
:1041F00009D1026822F01E0202602068426922F0A2
:104200008002426103E0026822F00E020260276829
:104210008F4238464DD0A8424BD0B04249D040459D
:1042200047D0484545D0504543D0584541D09D4A98
:10423000183290423DD09C4A90423AD09A4A183265
:10424000904236D0984A3032904232D0964A483224
:1042500090422ED0944A603290422AD0924A7832CC
:10426000904226D0904A9032904222D08E4AA83274
:1042700090421ED08D4A90421BD08C4A14329042FC
:1042800017D08A4A2832904213D0884A3C32904252
:104290000FD0864A503290420BD0844A643290420A
:1042A00007D0824A7832904203D0804A8C329742BB
:1042B00004D1206E026822F4807202607549206881
:1042C000884228D0A84226D0B04224D0404522D0EF
:1042D000484520D050451ED058451CD07149183152
:1042E000884218D07049884215D06F4918318842E9
:1042F00011D06D49303188420DD06B494831884228
:1043000009D069496031884205D0674978318842CF
:1043100001D065499031016821F0010101600EE092
:1043200001F0CAF90099401A052808D920226265CF
:104330000321002084F8351084F8340017E738682A
:10434000C007EDD1534A0121206890422ED0A842E7
:104350002CD0B0422AD0404528D0484526D05045E0
:1043600024D0584522D04F4B183398421ED04E4B84
:1043700098421BD04C4B1833984217D04A4B3033DD
:10438000984213D0484B483398420FD0464B603385
:1043900098420BD0444B7833984207D0424B90332D
:1043A000984203D0404BA833984208D194F85C70EF
:1043B0003F23A06D07F01F07BB40836007E094F820
:1043C0005C30A06D03F01F0301FA03F34360206823
:1043D00090424DD0A8424BD0B04249D0404547D042
:1043E000484545D0504543D0584541D02D4A183214
:1043F00090423DD02C4A90423AD02B4A18329042FB
:1044000036D0294A3032904232D0274A4832904240
:104410002ED0254A603290422AD0234A78329042E8
:1044200026D0214A9032904222D01F4AA832904290
:104430001ED01E4A90421BD01C4A1432904217D004
:104440001A4A2832904213D0184A3C3290420FD078
:10445000164A503290420BD0144A6432904207D030
:10446000124A7832904203D0104A8C3290420BD1DB
:10447000D4E919024260E06E30B1026822F4807221
:104480000260D4E91C024260002084F8351084F8F0
:1044900034006DE6100002405800024070000240F7
:1044A00088000240A0000240100402400854025854
:1044B0002DE9F05F28B190F83510022904D0802151
:1044C00041650120BDE8F09F904C904B0168183C7D
:1044D00018338E4ADFF83C92A1428D4CDFF838E267
:1044E0008E4FDFF83CB2DFF83CA28F4D8F4E31D0BB
:1044F00091422FD099422DD0A1422BD0494529D0AD
:10450000714527D0B94225D0DFF810C20CF1180C44
:1045100061451FD0DFF808C2ACF1600C614519D0CD
:10452000DFF8FCC1ACF1480C614513D0DFF8F0C1F5
:10453000ACF1300C61450DD0DFF8E4C1ACF1180CE2
:10454000614507D0594505D0514503D0A94201D056
:10455000B1422CD1DFF8B4C14FF0040880F83580A7
:10456000ACF1180C61451DD091421BD0994219D075
:10457000A14217D0494515D0714513D0B94211D089
:104580006648183081420DD065486038814209D0B4
:1045900063484838814205D061483038814201D0B3
:1045A0005F481838086820F001000860ABE0D1F8D7
:1045B00000C02CF00E08DFF854C1C1F80080ACF147
:1045C000180C0168614527D0914225D0994223D02B
:1045D000A14221D049451FD071451DD0B9421BD001
:1045E000DFF838C10CF1180C614515D0DFF830C187
:1045F000ACF1600C61450FD0DFF824C1ACF1480C80
:10460000614509D0DFF818C1ACF1300C614503D029
:10461000DFF80CC1ACF1180CD1F800C02CF0010C83
:10462000C1F800C0DFF8E4804FF0010C0168A8F188
:104630001808414546D0914244D0994242D0A14207
:1046400040D049453ED071453CD0B9423AD0334A7A
:104650001832914236D0324A603A914232D0304AD2
:10466000483A91422ED02E4A303A91422AD02C4AD2
:10467000183A914226D0594524D0514522D0A9421A
:1046800020D0B1421ED02A4A91421BD0284A14326F
:10469000914217D0264A2832914213D0244A3C3204
:1046A00091420FD0224A503291420BD0204A6432BC
:1046B000914207D01E4A7832914203D01C4A8C3274
:1046C000914218D1016E0A6822F480720A6090F853
:1046D0005C20816D02F01F020CFA02F24A60D0E900
:1046E00019124A60C16E31B10A6822F480720A6000
:1046F000D0E91C124A600022016D80F835C080F8B4
:10470000342001B188470020DCE600002800024088
:10471000580002407000024088000240A0000240A1
:104720007004024088040240A0040240B804024021
:1047300008540258406D70472DE9FC5F0446F74E5F
:104740000020DFF8D88300904FF41652F44808F1A7
:104750001808A56DDFF8C493DFF8C0A3016809F15C
:10476000300920680AF1480AB1FBF2F1B042019128
:104770002F68D5F800C0DFF8ACB335D04146884289
:1047800032D0484530D050452ED058452CD0E54940
:104790001831884228D0E3493031884224D0E14999
:1047A0004831884220D0E04988421DD0DE49183186
:1047B000884219D0DC493031884215D0DA49483175
:1047C000884211D0DFF860E30EF1600E70450BD027
:1047D000D54A7832904207D0D34B9033984203D0D9
:1047E000D149A83188427DD194F85C20082102F09B
:1047F0001F0201FA02F23A424AD0B04232D040459A
:1048000030D048452ED050452CD058452AD0C54AE6
:104810001832904226D0C34A3032904222D0C14A48
:10482000483290421ED0C04A90421BD0BE4A183235
:10483000904217D0BC4A3032904213D0BA4A483224
:1048400090420FD0B84A603290420BD0B64A7832CC
:10485000904207D0B44A9032904203D0B24AA83274
:10486000904203D1026802F0040202E0026802F002
:1048700008026AB1026822F00402026094F85C0047
:1048800000F01F008140A960606D40F0010060658C
:1048900094F85C00012100F01F008140394240D0B3
:1048A0002068B04234D0404532D0484530D05045E1
:1048B0002ED058452CD09B4A1832904228D0994A85
:1048C0003032904224D0974A4832904220D0964AC3
:1048D00090421DD0944A1832904219D0924A3032F8
:1048E000904200E0AFE113D08F4A483290420FD09F
:1048F0008D4A603290420BD08B4A7832904207D07A
:10490000894A9032904203D0874AA83290427DD1A2
:10491000406910F0800F04D0A960606D40F0020083
:10492000606594F85C00042100F01F00814039426A
:104930003ED02068B04232D0404530D048452ED0DD
:1049400050452CD058452AD0764A1832904226D06D
:10495000744A3032904222D0724A483290421ED07D
:10496000714A90421BD0704A1832904217D06E4A5A
:104970003032904213D06C4A483290420FD06A4A8B
:10498000603290420BD0684A7832904207D0664A33
:104990009032904203D0644AA83290424ED10068CF
:1049A00010F0020F04D0A960606D40F00400606553
:1049B00094F85C00102100F01F008140394258D06B
:1049C0002068B04234D0404532D0484530D05045C0
:1049D0002ED058452CD0534A1832904228D0514AF4
:1049E0003032904224D04F4A4832904220D04E4A32
:1049F00090421DD04C4A1832904219D04A4A303267
:104A0000904215D0484A4832904200E014E00FD05E
:104A1000454A603290420BD0434A7832904207D0E8
:104A2000414A9032904203D03F4AA832904207D187
:104A3000006800F0080006E0006872E70068B7E769
:104A4000006800F00400A0B1A96020680168490373
:104A500004D50068000308D5A16C07E00168C9050A
:104A600003D4016821F008010160216C09B12046DE
:104A7000884794F85C00202100F01F0081403942F3
:104A800079D02068B04232D0404530D048452ED051
:104A900050452CD058452AD0224A1832904226D070
:104AA000204A3032904222D01E4A483290421ED0D4
:104AB0001D4A90421BD01C4A1832904217D01A4A05
:104AC0003032904213D0184A483290420FD0164AE2
:104AD000603290420BD0144A7832904207D0124A8A
:104AE0009032904203D0104AA832904203D100681D
:104AF00000F0100002E0006800F00200B0B3A9600E
:104B000094F835000428206801680FD049037ED549
:104B1000006800032BD4616C2AE000001000024002
:104B2000F4000024700002401004024021F016013D
:104B300001602068416921F080014161206C08B961
:104B4000A06C20B12068016821F00801016094F890
:104B50005C303F21012003F01F0300229940A9602F
:104B600084F8350084F83420216D65E003E0E16BC2
:104B700009B120468847606D00287DD0606DC00770
:104B800059D02068042184F83510B0422BD040451C
:104B900029D0484527D0504525D0584523D09D4998
:104BA000884220D09B49183188421CD09949303125
:104BB000884218D09849884215D0974918318842C0
:104BC00011D09549303188420DD0934948318842FF
:104BD00009D091496031884205D08F4978318842A7
:104BE00001D08D499031016821F0010101602068F8
:104BF0000099019A491C0091914202D80168C907A5
:104C0000F6D10068C00710D003200FE0FFE701686D
:104C1000C905ACD403680121002223F0100303600E
:104C200084F8351084F83420A1E7012084F8350099
:104C3000002084F83400E16C00291DD002B0204629
:104C4000BDE8F05F0847754988421DD073491431AB
:104C5000884219D071492831884215D06F493C31BA
:104C6000884211D06D49503188420DD06B49643172
:104C7000884209D0694900E084E07831884203D055
:104C800066498C3188427DD194F85C8004270168A4
:104C900008F01F0807FA08F717EA0C0F009746D02C
:104CA0004F0744D500980F04686003D5C8033CD46F
:104CB000A16CC1E7880638D42068B0422DD0554990
:104CC0006039884229D0484527D0504525D05845DD
:104CD00023D05049884220D04E49183188421CD0F8
:104CE0004C493031884218D04B49884215D04A4946
:104CF0001831884211D04849303188420DD0464998
:104D00004831884209D0704507D0904205D098427A
:104D100003D04149A831884203D1016821F008013C
:104D200002E0016821F004010160216C84E70227A0
:104D300007FA08F717EA0C0F00974ED08F074CD5EB
:104D400000980F04686003D5C80344D4616C73E70E
:104D5000880640D42068B0422FD02E49603988425E
:104D60002BD0484529D0504527D0584525D0294932
:104D7000884222D02749183188421ED02549303137
:104D8000884200E044E018D02349884215D02249E7
:104D90001831884211D02049303188420DD01E4947
:104DA0004831884209D0704507D0904205D09842DA
:104DB00003D01949A831884203D1016821F01401B8
:104DC00002E0016821F00A010160012184F8351038
:104DD000002084F83400E16B2EE7082202FA08F282
:104DE00012EA0C0F14D0090712D5016821F00E0148
:104DF000016094F85C100120002201F01F0100FA0C
:104E000001F16960606584F8350084F8342012E7A8
:104E1000BDE8FC9F8800024010040240085402587C
:104E20002DE9F05F044600F047FC002C07467DD0DA
:104E3000E34E022120684FF00308DFF888934FF01B
:104E40000005DFF884A3B042DFF880B334D0DC4A39
:104E50001832904230D048452ED050452CD058457D
:104E60002AD0DA4A1832904226D0D84A30329042BC
:104E700022D0D64A483290421ED0D54A90421BD00A
:104E8000D34A1832904217D0D14A3032904213D0D0
:104E9000CF4A483290420FD0CD4A603290420BD078
:104EA000CB4A7832904207D0C94A9032904203D020
:104EB000C74AA83290427DD184F83510B04284F8B8
:104EC00034502ED0BE49183188422AD0484528D0C7
:104ED000504526D0584524D0BC491831884220D0AE
:104EE000BA49303188421CD0B8494831884218D07C
:104EF000B749884215D0B6491831884211D0B44913
:104F0000303188420DD0B2494831884209D0B04989
:104F10006031884205D0AE497831884201D0AC4931
:104F20009031016821F00101016008E027E100BF34
:104F300000F0C2FBC01B052801D920211CE120681C
:104F40000068C007F4D104F108002168D4E9053CE9
:104F50008E4685C809681043D4E907281F43636A51
:104F600038439C4F40EA0C001043394040EA0800A7
:104F7000042B40EA010003D1D4E90B12114308438A
:104F8000954909686FF30F01B1F1005F0FD36168B4
:104F9000A1F12902052A08D9163A032A05D9083AA7
:104FA000012A02D94F39032901D840F48010CEF8E4
:104FB000000000E023E02068676A4069042F20F0C9
:104FC000070047EA00070DD1D4E90A01074349B1B8
:104FD0002046FEF7E7F928B140206065012184F8FA
:104FE0003510CCE0206847612046FEF7F9F894F8C8
:104FF0005C203F2102F01F029140816054E0774A1B
:1050000090421BD0754B1433984217D0734B283302
:10501000984213D0714B3C3398420FD06F4B5033B2
:1050200098420BD06D4B6433984207D06B4B78336A
:10503000984203D0694B8C3398427DD184F8351067
:1050400084F83450664B0168A26801EA030E402AD6
:1050500073D0802A72D00022D4E90378D4E90531D4
:1050600042EAD70242EAD8085C4AD4E9077C48EA17
:10507000D30848EAD10141EAD701524241EA1C1162
:10508000142341EA0E01016020681044B0FBF3F0E4
:105090008000E0652046FEF7A3F894F85C2001212B
:1050A00002F01F02914041602068B04257D044494D
:1050B0001831884253D0484551D050454FD05845BB
:1050C0004DD042491831884249D040493031884258
:1050D00045D03E494831884241D03D4988423ED082
:1050E0003B49183188423AD039493031884236D06C
:1050F00037494831884232D03549603188422ED014
:105100003349783188422AD031499031884226D0BB
:105110002F49A831884222D0304988421FD02F49D8
:10512000143188421BD02D492831884217D02B4991
:105130003C31884213D002E01DE017E018E0274917
:10514000503188420BD025496431884207D0234929
:105150007831884203D021498C31884229D12046B8
:10516000FEF798F8A06880280CD00CE0102273E7B6
:105170004FF4804270E74021616584F8358001205A
:10518000BDE8F09F6560216E20790860D4E91901BF
:1051900041606068401E072808D82046FEF7C8F81E
:1051A000E06E0560D4E91C01416002E0E566256718
:1051B00065670120656584F835000020E0E70000A0
:1051C00010000240400002405800024070000240BF
:1051D000100402403F8010FE0010005C085402588A
:1051E0000F00FEFF2DE9F84F04008C464FF0000041
:1051F000009014D094F83400012812D094F835505F
:105200000120002184F83400012D0CD0C00260651B
:105210000120009084F834100098BDE8F88F012038
:10522000FBE70220F9E78C4D0226206884F8356000
:10523000A8428A4D61658A4E8A4FDFF82C82DFF8DA
:105240002C92DFF82CA2DFF82CB226D0A84224D072
:10525000B04222D0B84220D040451ED048451CD094
:1052600050451AD0584518D08349884215D08249F4
:105270001831884211D08049303188420DD07E49A2
:105280004831884209D07C496031884205D07A494A
:105290007831884201D078499031016821F00101CC
:1052A000016061462046FEF7A7F86B4920688842F6
:1052B0002CD0A8422AD0B04228D0B84226D04045AF
:1052C00024D0484522D0504520D058451ED06A4AA7
:1052D00090421BD0684A1832904217D0664A30324A
:1052E000904213D0644A483290420FD0624A6032F2
:1052F00090420BD0604A7832904207D05E4A90329A
:10530000904203D05C4AA83290420CD1026822F04D
:105310001E0242F016020260206C88B1206802680A
:1053200042F008020BE0026822F00E0242F00A028C
:105330000260206C20B12068026842F00402026022
:10534000206888424BD0A84249D0B04247D0B842EA
:1053500045D0404543D0484541D050453FD05845C1
:105360003DD0454A90423AD0434A1832904236D016
:10537000414A3032904232D03F4A483290422ED099
:105380003D4A603290422AD03B4A7832904226D041
:10539000394A9032904222D0374AA83290421ED0E9
:1053A000364A90421BD0354A1432904217D0334AC5
:1053B0002832904213D0314A3C3290420FD02F4ACB
:1053C000503290420BD02D4A6432904207D02B4A83
:1053D0007832904203D0294A8C3290420DD1206E0F
:1053E0000268D20303D5026842F480720260E06E64
:1053F00018B1026842F4807202602068884226D0A8
:10540000A84224D0B04222D0B84220D040451ED07D
:1054100048451CD050451AD0584518D016498842E6
:1054200015D015491831884211D0134930318842BE
:105430000DD011494831884209D00F496031884266
:1054400005D00D497831884201D00B49903101686F
:1054500041F001010160DFE6100002402800024037
:1054600040000240580002407000024088000240A4
:10547000A0000240B8000240100402400854025844
:105480002DE9F84F03247D4D00234FF001094FF023
:10549000B04B4FF00F0AE9E009FA03F73A4076D033
:1054A0000E7906F00306012E01D0022E18D1D0F895
:1054B00008C04FEA430ECE6804FA0EF82CEA080C36
:1054C00006FA0EF646EA0C068660D0F804C00E799D
:1054D0002CEA070CC6F300169E4046EA0C0646600E
:1054E0000E79F643B6070BD0C6684FEA43088F68BB
:1054F00004FA08FC26EA0C0607FA08F73743C760E7
:105500000E7906F00306022E12D1DE080F694FEA6B
:10551000437C00EB8606B646366A4FEADC6C0AFA34
:105520000CF807FA0CF726EA08063743CEF8207085
:105530000F7906684FEA430807F0030704FA08FCEE
:1055400007FA08F726EA0C06374307604E6816F498
:10555000403F1CD04A4E376847F002073760366834
:105560009F0706F00206009623F0030606F1B046F8
:10557000B6463F0FD6F80864DFF808810AFA07FC40
:10558000404526EA0C0603D14FF0000C41E06CE0E8
:10559000DFF8F4C0604502D14FF0010C39E0DFF8CC
:1055A000ECC0604502D14FF0020C32E0DFF8E0C001
:1055B000604502D14FF0030C2BE0DFF8D8C0604506
:1055C00002D14FF0040C24E0DFF8CCC0604502D1DA
:1055D0004FF0050C1DE0DFF8C4C0604502D14FF06C
:1055E000060C16E0DFF8B8C0604502D14FF0070C9A
:1055F0000FE0DFF8B0C0604502D14FF0080C08E0C2
:10560000DFF8A4C0604502D14FF0090C01E04FF073
:105610000A0C0CFA07FC4CEA060CCEF808C44F68DA
:10562000DBF80060FF0226EA020600D516435F465B
:10563000CBF80060D1F804C0DBF804605FEA8C2C82
:1056400026EA020600D516437E606E684F6826EA99
:105650000206BF0300D516436E602E684F6826EA27
:105660000206FF0300D516432E605B1C0A6832FA5F
:1056700003F67FF411AFBDE8F88F000080000058FA
:10568000F44402580000025800040258000802586E
:10569000000C02580010025800140258001802585A
:1056A000001C0258002002580024025801480068DB
:1056B000000C70470010005C0148806870470000D3
:1056C000E800002402488168027811448160704734
:1056D000E8000024032010B500F0FAF801F002F908
:1056E0000F4A104914681368C4F3032203F00F0330
:1056F0008A5CC95C02F01F0201F01F01D0400A4A17
:1057000020FA01F11160094908600F2000F010F83B
:1057100008B1012010BD00F09BF8002010BD000072
:105720001844025830220108F8000024F400002434
:1057300010B5102804468AB02AD20022014619204A
:1057400000F0A6F8192000F095F8154804601548F7
:10575000016841F001010160006808A900F0010042
:105760000990684601F04AF801F0AAF80E49400095
:1057700000220E4CB0FBF1F10D4840F2E73304601B
:10578000C0E90332491EC0E9011201F069FC10B101
:1057900001200AB010BD064801F0B0FCF9E7000096
:1057A000EC000024F044025840420F000000014089
:1057B000181E0024154BF0B5083B427813491A60B7
:1057C0000B680A1F23F001030B6043681360057B1D
:1057D000C67A827A437B2D07847B45EA0665C77BC0
:1057E00090F809C0067A90F800E045EAC24040EA25
:1057F000834040EA444040EA074040EA0C2040EA47
:10580000460040EA0E000860F0BD0000A0ED00E098
:10581000BFF35F8F044800210368034A23F48033F9
:10582000036070321160704724ED00E0074A40F0D9
:105830000100064970321060086840F4803008604A
:10584000BFF34F8FBFF36F8F7047000024ED00E070
:10585000074882B0016841F002010160006800223F
:105860000F2100F002000090901E02B000F010B86E
:10587000F4440258002809DB410900F01F028900A6
:10588000012001F1E0219040C1F8000170470000C3
:105890000E4BF0B41B680D46C3F30223C3F1070699
:1058A000042E00D90426191D072901D2002300E087
:1058B000DB1E012404FA06F19C40491E2940641EA7
:1058C000994014402143F0BC06F07CB80CED00E098
:1058D000064900F0070210B54FF6FF040868044BB4
:1058E000204040EA02201843086010BD0CED00E0A3
:1058F0000000FA05134970B50A68D243520705D56E
:10590000096801F00701814213D118E00A6822F00A
:10591000070202430A60FFF7CFFE0A4D4FF47A7682
:105920000446083D07E000BFFFF7C6FE001BB0427B
:1059300001D9012070BD2868C0438004F4D4002040
:1059400070BD00000C48025810B500F085FF0549F5
:105950000968054AC1F30211515C01F01F01C840FA
:1059600010BD00002044025830220108494930B5DA
:10597000484C0B1D0A68143409681D68246802F03D
:105980000303C5F30012C1F30531C4F3CC040029AD
:1059900014FB02F200EE102AF8EE400A75D03F4ADE
:1059A0009FED3D1AB7EE000A6BB1DFED3D1A012BFA
:1059B00001D0022B64D002EE101A1168F8EE422AD0
:1059C00081EEA22A21E0334C283C23689B0612D5A5
:1059D000344B246801EE901A1168C4F3C104F8EE48
:1059E000612AE34001EE903AC1F30801F8EE611A32
:1059F00081EEA22A0BE001EE901ADFED2B2A00BF08
:105A0000F8EE611A116882EEA12AC1F3080101EED5
:105A1000901A1168F8EE611A40EE811A71EE800A50
:105A200062EE200AC1F3462101EE101AB8EE411AC7
:105A300031EE001AC0EE811ABCEEE11A80ED001AB8
:105A40001168C1F3064101EE101AB8EE411A31EEA9
:105A5000001AC0EE811ABCEEE11A80ED011A11683D
:105A6000C1F3066101EE101AB8EE411A31EE000AD8
:105A700080EE801ABCEEC10A80ED020A30BD04E05F
:105A800001EE901ADFED092ABAE7002101604160BA
:105A90008160F3E728440258000000393844025876
:105AA0000024744A0090D0030024744C0024F44A6B
:105AB000494930B5484C0B1D0A681C3409681D68FB
:105AC000246802F00303C5F30022C1F30551C4F3B7
:105AD000CC04002914FB02F200EE102AF8EE400A72
:105AE00075D03F4A9FED3D1AB7EE000A6BB1DFED6E
:105AF0003D1A012B01D0022B64D002EE101A11685E
:105B0000F8EE422A81EEA22A21E0334C283C236899
:105B10009B0612D5344B246801EE901A1168C4F329
:105B2000C104F8EE612AE34001EE903AC1F30801A6
:105B3000F8EE611A81EEA22A0BE001EE901ADFED79
:105B40002B2A00BFF8EE611A116882EEA12AC1F378
:105B5000080101EE901A1168F8EE611A40EE811A00
:105B600071EE800A62EE200AC1F3462101EE101A9E
:105B7000B8EE411A31EE001AC0EE811ABCEEE11AFD
:105B800080ED001A1168C1F3064101EE101AB8EE5B
:105B9000411A31EE001AC0EE811ABCEEE11A80ED16
:105BA000011A1168C1F3066101EE101AB8EE411A2C
:105BB00031EE000A80EE801ABCEEC10A80ED020AC6
:105BC00030BD04E001EE901ADFED092ABAE70021AA
:105BD000016041608160F3E7284402580000003909
:105BE000404402580024744A0090D0030024744CAE
:105BF0000024F44A2DE9FE4F0546DFF8E48350F80F
:105C0000081B0024F64FC943019005F128002646E1
:105C100008F12408009008011DD4A86E50B1B0F519
:105C2000801F0CD0B0F5001F0ED0B0F5401F1ED065
:105C300001240FE0386840F40030386017E0019824
:105C4000022103F089FE03E00098022103F014FF13
:105C500004000CD026462888C043C00523D4A86D74
:105C600005281ED2DFE800F00C11161B1B00AA6EDF
:105C7000D8F8001021F440111143C8F80010EAE7E9
:105C8000386840F40030386009E00198002103F0E2
:105C900063FE03E00098002103F0EEFE044674B1B9
:105CA00000E0012426462888C043800528D4E86DFA
:105CB00080281ED00CDC90B140280ED114E0AA6DD3
:105CC000D8F8001021F007011143C8F80010EAE7E6
:105CD000C02813D0B0F5807F10D001240FE03868C1
:105CE00040F40030386009E00198002103F034FEF0
:105CF00003E00098002103F0BFFE04469CB1264655
:105D00002888DFF8DC92C04309F12C0940052CD427
:105D1000D5F8A800B0F5800F20D00DDCA0B1B0F50B
:105D2000001F0FD115E0EA6DD8F8001021F4E071E2
:105D30001143C8F80010E3E7B0F5C00F13D0B0F579
:105D4000000F10D001240FE0386840F400303860B4
:105D500009E00198002103F0FFFD03E00098002115
:105D600003F08AFE04467CB126462888C04300051D
:105D70002DD4D5F8AC00B0F1007F21D00EDCA8B155
:105D8000B0F1807F10D116E0D5F8A820D9F8001026
:105D900021F460011143C9F80010E6E7B0F1407F3B
:105DA00013D0B0F1806F10D001240FE0386840F4B8
:105DB0000030386009E00198002103F0CDFD03E0D8
:105DC0000098002103F058FE044674B12646286866
:105DD000C04380011FD4E86CD8B110280FD0202810
:105DE00012D0302815D0012414E0D5F8AC20D9F811
:105DF000001021F0E0611143C9F80010E7E73868AE
:105E000040F40030386004E00198022103F0A4FD62
:105E1000044674B126462888C043C0042BD4286E9B
:105E2000B0F5005F20D00DDCA0B1B0F5805F0FD1E0
:105E300015E06B48EA6C2030016821F03001114315
:105E40000160E8E7B0F5405F13D0B0F5804F10D0A7
:105E500001240FE0386840F40030386009E0019810
:105E6000002103F079FD03E00098002103F004FE17
:105E700004468CB126462888C043800429D4686E25
:105E8000B0F5403F23D010DC08B3B0F5803F14D00C
:105E9000B0F5003F0FD115E02A6ED8F8001021F4BC
:105EA000E0411143C8F80010E5E7B0F5802F0ED0AF
:105EB000B0F5A02F0BD001240AE00198012103F0D6
:105EC0004BFD03E00098012103F0D6FD044694B198
:105ED00026462888C04340042AD4D5F8B000B0F143
:105EE000405F23D010DC08B3B0F1805F14D0B0F174
:105EF000005F0FD115E06A6ED8F8001021F4E021A0
:105F00001143C8F80010E4E7B0F1804F0ED0B0F1B3
:105F1000A04F0BD001240AE00198012103F01CFDE1
:105F200003E00098012103F0A7FD044674B1264662
:105F30002888C04300041FD4286FD8B1B0F1805F17
:105F40000ED0B0F1005F10D0012414E0D5F8B020DD
:105F5000D9F8001021F0E0411143C9F80010E7E73B
:105F6000386840F40030386004E00198012103F003
:105F7000F3FC044674B126462868C043C0011ED411
:105F8000A86CD0B101280ED0022811D0032814D05B
:105F9000012413E02A6FD8F8001021F0405111437A
:105FA000C8F80010E8E7386840F40030386004E0D2
:105FB0000198022103F0D0FC0446ACB126462868C3
:105FC000DFF81CB0C043ABF11C0B400252D40548B3
:105FD000016841F480710160FFF76EFB824611E0B9
:105FE0002C44025800480258FA48AA6C016821F073
:105FF000030111430160E2E7FFF75EFBA0EB0A003B
:10600000642835D8F4480068C005F5D58CBBDFF8A6
:10601000C4A3B5F8B4100AF1240ADAF8000001F4B8
:10602000407100F44070884211D0DAF80010DAF8BC
:10603000002021F4407142F48032CAF80020DAF8DE
:10604000002022F48032CAF80020CAF80010D5F8E7
:10605000B400B0F5807F1AD1FFF72EFB029012E05A
:10606000FFF72AFB0299411A41F2883081420AD98E
:10607000032426462878DFF85CA3C0430AF1080A07
:10608000C00721D03CE0DAF800008007E8D5D5F859
:10609000B410C1F30120032858460DD0016821F443
:1060A0007C510160B5F8B420DAF80010C2F30B029D
:1060B0001143CAF80010DDE7C84A036802EA11126A
:1060C00023F47C511143ECE7E86F182816D005DC67
:1060D000A0B1082808D0102804D10AE020280DD04B
:1060E00028280BD001240AE00198012103F034FC98
:1060F00003E00098012103F0BFFC044664B126468A
:106100002878C04380071ED4A86F062819D2DFE87C
:1061100000F0160C11161616EA6FDAF8001021F0CE
:1061200038011143CAF80010EAE70198012103F091
:1061300013FC03E00098012103F09EFC04467CB1AF
:1061400000E0012426462878C04340071FD4D5F834
:106150009400062819D2DFE800F0160C1116161666
:10616000AA6FDAF8001021F007011143CAF80010F5
:10617000E9E70198012103F0EFFB03E0009801211A
:1061800003F07AFC0446A4B100E0012426462878F6
:10619000C04380062BD4D5F89000B0F1405F24D0E6
:1061A00011DC10B3B0F1805F15D0B0F1005F10D1F9
:1061B00016E0D5F89420D9F8001021F0070111431A
:1061C000C9F80010E3E7B0F1804F0ED0B0F1A04F56
:1061D0000BD001240AE00198002103F0BDFB03E08D
:1061E0000098022103F048FC044694B12646287822
:1061F000C04340062BD4D5F89C00B0F5406F24D0A6
:1062000011DC10B3B0F5806F15D0B0F5006F10D170
:1062100016E0D5F89020DAF8001021F0E0411143A3
:10622000CAF80010E3E7B0F5805F0ED0B0F5A05FCC
:106230000BD001240AE00198002103F08DFB03E05C
:106240000098022103F018FC044694B126462878F1
:10625000C04300062BD4D5F8A000B0F5C04F24D021
:1062600011DC10B3B0F5005F15D0B0F5804F10D140
:1062700016E0D5F89C20D9F8001021F4E051114324
:10628000C9F80010E3E7B0F5004F0ED0B0F5204F8D
:106290000BD001240AE00198002103F05DFB03E02C
:1062A0000098022103F0E8FB044654B12646287802
:1062B000C04300071ED4D5F88400B0F5805F0AD033
:1062C0000FE0D5F8A020D9F8001021F46041114367
:1062D000C9F80010EBE70098022103F0CDFB00B1F4
:1062E0000126D5F88420DAF8001021F4405111433A
:1062F000CAF800102878C043C00613D4D5F8980017
:10630000B0F5807F05D10098022103F0B5FB00B104
:106310000126D5F89820D9F8001021F440711143D6
:10632000C9F800102868C043000316D4D5F8A400AB
:1063300038B1B0F5803F09D0B0F5003F0BD0012453
:106340000AE00198002103F007FB03E00098022116
:1063500003F092FB04468CB126462868C0434003F4
:1063600022D4D5F88800B0F5801F11D0B0F5001FF9
:1063700013D0B0F5401F15D0012414E0D5F8A420A7
:10638000D9F8001021F440311143C9F80010E4E7B6
:10639000386840F40030386004E00098012103F0D0
:1063A0006BFB04465CB126462868C043C00323D477
:1063B000286DA8B1B0F5803F17D001241BE0D5F8B7
:1063C0008820DAF8001021F440111143CAF80010B7
:1063D000EAE700004C44025800480258CFFFFF0093
:1063E000386840F40030386004E00198022103F07E
:1063F000B3FA0446E4B126462868C043800005D4B9
:106400000098022103F038FB00B101262868C04340
:1064100080031BD4D5F88000B0B1B0F5807F0FD0D9
:10642000B0F5007F10D0B0F5407F0DD001240CE016
:106430005A482A6D016821F4803111430160DBE77D
:10644000386840F400303860ECB326462868C04312
:10645000C00207D46A6FD8F8001021F00041114340
:10646000C8F800102868C043C00008D4D5F8B82088
:10647000DBF8001021F480411143CBF800102868AC
:10648000C043800207D4EA6ED8F8001021F0807172
:106490001143C8F800102868C04340000CD4DBF852
:1064A000001021F40041CBF80010DBF80010D5F803
:1064B000BC201143CBF800102868C04308D43748EB
:1064C0006A6D016800E018E021F04051114301605D
:1064D0002868C043000208D4D5F88C20DAF80010F0
:1064E00021F440011143CAF8001028790024C04368
:1064F00000F0010020430AD00FE0D5F88020DAF840
:10650000001021F440711143CAF800109EE7019871
:10651000002103F021FA00B106462879C04300F0BB
:106520000200204305D10198012103F015FA00B1C2
:1065300006462879C04300F00400204305D10198A5
:10654000022103F009FA00B106462879C04300F0A1
:106550000800204305D10098002103F08DFA00B116
:1065600006462879C04300F01000204305D100986A
:10657000012103F081FA00B106462879C04300F0FA
:106580002000044304D10098022103F075FA00B9F9
:1065900016B10120BDE8FE8F0020FBE74C440258F5
:1065A0002DE9F05F04000F467ED0DFF83882D8F87E
:1065B000000000F00F00B8420CD2D8F8001021F013
:1065C0000F013943C8F80010D8F8000000F00F00A0
:1065D000B84269D12078844D40070AD520692968DE
:1065E00001F07001884204D9296821F0700101434B
:1065F000296020787C4E361D00070AD56069316815
:1066000001F07001884204D9316821F07001014322
:1066100031602078C0060AD5A069316801F4E061D4
:10662000884204D9316821F4E06101433160207867
:10663000DFF8B4B180060BF1080B0CD5E1695846C0
:10664000DBF8002002F07002914204D9026822F0C7
:1066500070020A430260207880070AD5E068296842
:1066600001F00F01884204D9296821F00F0101438C
:1066700029602078C0073ED05B49A2682868183995
:1066800020F47060104328606068022818D0032846
:1066900019D00968012819D0490700294ADADFF81A
:1066A00048A1AAF1080A00E044E0DAF8002022F04C
:1066B00007020243CAF80020FEF7FEFF814612E0FF
:1066C00009688903E9E709688901E6E7C905E4E79C
:1066D000FEF7F2FFA0EB090141F28830814202D9B6
:1066E0000320BDE8F09F6168DAF8000000F0380090
:1066F000B0EBC10FECD1207880070AD5E06829689B
:1067000001F00F01884204D2296821F00F010143F2
:106710002960D8F80010404601F00F01B9420BD9AA
:10672000016821F00F0139430160006800F00F009B
:10673000B84201D00120D4E7207840070AD520696B
:10674000296801F07001884204D2296821F07001A3
:1067500001432960207800070AD56069316801F09B
:106760007001884204D2316821F070010143316028
:106770002078C0060AD5A069316801F4E06188423A
:1067800004D2316821F4E061014331602078800651
:106790000CD5E1695846DBF8002002F07002914206
:1067A00004D2026822F070020A43026000F09AF8F4
:1067B0000E492A682B68C2F3032203F00F038A5C98
:1067C000C95C02F01F0201F01F01D040084A20FA04
:1067D00001F111600749086007480068BDE8F05FF3
:1067E000FEF7A6BF002000521844025830220108CC
:1067F000F8000024F4000024EC00002470B5144CD0
:106800003F220260124A24680832131D114D04F021
:106810000704446016681C1D06F4706686601668DE
:1068200006F00F06C660126802F0700202611A6874
:1068300002F0700242611A6802F4E062826122682A
:1068400002F07002C261286800F00F00086070BD9D
:10685000104402580020005230B500F043F80B4AB3
:106860000B490C4B15681468C5F3032204F00F04A0
:106870008A5C095D02F01F0201F01F01D040064A48
:1068800020FA01F119601060084630BD1844025822
:1068900030220108F8000024F400002400B5FFF7BE
:1068A000DBFF05490968054AC1F30211515C01F09B
:1068B0001F01C84000BD00001C44025830220108DE
:1068C00000B5FFF7C9FF05490968054AC1F3022170
:1068D000515C01F01F01C84000BD00001C4402587B
:1068E00030220108454970B545480968434B103BC3
:1068F00011F0380208D00111082A03D0102A0BD059
:10690000182A0BD0084670BD19688906FBD519688E
:10691000C1F3C101C84070BD3A4870BD3749374D19
:1069200018310C1D24350A68096826682D6802F0A4
:10693000030406F00102C1F30511C5F3CC0515FBF4
:1069400002F200EE102AB8EE400AE9B32F4ADFED5A
:106950002E0AB7EE001A6CB1DFED2D1A012C01D012
:10696000022C43D002EE101A1068F8EE422A81EE93
:10697000A22A1EE01C68A40611D51B6801EE901A1D
:106980001168C3F3C103F8EE612AD84001EE900A02
:10699000C1F30800F8EE611A81EEA22A0BE001EEC5
:1069A000901ADFED1C2A00BFF8EE611A106882EE23
:1069B000A12AC0F3080001EE900AF8EE611A40EE39
:1069C000201A31EE810A00E015E022EE000A10687C
:1069D000C0F34620401C00EE900AF8EE600A80EEFC
:1069E000201ABCEEC10A10EE100A70BD01EE901A1A
:1069F000DFED092AD8E7002070BD000010440258DE
:106A00000090D00300127A00000000393044025890
:106A10000024744A0024744C0024F44A2DE9F05FE9
:106A200004007DD0FF4F2078FE4D1837DFF8F49337
:106A3000103DC00748D0D9F80000396800F0380090
:106A4000102815D0182803D101F0030002280FD018
:106A50006068B0F5803F12D010B1B0F5A02F18D00B
:106A6000286820F480302860286820F4802009E01D
:106A70002868800328D560680028D2D024E02868E0
:106A800040F480302860606888B1FEF715FE064645
:106A900009E0286840F480202860F0E7FEF70CFE4B
:106AA000801B64286FD828688003F7D50CE0FEF7B8
:106AB00003FE064605E000BFFEF7FEFD801B6428CE
:106AC000F0D828688003F7D4207841F20308D54E27
:106AD0000C3E800769D5D9F80000396810F03800FD
:106AE0000ED0182801D188070AD0E06890B3296831
:106AF00021F0190101432960FEF7DEFD824631E0F5
:106B00002868400702D5E06800288AD0E168286834
:106B100020F0190008432860FEF7CEFD824607E00A
:106B2000DFE000BFFEF7C8FDA0EB0A000228B9D8DD
:106B300028684007F6D500BFFEF7B8FD40451BD8D2
:106B40002069402812D0316821F47C3141EA0030BC
:106B500030602AE018E000BFFEF7AEFDA0EB0A00AF
:106B600002289FD828684007F6D5E5E7306820F46A
:106B70007C3040F40030EBE7207C316821F0FE41AE
:106B800041EA0060E4E70DE1286820F00100286098
:106B9000FEF792FD824605E0FEF78EFDA0EB0A00AF
:106BA00002288DD828684007F6D42078C0065DD525
:106BB000D9F80000DFF86CB2396800F03800ABF1AA
:106BC000040B082810D0182803D101F00300012875
:106BD0000AD0E0690028286838D040F0800028609A
:106BE000FEF76AFD824623E02868C00523D5E069E8
:106BF000802876D11FE0206A202821D0316821F03A
:106C0000F84141EA8060306030E000BF94F8201025
:106C1000DBF8002022F07C5242EA0161CBF8001040
:106C200024E000BFFEF748FDA0EB0A00022898D838
:106C30002868C005F6D5FEF739FD4045E6D8DAE705
:106C4000306820F0F84040F08040DCE720F0800021
:106C50002860FEF731FD064605E000BFFEF72CFD7B
:106C6000801B02289DD82868C005F7D4207800072B
:106C700029D56C486169643000298046016811D0CB
:106C800041F001010160FEF717FD064605E000BF77
:106C9000FEF712FD801B0228C9D8D8F80000800733
:106CA000F6D510E021F001010160FEF705FD064672
:106CB00005E000BFFEF700FD801B022872D8D8F85F
:106CC00000008007F6D42078800623D5A06900282C
:106CD000286810D040F480502860FEF7EDFC06468E
:106CE00005E036E1FEF7E8FC801B02285AD8286848
:106CF0008004F7D50EE020F480502860FEF7DCFC1D
:106D0000064604E0FEF7D8FC801B02284AD8286813
:106D10008004F7D4207840074FD5DFF80C81D8F8ED
:106D2000001041F48071C8F80010FEF7C5FC06465B
:106D300005E000BFFEF7C0FC801B642832D8D8F8FD
:106D40000000C005F6D5374EA068603601280AD08D
:106D500008B1052813D0306820F001003060306899
:106D600020F0040002E0306840F001003060A068CC
:106D700041F2883A90B1FEF79FFC80460AE0306805
:106D800040F004003060EEE7FEF796FCA0EB08014F
:106D9000514507D830688007F6D50EE0FEF78CFC29
:106DA000804607E084E000BFFEF786FCA0EB080108
:106DB00051457DD830688007F6D4606AB0B3DFF8FB
:106DC0006480D9F8001008F120084FF6F87B08F12C
:106DD0000409C1F3C2010329A8F1040A69D00228F9
:106DE000286820F08070286003D0FEF765FC044618
:106DF00084E0FEF761FC064605E000BFFEF75CFCA0
:106E0000801B022877D828688001F7D4E26A40F214
:106E1000F331386854F8283F884340EA0210184399
:106E2000386004E01044025800480258B5E0217B65
:106E3000434622894FF4FE0C208A4FF0FE47490258
:106E4000267D521E401EA1F50071C2F308088AB2C9
:106E5000761E0CEA004042EA08020243504607EA66
:106E600006610A431A60DAF8002022F00102CAF82B
:106E70000020D9F80020266A22EA0B0242EAC60264
:106E8000C9F80020DAF80010A26921F00C011143C2
:106E9000CAF800100168E26921F0020111430160A3
:106EA000016841F480310160016841F4003101E082
:106EB00021E027E00160016841F480210160016860
:106EC00041F001010160286840F080702860FEF701
:106ED000F3FB044605E000BFFEF7EEFB001B0228B3
:106EE00009D828688001F7D557E000BFFEF7E4FB1A
:106EF000001B022802D90320BDE8F09F286880010A
:106F0000F4D44AE039680128D8F8000021D0A26AF8
:106F100001F0030393421CD1E26AC1F305118A42D6
:106F200017D1216BC0F30802491E8A4211D1616B4F
:106F3000C0F34622491E91420BD1A16BC0F3064219
:106F4000491E914205D1E16BC0F30660491E8142A2
:106F500001D00120D0E7A16C4E46D9F80000C0F363
:106F6000CC00814219D0DAF80000554620F001002B
:106F7000CAF80000FEF7A0FB4FEA0007FEF79CFBF3
:106F8000B842FBD0A26C306820EA0B0040EAC20095
:106F90003060286840F0010028600020ACE7042839
:106FA0004FF0E020016903D021F004010161704736
:106FB00041F00401FAE7704770477047F0B590F868
:106FC0003C20012A3BD01F4E012480F83C40022285
:106FD00080F83D2002681C4D5368B242D2F808C0C8
:106FE00001D0AA4203D14F6823F470033B430F68DA
:106FF00023F070031F4357600268B24213D0B2F10E
:10700000804F10D0114B9A420DD0114B9A420AD0AA
:10701000104B9A4207D0AA4205D00F4B9A4202D099
:107020000E4B9A4204D189682CF080031943916079
:10703000002180F83D4080F83C100846F0BD022059
:10704000F0BD0000000001400004014000040040C9
:1070500000080040000C00400018004000400140C3
:1070600010B5040003D094F83D0010B107E00120F2
:1070700010BD002084F83C00204600F023F80220D8
:1070800084F83D002068211D03F050FE012084F8A3
:10709000480084F83E0084F83F0084F8400084F8FB
:1070A000410084F8420084F8430084F8440084F8E6
:1070B000450084F8460084F8470084F83D0000202D
:1070C00010BD000008B50068B0F1804F12D10A4829
:1070D000016841F00101016000680022052100F013
:1070E000010000901C20FEF7D3FBBDE808401C20E7
:1070F000FEF7C0BB08BD0000E844025890F83D1000
:10710000012901D001207047174A022180F83D1063
:107110000168CB6843F00103CB600068904214D053
:10712000B0F1804F11D0114988420ED010498842E9
:107130000BD01049884208D00F49884205D00F492A
:10714000884202D00E49884207D181680D4A114019
:10715000062906D0B1F5803F03D0016841F0010156
:107160000160002070470000000001400004004062
:1071700000080040000C00400004014000180040DE
:10718000004001400700010070B5044690F83C0043
:107190000025012814D03A4B012684F83C600220D7
:1071A00084F83D0022689068184020F47F40906089
:1071B000086870282FD010DC10F00F0F03D022E0E9
:1071C0004FF0020070BD4FEA2012072A1BD2DFE801
:1071D00002F0535353534B394100B0F1101F4BD0C1
:1071E00009DCB0F5805F0FD0B0F5005F1ED0B0F5C0
:1071F000801F08D140E0A0F5801120393CD0102933
:107200003AD0202938D0012584F83D60002084F848
:107210003C00284670BD4A682068D1E9021303F09B
:10722000EBFD2068816841F0770109E04A68206839
:10723000D1E9021303F0E0FD2068816841F4804148
:107240008160E1E7CA684968206803F0E9FD2068C9
:10725000502106E0CA684968206803F0F2FD206802
:10726000602103F0D3FDCFE7CA684968206803F0C6
:10727000D7FD20684021F4E7226801461046F0E778
:1072800088FFCEFF70472DE9F041044600680027D3
:10729000C6680569A90713D5B10711D5FA1E0261A1
:1072A00001212177206880698007204602D0FFF7FE
:1072B000E9FF04E000F08BF8204600F089F827771A
:1072C000680716D5700714D5226802206FF00401F4
:1072D000116120772068806910F4407F204602D039
:1072E000FFF7D0FF04E000F072F8204600F070F8DD
:1072F0002777280715D5300713D5226804206FF0AB
:107300000801116120772068C0698007204602D0FB
:10731000FFF7B8FF04E000F05AF8204600F058F8F4
:107320002777E80616D5F00614D5226808206FF0F6
:107330001001116120772068C06910F4407F204659
:1073400002D0FFF79FFF04E000F041F8204600F074
:107350003FF82777E80708D0F00706D021686FF0DC
:1073600001000861204600F035F8280601D4A80481
:1073700008D5300606D521686FF402500861204612
:10738000FFF71AFEE80508D5300606D521686FF428
:10739000807008612046FFF70EFE680608D570066B
:1073A00006D521686FF040000861204600F01CF807
:1073B000A8060AD5B00608D521686FF0200008613C
:1073C0002046BDE8F041FFF7F8BDBDE8F081704709
:1073D0007047000000680349884201D1FEF772B986
:1073E0007047000000000140704730B590F88410ED
:1073F000012918D0012280F884202421C0F88810A7
:107400000022202401680B680D6823F0005325F04A
:1074100001050D60426601680B60C0F8884080F885
:107420008420104630BD022030BD10B50446D0F88F
:107430008C00202801D0022010BD61B15AB1012377
:10744000E36600202067204604F0FAF80028F3D114
:10745000E16E012901D0012010BD226810211162C6
:10746000226852E8001F41F0100142E80013002B8F
:10747000F6D110BD70B500680D4633494FF00004D9
:1074800088425FD1314E04E0305DFCF7ABFC641CF8
:10749000A4B2AC42F8D34FF480742C482146F9F7DB
:1074A000F1FC2A49224601F55470FFF7BEFF08B1EE
:1074B000FCF7C4FD26482749006888423AD0254990
:1074C0001831884236D023493031884232D02149A0
:1074D000483188422ED01F49603188422AD01D4948
:1074E0007831884226D01B499031884222D01949F0
:1074F000A83188421ED0184988421BD0164918313D
:10750000884217D014493031884213D0124948318B
:1075100088420FD01049603188420BD00E49783133
:10752000884207D00C499031884203D00A49A831DB
:10753000884203D1016821F0080102E0016821F0CE
:107540000401016070BD0000001401402C170024EC
:107550000C1D00241000024010040240704770B55A
:10756000044690F8840001281DD0012284F884206C
:107570002420C4F8880020680568026822F001020F
:1075800002602068826822F060620A4382602046BE
:1075900003F0E2FC2268202100201560C4F8881066
:1075A00084F8840070BD022070BD70B5044690F868
:1075B000840001281DD0012284F884202420C4F8EE
:1075C000880020680568026822F0010202602068D5
:1075D000826822F060420A438260204603F0BCFCCD
:1075E0002268202100201560C4F8881084F88400E7
:1075F00070BD022070BD7047704770B501680446C9
:10760000D0F888001025D4F88C608968090618D550
:10761000212816D12068083050E8001F21F0800191
:1076200040E80012002AF5D1E06F38B1FCF790FD78
:1076300020B1E06FFDF77EF8202823D0204603F02C
:1076400011FE2068806840061AD5222E18D12068C5
:10765000083050E8001F21F0400140E80012002AE5
:10766000F5D1D4F8800040B1FCF772FD28B1D4F810
:107670008000FDF75FF8202804D0204603F0C8FD05
:10768000002070BDC4F89050032070BD704700000A
:107690002DE9F04107680025044640F60F03022655
:1076A000F8693968BA6818420AD183067ED501F0B4
:1076B000200302F0805C53EA0C0377D0616F7EE117
:1076C000D44BDFF854C3134001EA0C0C53EA0C0C02
:1076D0006CD05FEAC07C0CD05FEAC15C09D54FF08A
:1076E000010CC7F820C0D4F8907047F00107C4F827
:1076F0009070870709D5D70707D027683E62D4F86E
:10770000906046F00406C4F8906046070AD5D60794
:1077100008D0276804263E62D4F8906046F002063E
:10772000C4F8906006070CD501F020061E4308D06F
:10773000266808233362D4F8903043F00803C4F875
:10774000903003050BD54B0109D526684FF4006333
:107750003362D4F8903043F02003C4F89030D4F86A
:107760009030002B3DD0800609D501F0200002F0BA
:107770008051084303D0616F09B1204688472168D2
:10778000D4F890008968490602D410F0280F2AD056
:10779000204603F03DFD2068806840061ED5206825
:1077A000083050E8001F21F0400100E021E040E8EF
:1077B0000012002AF3D1D4F8800078B1974901650E
:1077C000D4F88000FCF774FE00280AD0D4F88000BA
:1077D000016D00E02046BDE8F04108472046FFF774
:1077E00055FFBDE8F0812046FFF750FFC4F89050E8
:1077F000F7E7D4F86CC02023BCF1010F7ED15FEA1B
:10780000C06C7BD55FEAC16C78D5102038622068E7
:107810008068400673D5D4F880208149106888427A
:1078200034D07F491831884230D07D493031884288
:107830002CD07B494831884228D079496031884230
:1078400024D077497831884220D0754990318842D8
:107850001CD07349A831884218D07249884215D08B
:1078600070491831884211D06E49303188420DD0AC
:107870006C494831884209D06A496031884205D054
:1078800068497831884201D06649903140684FF4A8
:1078900080770004000C40D0B4F85C1081423CD9E1
:1078A000A4F85E00D069B8422FD0216851E8000FDB
:1078B00020F4807041E80002002AF6D120680830E8
:1078C00050E8001F21F0010140E80012002AF5D124
:1078D0002068083050E8001F21F0400140E8001205
:1078E000002AF5D1C4F88C30E566206850E8001F06
:1078F00021F0100140E80012002A01E04AE019E0FE
:10790000F3D1D4F88000FCF723FC2667B4F85C00C0
:10791000B4F85E10401A81B208E0B4F85C108142FD
:107920007FF466AFD069B842FAD126672046FFF7E8
:10793000A1FD56E7B4F85C00B4F85E10B4F85E2020
:10794000401A81B2002AF4D00029F2D0226852E80D
:10795000000F20F4907042E80007002FF6D1324F5C
:10796000206800F1080050E8002F02EA070240E812
:10797000002CBCF1000FF3D1C4F88C30E5666567CC
:10798000226852E8000F20F0100042E80003002BAC
:10799000F6D1CAE7C60209D5560207D54FF48010C2
:1079A00038622046BDE8F041FFF726BE06060AD53C
:1079B00001F0800602F40002164304D0A16F0029F2
:1079C0007FF408AF0DE7420611D54A060FD52046D1
:1079D000016851E8002F22F0400241E80024002C09
:1079E000F6D1C0F88830856700F0A7FAF9E6020200
:1079F00006D54A0004D52046BDE8F041FFF7FBBD9F
:107A0000C00196D5002994DA2046BDE8F041FFF781
:107A1000A5BD000001000010200100040FB1000806
:107A20001000024010040240FEFFFFEF10B50400FA
:107A300003D0D4F8880010B107E0012010BD002069
:107A400084F88400204600F027F82420C4F8880039
:107A50002068016821F001010160A06A10B1204690
:107A600003F09CFA204603F015FC0128E6D02068BC
:107A7000416821F4904141602068816821F02A0129
:107A800081602068016841F0010101602046BDE885
:107A9000104003F0E7BA00002DE9F04FB7B00646FA
:107AA000142130A8F9F7EEF9C0216846F9F7EAF990
:107AB000D04C0227D0494FF480693068083CCD4D46
:107AC0004FF00008884244D10021CDF8788002228E
:107AD0006846CDE90021FEF78DF808B1FCF7AEFA53
:107AE000286840F400202860286800F400203590C1
:107AF000206840F00400206020680821454600F01E
:107B0000040035904FF440603090CDE93178CDE9F4
:107B10003381BA4830A9FDF7B3FCB94C3F22B949CB
:107B2000204684E82600C4E903596561A561E56142
:107B300025626562FDF774F908B1FCF77FFAC6F8B3
:107B4000804000220521A6633420FDF7A1FE3420E9
:107B500052E0AD49DFF8B4B2884252D10020CDF8EE
:107B60007C800121CDE900106846FEF743F808B19A
:107B7000FCF764FADBF8001041F01001CBF80010BC
:107B8000DBF8000000F010003590206840F00200A3
:107B90002060206830AA042100F0020035904FF4E4
:107BA000404082E88101CDE93381994830A9FDF751
:107BB00067FC934C29229349783430392046216060
:107BC0004FF48031C4E90128C4E90389C4F8148062
:107BD000C4F81880C4E90781C4F82480FDF720F9AF
:107BE00008B1FCF72BFAC6F8804000220521A663F5
:107BF0002520FDF74DFE2520FDF73CFE37B0BDE802
:107C0000F08F84494FF0070A88422DD10020CDF82B
:107C100078800221CDE900106846FDF7EBFF08B13E
:107C2000FCF70CFA286840F400302860286800F45B
:107C300000303590206840F001002060206830AAB4
:107C40000C2100F0010082E88201CDE934A07248E5
:107C500030A9CDF8CC80FDF713FC002205212620A9
:107C6000FDF716FE2620C7E76C49884245D1002063
:107C7000CDF878800222CDE900206846FDF7BAFFF2
:107C800008B1FCF7DBF9286840F4802028602868F8
:107C900000F480203590206840F0020020602068C9
:107CA00030A9454600F0020035904FF44060309016
:107CB000CDE931785648CDE9338AFDF7E1FB504CE8
:107CC0002D225049F0341839204684E82600C4E9B2
:107CD00003596561A561E56125626562FDF7A0F85C
:107CE00008B1FCF7ABF9C6F8804000220521A66375
:107CF0002720FDF7CDFD27207EE74949884249D15D
:107D00000020CDF87C800121CDE900106846FDF708
:107D100071FF08B1FCF792F9DBF8001041F0200187
:107D2000CBF80010DBF8000000F020003590206850
:107D300040F004002060206830A900F00400359075
:107D4000C02081E881012D48CDE9338AFDF798FBF9
:107D5000344C47222B492046183184E80601C4E9F7
:107D60000389C4F81480C4F81880C4F81C80C4F8CF
:107D70002080C4F82480FDF753F808B1FCF75EF9C1
:107D8000C6F8804000220521A6634720FDF780FD4C
:107D9000472031E7244988427FF430AF0020CDF8F6
:107DA00078800221CDE900106846FDF723FF08B175
:107DB000FCF744F9286840F080402860286800F00B
:107DC00080403590206840F020002060206830A975
:107DD00000F020003590C02081E881011348CDE9F2
:107DE000338AFDF74DFB002205215220FDF750FD9F
:107DF000522001E7E8440258004C004000080258B5
:107E0000A41B00244000024000100140F04402582E
:107E1000000402580044004000000258004800409E
:107E2000001401400C1D002400780040001402588A
:107E300010B50F4904460068884208D10D48C82192
:107E4000F8F7FEFF0B49C8220B48FFF7EEFA0B4983
:107E5000206888420AD10A48C821F8F7F1FFBDE836
:107E600010400749C8220748FFF7DFBA10BD0000DD
:107E700000100140641E0024C01800240048004087
:107E80002C1F0024E819002470472DE9F84304460C
:107E9000D0F88800984616460D46202802D00220C9
:107EA000BDE8F883A5B19EB10021C4F8901021204F
:107EB000C4F888001834FDF7FFFB814654F8100C15
:107EC000A687E6872027183CB0F5805F02D003E044
:107ED0000120E5E7206910B12E46002510E00026BC
:107EE0000EE08021204603F0FFFBC0B9DEB116F89A
:107EF000010B21688862B4F85600401EA4F85600B1
:107F0000B4F856004B464FF00002CDF80080002830
:107F1000E7D14FF04001204603F0E6FB48B1C4F83A
:107F200088700320BCE735F8020B2168C0F3080015
:107F3000E0E7C4F888700020B2E77047FEE710B5AC
:107F400004000BD0207B012803D1206808B1F8F78A
:107F50002AFB002020606060A060207310BD00003C
:107F60005FF0010200F07F030B70C00909D0521CC2
:107F700043F08003042A01F8013BF3DD4FF0FF30AA
:107F80007047104670472DE9F04104000F464FF04E
:107F9000000611D02068002510B10220207306E0F1
:107FA0000846F8F7D1FA20600121217310B1C4E925
:107FB000015706E06560A560BDE8F0812068855541
:107FC000761CBE42FAD3F7E72DE9FF4F83B09846FF
:107FD0004FF00005DDE9129A109E159C0398A0B39E
:107FE000049890B3059880B37CB3F8F74EFE87B23F
:107FF0000398F8F74AFE80B200900498F8F745FE1F
:108000001FFA80FB009807F10A01014401EB0B0005
:10801000002E00F1060086B200D00225B9F1000F53
:1080200026D0BAF1000F23D04846F8F72EFE80B2D2
:1080300001905046F8F729FE119980B245F00405E9
:10804000012907D0022908D009E0FFE7012007B085
:10805000BDE8F08F45F0080501E045F010051499E2
:1080600009B145F02005019931440844001D86B24C
:1080700045F0C0000190711D2046FFF784FF216884
:1080800089B160681023421C62600B54D4E900017E
:1080900001443046FFF764FF002806DA2046FFF768
:1080A0004EFF0320D3E70220D1E761680422084491
:1080B000606022A1204600F0EDF9D4E900200423FD
:1080C000411C61601354D4E900504FEA1822431C4C
:1080D0006360019B2B54D4E90050431C63602A5415
:1080E000D4E90030421C62603A4603F800800599EA
:1080F000204600F0CFF9B9F1000F12D0BAF1000F0D
:108100000FD04846F8F7C1FD82B24946204600F03C
:10811000C1F95046F8F7B9FD82B25146204600F049
:10812000B9F9009A2046039900F0B4F904995A4627
:10813000204600F0AFF9002089E700004D5154546B
:10814000000000002DE9F05F5FEA010B1E46924639
:1081500080460A9F0D9C33D0BAF1000F30D074B323
:108160005846F8F792FD1FFA80F909EB060000F176
:10817000020085B20FB1AD1CADB22046691DFFF7FC
:1081800002FF2268F2B10B98790600284FEA1160CD
:1081900040F0300001D040F0010061684B1C63608A
:1081A0005054D4E9000101442846FFF7D9FE0028C5
:1081B0000ADA2046FFF7C3FE0320BDE8F09FFFE781
:1081C0000120FAE70220F8E761684A460844594668
:1081D0006060204600F05EF967B1D4E900504FEAD4
:1081E0001823421C62602B54D4E90030421C6260A8
:1081F00003F80080D4E90001324608445146F8F7FC
:1082000063FD6068304460600020D6E72DE9F047E8
:1082100016001F468A468146089C4FF002084FF020
:10822000000501D007B174B90120BDE8F08700BF97
:1082300056F8250010B3F8F728FD4044C01C6D1C0B
:108240001FFA80F8EDB2BD42F2D308F105012046D5
:10825000FFF799FE216899B160688223421C626031
:108260000B54D4E9000101444046FFF779FE002891
:1082700008DA2046FFF763FE0420D6E70220D4E7A1
:108280000320D2E7D4E900354FEA1922284400F14F
:10829000010CC4F804C000251A54D4E90030421C73
:1082A000626003F8009011E056F82500F8F7EDFC45
:1082B00082B256F82510204600F0ECF8D4E90020F0
:1082C0006D1CEDB2411C616002F800A0BD42EBD311
:1082D0000020AAE7F0B504004FF0FF354FF0000092
:1082E0004FF001031AD0CAB1002717605E0513E0F2
:1082F00014F800C017680CF07F0C0CFB03771760B4
:10830000275C3F0601D4401CF0BDDB01B34202D321
:108310006FF00100F0BD401C8842E9DB2846F0BD4B
:1083200038B504004FF00000009004D0204600F063
:1083300082F8022801D0012038BD04216A46601C61
:10834000FFF7C8FF002802DB0099022901D20220B2
:1083500038BD2044807838BD2DE9F84F0400984698
:1083600016460F46DDE90B95DDF828A04FF0000B0F
:10837000CDF800B004D0204600F05DF8032802D00C
:108380000120BDE8F88F04216A46601CFFF7A2FFB8
:10839000002801DA0220F4E7009B411C022B01D2E5
:1083A0000320EEE704EB010C8A1CBCF8001049BA6C
:1083B00001F1020C634517D3B1B10FB1A3183B60B3
:1083C00006B1318011442378B9F1000FC3F34102A3
:1083D00001D089F8002082B1009A8B1C0244521C03
:1083E0009A4203D20520CCE70420CAE71DB16218E7
:1083F000128852BA2A80891C02E00DB1A5F800B09B
:10840000B8F1000F02D06318C8F80030BAF1000FBD
:1084100005D0009A1044401A401CAAF80000002021
:10842000AFE700B518B100F006F8042801D001202C
:1084300000BD002000BD20B100780009411E0E29BA
:1084400000D3FF20704738B504004FF000000090C3
:1084500004D02046FFF7EFFF092801D0012038BDE6
:1084600004216A46601CFFF735FF002802DB0099F3
:10847000032901D2022038BD0144C01C491C03E07D
:10848000225C802A04D0401C8142F9D8002038BDEB
:10849000032038BD70B5040015461BD02268002AA1
:1084A00018D060682B0A002900F101066660135499
:1084B000D4E9003000F1010262601D540AD0002DA1
:1084C00008D0D4E9000210442A46F8F7FDFB6068A2
:1084D0002844606070BD00000A480021084B01225A
:1084E00010B5036001714171416102628161FBF766
:1084F000DFFD002803D0BDE81040FBF79FBD10BD95
:10850000004C0258BC140024154808B5016841F01D
:108510000101016000680022052100F001000090C7
:108520000B20FDF7B5F90B20FDF7A4F9002205217A
:108530000C20FDF7ADF90C20FDF79CF90022052178
:108540000D20FDF7A5F90D20FDF794F90022052176
:108550000E20FDF79DF9BDE808400E20FDF78AB911
:10856000D844025803220021012010B508F0D9FC9C
:10857000144C0121144AA061084606F031FB124A4E
:10858000022160611020183A06F0FEFA0E4A00211E
:1085900020610E48843A06F06FFB0B4A00216060B0
:1085A0000B48603A06F068FB074A0021A0600948C2
:1085B0003C3A06F061FBE060BDE810400648FEF77B
:1085C0009DBD0000000000245C1A010879A7000886
:1085D00085A7000821A80008E0140024114808B568
:1085E000016841F004010160016801F0040100919B
:1085F000016841F080010160016801F08001009193
:10860000016841F001010160016801F00101009180
:10861000016841F002010160006800F00200009072
:1086200008BD0000E044025810B588B01748002487
:1086300041F2BF224FF0804142F20F730094019447
:108640000294039404940594069480E81600C0E90B
:1086500003348461FEF704FD08B1FBF7EFFC4FF42F
:108660008050009009486946FEF78EFD08B1FBF77F
:10867000E5FC064804A904940694FEF79FFC002834
:1086800001D0FBF7DBFC08B010BD0000E0140024B3
:108690001A48002110B5184C0C224FF4E133046045
:1086A000C0E90131C160C0E904128161C1610162A8
:1086B00041628162FFF7BAF908B1FBF7BFFC0F48CE
:1086C0000021FEF772FF08B1FBF7B8FC0B48002150
:1086D000FEF745FF08B1FBF7B1FC0848FEF785FE41
:1086E00008B1FBF7ABFCBDE8104005494FF4007240
:1086F0000248FEF79ABE0000004C00402C180024EF
:108700002C1500241848002110B5164C0C224FF4EB
:10871000E1330460C0E90131C160C0E90412816144
:10872000C161016241628162FFF780F908B1FBF724
:1087300085FC0D480021FEF738FF08B1FBF77EFCF1
:1087400009480021FEF70BFF08B1FBF777FC06484C
:10875000FEF74BFE002803D0BDE81040FBF76EBCCF
:1087600010BD000000780040101B002419480021B3
:1087700010B5174C0C224FF4E1330460C0E901310D
:10878000C160C0E904128161C1610162416281621C
:10879000FFF74CF908B1FBF751FC0E480021FEF73A
:1087A00004FF08B1FBF74AFC0A480021FEF7D7FE98
:1087B00008B1FBF743FC0748FEF717FE08B1FBF7CB
:1087C0003DFCBDE810400449C8220248FEF72DBE1A
:1087D00000100140C0180024641E00241848002125
:1087E00010B5164C0C224FF4E1330460C0E901319E
:1087F000C160C0E904128161C161016241628162AC
:10880000FFF714F908B1FBF719FC0D480021FEF73A
:10881000CCFE08B1FBF712FC09480021FEF79FFED1
:1088200008B1FBF70BFC0648FEF7DFFD002803D07C
:10883000BDE81040FBF702BC10BD00000044004042
:10884000541900241948002110B5174C0C224FF47C
:10885000E1330460C0E90131C160C0E90412816103
:10886000C161016241628162FFF7E0F808B1FBF784
:10887000E5FB0E480021FEF798FE08B1FBF7DEFB92
:108880000A480021FEF76BFE08B1FBF7D7FB07484B
:10889000FEF7ABFD08B1FBF7D1FBBDE81040044982
:1088A000C8220248FEF7C1BD00480040E819002474
:1088B0002C1F00243F48002110B53D4C0C224FF4E2
:1088C000E1330460C0E90131C160C0E90412816193
:1088D000C161016241628162FFF7A8F808B1FBF74C
:1088E000ADFB34480021FEF760FE08B1FBF7A6FBA4
:1088F00030480021FEF733FE08B1FBF79FFB2D48FF
:10890000FEF773FD08B1FBF799FB2B494FF480721A
:108910002848FEF78AFD08B1FBF790FB2748284955
:10892000006888423AD026491831884236D0244916
:108930003031884232D02249483188422ED02049F5
:10894000603188422AD01E497831884226D01C499D
:108950009031884222D01A49A83188421ED0194944
:1089600088421BD017491831884217D01549303139
:10897000884213D01349483188420FD011496031E1
:1089800088420BD00F497831884207D00D49903189
:10899000884203D00B49A831884203D1016821F0F5
:1089A000080102E0016821F00401016010BD00002F
:1089B000001401407C1A00242C1700240C1D0024F4
:1089C000100002401004024004A010B5F7F7A4FE06
:1089D000BDE81040094803F089BF00000D0A544566
:1089E0004D504C415445202D20696E697469616C6D
:1089F000697A6174696F6E0D0A000000AC0C002486
:108A0000FEE70000034810B5007808B900F006F84A
:108A1000014810BD940F0024581400240A484FF454
:108A2000A56110B5F8F72EFA074C0021052084F84F
:108A3000C41484F8C50484F8C60484F8C70405F097
:108A400087FD0120207010BD940F0024062803D25A
:108A5000024951F82000704701A07047801A0108B0
:108A6000756E6B6E6F776E00F0B5574C06468DB025
:108A7000207808B9FFF7D2FF544D002E72D094F839
:108A80001A0500286ED1304605F062FE96ED020A06
:108A90008DED060A96ED030A8DED070A96ED040AA0
:108AA0008DED080A96ED050A8DED090A96ED060A88
:108AB0008DED0A0A96ED070A8DED0B0A94F8C404B1
:108AC000F0B301284AD000216A4606A804EB8103CE
:108AD00000EB810603F5806396ED000AD3ED320AC0
:108AE00002EB8107491C30EE600A062987ED000A77
:108AF000ECD33648182269461C30F8F72AF99FED66
:108B0000340A5FF00000694601EB8002401CD2EDA0
:108B1000000A062800EEA00AF6D3F1EE080A2B4858
:108B20000E4680EE201AC43880ED451AB4F82605AA
:108B30001E2818D200EB4000182204EBC00000E011
:108B400009E000F5C870F8F704F9B4F82605401CF0
:108B5000A4F8260514E0012084F8C40406A805F052
:108B60009FFD27E02CE01B494FF42E72A1F1180065
:108B7000F8F721F91548182231467C38F8F7E9F85A
:108B800094F8C404002602280AD0A0884FF6FF718A
:108B9000884201D2401CA08080B205280DD209E095
:108BA000B4F826051E2805D305F0FCFC032084F844
:108BB000C40404E005F0EAFD02E005F0F3FCA68041
:108BC0000DB02846F0BD0000940F00245814002476
:108BD000000000003C110024FFF720BF00B101207D
:108BE000014908707047000023000024052803D2C3
:108BF000024951F82000704701A070476C1A010823
:108C0000554E4B4E4F574E5F535441544500000054
:108C10000149002008707047240000240149012008
:108C2000087070472400002400B58DB0142108A8F6
:108C3000F8F728F9EFF3108072B61A4900220028DD
:108C400008780A7000D162B6002828D0164808A912
:108C5000FAF76CFA1548F7F75FFD9DED0C0A14A0C2
:108C6000B7EEC00A8DED060B9DED0B0AB7EEC00AFC
:108C70008DED040B9DED0A0AB7EEC00A8DED020BD7
:108C80009DED090AB7EEC00A8DED000B9DED080AB7
:108C9000B7EEC00A53EC102BF7F73EFD01200DB0E4
:108CA00000BD0000240000249C1E010828C5010806
:108CB000252E36662C252E36662C252E36662C253E
:108CC0002E36662C252E36660D0A0000FEE70000C3
:108CD0000149002008707047980100242DE9F041F7
:108CE0008029164607460D461C4600D37F25FF2CDB
:108CF00000D9FF2411488021F8F7A2F80F484FF45B
:108D000080718030F8F79CF82FB125B10B482A46C6
:108D10003946F7F7D9FF36B12CB10848224631461B
:108D20008030F7F7D1FF054A0020054950558032C1
:108D300010554868401C4860BDE8F081C86C0024AC
:108D4000980100242DE9F04116000C4607461D4607
:108D500013D0002D11D019461046F8F771F8002FE6
:108D60000BD0002C09D0AC4200D36C1E39462246F1
:108D70003046F7F7A9FF00203055BDE8F08100002C
:108D8000F0B58BB0244C002506A8069507950895EC
:108D900009956570A5700127CDE9045022493C234F
:108DA000CDE900751DA2029520A00395FFF70CF9EF
:108DB00008B1677028E0DDE9060189B2FBF796F893
:108DC000002806A80FD0FFF7BAF840F6B830FAF737
:108DD000AFFD06000BD0FFF72EFB022809D0FAF7F3
:108DE000DDFC04200FE0FFF7AAF802200BE00320CF
:108DF00009E03046FFF794FA0646FAF7CFFC36B1A1
:108E00000520A6702770607000200BB0F0BD657063
:108E1000A5700120F9E70000980100244272616307
:108E2000656C6574000000006CC501085339553944
:108E30004659395A6453000030B5050087B00AD04E
:108E400049B112A20B4618216846F7F771FC041EBF
:108E500001DD182C02D3002007B030BD694628463A
:108E6000F7F7D5FE0028F7D03A212044F7F7C5FEE2
:108E70000028F1D0401CEFD001782029FAD0092930
:108E8000F8D00D29F6D00A29F4D0E5E7222573227F
:108E9000000000000148807870470000980100241D
:108EA0000148407870470000980100240148C068DC
:108EB00070470000980100240148007870470000C6
:108EC000980100240148C0787047000098010024F0
:108ED00010B588B00C464FF00001069178B174B11E
:108EE0001822694600F011F8002809D00A226846C5
:108EF00006A9F7F711FE069909B1097811B100200A
:108F000008B010BD20600120FAE770B513460C468A
:108F100010B30CB303B30178222901D0014609E054
:108F2000401C014600E0401C0278AAB1222AFAD176
:108F30000EE0401C02785AB12C2A09D07D2A07D0B5
:108F4000202A05D0092A03D00D2A01D00A2AF0D1FF
:108F5000451A01D09D4201D3002070BD2A4620460B
:108F6000F7F7B2FE00206055012070BD70B5050016
:108F70000C4609D044B10EA1FFF75EFF30B10EA13F
:108F8000FFF75AFF10B107E0002070BD0AA1284684
:108F9000FFF752FF0028F8D001787B2902D108A101
:108FA000FFF74AFF2146BDE87040FFF791BF000080
:108FB000706172616D73000074657374000000006D
:108FC00076616C756500000070B51D4CAAB0064650
:108FD00019A0CDE90006A368A0211AA202A8F7F7FC
:108FE000A7FB051E01DDA02D06D325A03146FAF70B
:108FF00014FB0A2060701CE002AA30A13BA0FAF723
:109000000CFB0B202A460A23009002A92BA000F09B
:1090100021F948B1A068401CA06040A03146FAF791
:10902000FCFA01202AB070BD627846A03146FAF7FA
:10903000F4FA0020F6E70000746573740000000085
:10904000980100247B226964223A22256C75222C27
:109050002276657273696F6E223A22312E30222C8D
:1090600022706172616D73223A7B222573223A7BF2
:109070002276616C7565223A256C647D7D7D0000E9
:109080005B4D5154545D5B4552525D2050524F50E0
:1090900020504F53542074657374207061796C6F45
:1090A0006164206275696C64206661696C20766118
:1090B0006C75653D256C640D0A000000247379739E
:1090C0002F533955394659395A64532F42726163C7
:1090D000656C65742F7468696E672F70726F706548
:1090E0007274792F706F7374000000005B4D5154DF
:1090F000545D2050524F5020504F5354207465738C
:109100007420545820746F7069633D25732070611A
:10911000796C6F61643D25730D0A00005B4D5154FD
:10912000545D2050524F5020504F5354207465735B
:1091300074204F4B2076616C75653D256C640D0A7B
:10914000000000005B4D5154545D5B4552525D2060
:1091500050524F5020504F535420746573742073F5
:10916000656E64206661696C2076616C75653D256D
:109170006C6420636F64653D25750D0A0000000076
:1091800010B5ACB0174C6323422110A212A08DE899
:109190000F00A368A02114A204A8F7F7C9FA021EC1
:1091A00001DDA02A04D30A20607000202CB010BD7D
:1091B0000B2000900A2304A91AA000F04BF8002805
:1091C000F4D0A068401CA0600120EFE7426C6F6FF4
:1091D000644F787967656E00486561727452617496
:1091E00065000000980100247B226964223A222550
:1091F0006C75222C22706172616D73223A7B22257C
:1092000073223A7B2276616C7565223A25647D2C47
:10921000222573223A7B2276616C7565223A256499
:109220007D7D7D00247379732F5339553946593923
:109230005A64532F42726163656C65742F74686958
:109240006E672F70726F70657274792F706F7374A0
:1092500000000000F0B589B01E46002404AB0125D3
:1092600007940E9FCDE9025313460A460594014622
:1092700006940A20049400940194FEF763FF0B4DBA
:1092800008B16E7010E0DDE9040189B2FAF72EFE34
:10929000002804A805D0FEF752FE6C70012009B02A
:1092A000F0BDFEF74CFE6F700020F8E79801002437
:1092B00001490020C8707047980100242DE9F0434F
:1092C0005FEA0008F7B036D0FFF7B5F80746401E52
:1092D0000E280BD398F8001075A0FAF79EF977B016
:1092E00030217CA0BDE8F043FAF782BA7DA0394670
:1092F000FAF793F9804C042F4FF000054FF0010668
:109300002BD004DC022F0DD0032F04D134E0092F21
:1093100014D00D2F2AD077B0394678A0BDE8F0439D
:10932000FAF77BB97DA0FAF778F94046FEF7F8FF27
:10933000002800D0267077B0BDE8F0837CA0FAF753
:109340006CF94046FFF77FF820B109202670607065
:10935000E570F0E76570E670EDE77AA0FAF75DF981
:1093600077B04046BDE8F043FFF75BB877B07AA02E
:10937000BDE8F043FAF751B973A90695ADF814505A
:1093800003AA8DF8CC5174A8ADF8D05104ABCDE947
:109390000021759505AA06A90495ADF80C50029018
:1093A0004046FEF7D9FF01004FF00C0805D070A031
:1093B000FAF733F94046267078E0BDF814108023A0
:1093C000069847AAFFF7BEFCBDF80C104FF4807357
:1093D000049807AAFFF7B6FCBDF80C0047A9009057
:1093E0006CA0BDF8D0319DF8CC21FAF716F907A989
:1093F00078A0FAF712F9BDF814707EA0069D814698
:109400004DB1F7F742FC0246974204D1494628463F
:10941000F7F70FFC28B147AA76A181A0FAF7FDF86B
:1094200089E78CA0FAF7F9F8BDF80C30BDF81410F4
:10943000049A0698FFF752FC302167A8F7F722FD3F
:109440008B48302567AF8BA1FFF7F6FC2A463946DB
:10945000FFF75BFD75A907468548FFF787FD84493F
:10946000054685A0FAF7D9F825B175998AA0FAF7CB
:10947000D4F802E08FA0FAF7D0F89FB167A998A0BE
:10948000FAF7CBF8C8219EA267A800F04FF9002890
:109490003FF450AF002DC3D07598FFF795FD00281D
:1094A000F6D048E798A0FAF7B8F84046607042E76F
:1094B0005B4D5154545D20525820494E56414C4901
:1094C000442066697273743D3078253032580D0A35
:1094D000000000004D5154545F494E56414C4944E0
:1094E000000000005B4D5154545D205258205459E7
:1094F00050453D25750D0A00980100245B4D5154DF
:10950000545D20525820554E48414E444C4544200D
:10951000545950453D25750D0A0000005B4D5154CE
:10952000545D20525820434F4E4E41434B0D0A008C
:109530005B4D5154545D2052582053554241434B8A
:109540000D0A00005B4D5154545D20525820505577
:109550004241434B0D0A00005B4D5154545D205273
:10956000582050494E47524553500D0A0000000004
:109570005B4D5154545D205055424C495348207026
:1095800061727365206661696C20636F64653D2557
:10959000750D0A005B4D5154545D205258205055B2
:1095A000424C49534820746F7069633D25732071A4
:1095B0006F733D257520706B745F69643D25752060
:1095C0007061796C6F61645F6C656E3D25750D0A25
:1095D000000000005B4D5154545D205258205055FE
:1095E000424C495348207061796C6F61643D25732A
:1095F0000D0A0000247379732F53395539465939B0
:109600005A64532F42726163656C65742F74686984
:109610006E672F70726F70657274792F7365740046
:109620005B4D5154545D205055424C495348207471
:109630006F706963206D69736D617463682065780C
:10964000706563743D257320676F743D25730D0A43
:10965000000000005B4D5154545D2050524F50208B
:10966000534554206D6174636865640D0A00000001
:10967000486D0024696400005B4D5154545D2050D6
:10968000524F5020534554207061796C6F61643D96
:1096900025730D0A000000005B4D5154545D2050AD
:1096A000524F502053455420746573743D256C64AB
:1096B0000D0A00005B4D5154545D5B5741524E5DA5
:1096C0002050524F502053455420746573742070BD
:1096D00061727365206661696C65640D0A00000043
:1096E0005B4D5154545D2050524F502053455420EF
:1096F0007265706C792069643D25730D0A00000065
:1097000073756363657373005B4D5154545D5B45C2
:1097100052525D2050524F5020534554206D697372
:1097200073696E672069640D0A000000F0B51C4E75
:109730000500A3B04FF00D0712D08AB1CDE9001299
:109740008021034617A202A8F6F7F2FF041E01DDEE
:10975000802C09D31CA02946F9F75FFF77701DE024
:1097600026A0F9F75AFFF9E702AA2EA13AA0F9F7C5
:1097700054FF0E2022460D23009002A929A0FFF7D6
:1097800069FD30B13FA02946F9F747FF012023B01A
:10979000F0BD727842A02946F9F73FFF0020F6E7B6
:1097A000980100247B226964223A222573222C220C
:1097B000636F6465223A25752C226D7367223A2205
:1097C0002573227D000000005B4D5154545D5B45C4
:1097D00052525D205345545F5245504C59207061A0
:1097E000796C6F6164206275696C64206661696C74
:1097F0002069643D25730D0A000000005B4D515443
:10980000545D5B4552525D205345545F5245504C68
:109810005920696E76616C696420617267730D0A04
:1098200000000000247379732F5339553946593994
:109830005A64532F42726163656C65742F74686952
:109840006E672F70726F70657274792F7365745FB5
:109850007265706C790000005B4D5154545D20536B
:1098600045545F5245504C5920545820746F7069CC
:10987000633D2573207061796C6F61643D25730DC4
:109880000A0000005B4D5154545D205345545F5213
:1098900045504C59204F4B2069643D25730D0A00FB
:1098A0005B4D5154545D5B4552525D205345545FAE
:1098B0005245504C592073656E64206661696C2076
:1098C00069643D257320636F64653D25750D0A004D
:1098D00010B586B0144C002014A1019001AA02908A
:1098E000039004906070E0700123E1600146142051
:1098F000009204F11002FEF789FC08B106200FE087
:10990000DDE9010189B2FAF7F1FA002801A804D0D3
:10991000FEF715FB012006B010BDFEF710FB072077
:1099200060700020F7E70000980100242473797329
:109930002F533955394659395A64532F427261634E
:10994000656C65742F7468696E672F70726F7065CF
:109950007274792F736574002DE9F047454D044604
:1099600089464FF0000A2868C04380070AD0414E5C
:10997000283E306820F080603060FBF79DFE07468F
:10998000B04608E00120BDE8F08700BFFBF794FE79
:10999000C01B022867D8D8F800000001F6D4206860
:1099A00029684FF4FE0721F47C313E0241EA003081
:1099B0002860207AA389B4F804C040022D4D2D49B7
:1099C0005B1E227CACF1010C1035091DA0F5007066
:1099D00080B2521ECCF3080C07EA034340EA0C00A5
:1099E000184306EA0262104328600868626920F0A2
:1099F000C000104308600A68A06922F020020243F8
:109A00000A60281D0A6822F010020A6002684FF6F8
:109A1000F873E4699A4342EAC40202600868B9F143
:109A2000000F40F010020A6011D00868B9F1010F70
:109A300011D040F400100860D8F80000444640F00F
:109A40008060C8F80000FBF737FE05460DE00868A7
:109A500040F40020EFE740F48010ECE7FBF72CFE29
:109A6000401B022801D903208DE720680001F5D5AD
:109A7000504688E7284402582DE9F047454D0446F2
:109A800089464FF0000A2868C04380070AD0414E3B
:109A9000283E306820F080503060FBF70DFE07460E
:109AA000B04608E00120BDE8F08700BFFBF704FEE8
:109AB000C01B022867D8D8F800008000F6D42088A0
:109AC00029684FF4FE0721F07C713E0241EA005004
:109AD0002860207AA389B4F804C040022D4D2D4996
:109AE0005B1E227CACF1010C1835091DA0F500703D
:109AF00080B2521ECCF3080C07EA034340EA0C0084
:109B0000184306EA0262104328600868626920F47C
:109B10004060104308600A68A06922F400720243A2
:109B20000A60281D0A6822F480720A6002684FF6F3
:109B3000F873E4699A4342EAC40202600868B9F122
:109B4000000F40F480720A6011D00868B9F1010F6B
:109B500011D040F080700860D8F80000444640F012
:109B60008050C8F80000FBF7A7FD05460DE0086827
:109B700040F48000EFE740F40000ECE7FBF79CFDC9
:109B8000401B022801D903208DE720688000F5D50D
:109B9000504688E728440258002810B520D0B1EE7E
:109BA000080A80ED000A0A24848000F1080441F2CA
:109BB0009412F2EE0E0AB3EE021AF7EE081AC4EC93
:109BC000030A0323838200F11803B0EE002AF2EEA9
:109BD000002AB1EE043A83EC032A042181848262D4
:109BE00010BD002801D000F5EA707047002800D0B1
:109BF000C030704730B504000D468BB01CD04FF418
:109C00003671F7F73FF96846FFF7C6FF04F1940095
:109C10004FF02C020DB1294600E06946F7F799F89C
:109C20000020E07002460146204600F02DF8204654
:109C300000F015F8012020700BB030BD70B50500A4
:109C400016460C460AD0002C08D000F0ABF932467C
:109C500021462846BDE8704000F022B870BD10B51E
:109C6000040010D04FF48A7104F1C000F7F70AF92C
:109C7000002084F8F400E080208104F5EA70BDE85B
:109C8000104006F02BB810BD002805D001B10AB96C
:109C900002490422C0E9231270470000EC1A0108AF
:109CA0002DE9F04F040015460E462DED028BB0EE67
:109CB000408A81B07DD0002E7BD0207818B9002159
:109CC0002046FFF797FF1822314604F11400009058
:109CD000F7F73FF8617804F1440084ED048A824686
:109CE000E56019B1204605F089FF02E01821F7F779
:109CF000C9F8E078002705280BD1E7702046677087
:109D000006F002F82046FFF7AAFF18215046F7F7A1
:109D1000B9F8E178012504F1C00B4FF005090529D8
:109D20004FF004084DD2DFE801F0034D7ABEDE00AB
:109D300094ED250AB4EEC80AF1EE10FA3EDDA088D3
:109D400020B9182104F17400F7F79CF85FF00000C7
:109D500006EB800204EB8001D2ED000A91ED1D0AB2
:109D6000401C062830EE200A81ED1D0AF0D3A088A1
:109D70004FF6FF71884201D2401CA080B4F89800D1
:109D8000A18881421DD3200016D0A9B100EE101A7F
:109D90000021B8EE400A00BF00EB8102491CD2ED61
:109DA0001D0A062980EE801A82ED0B1AF4D3457045
:109DB00000E0D2E005F022FFE570C7E0204605F0A4
:109DC000A3FFAAE094ED270AB4EEC80AF1EE10FA58
:109DD0007ED22046FFF743FF607884F8C05008B178
:109DE000012100E00021E26884F8C11004F12C0197
:109DF00084F8C25004F1FC00C4E934221822F6F7BA
:109E0000A8FF5146564658465F4600F01BFC009995
:109E10003246384605F0CCFF0221E17084E051461D
:109E2000584600F00FFCD4F8D4105246E068411AAE
:109E3000C4F8E410D4F8D010401AC4F8F000009927
:109E4000584605F0B5FF204600F076FB68B1E068A3
:109E5000514684F8C350C4F8E870C4F8D800584696
:109E600000F068FC0320E0705EE094ED2C0AB4EE94
:109E7000C80AF1EE10FA50DDD4ED280AB6EE001A49
:109E800094ED3E0A60EE810AB4EEE00AF1EE10FABB
:109E900043DBE16884F8C450C4F8EC70C4F8DC100B
:109EA00084F8038040E05146584600F0CBFB514611
:109EB000584600F03FFCD4F8D8105246E068411AEA
:109EC000C4F8E810D4F8D010401AC4F8F00000E04C
:109ED0003CE00099584605F06BFF204600F075FB0A
:109EE0000028D6D119E05146584600F0ABFBD4F813
:109EF000DC105246E068411AC4F8EC10D4F8D010D7
:109F0000401AC4F8F0000099584605F051FF204669
:109F100000F076F908B1012113E0E078022803D0BF
:109F2000032801D0042811D184B1D4F8D00068B13D
:109F3000E268D4F8BC10101A884207D3002184F8D4
:109F4000EE51204605F083FE84F80390182204F1B8
:109F50005C005146F6F7FDFEA57001B0BDEC028B2A
:109F6000BDE8F08F052803D2024951F82000704760
:109F700001A07047B01A0108756E6B6E6F776E00A6
:109F8000062803D2024951F82000704701A070470B
:109F9000D41A0108756E6B6E6F776E5F61786973A6
:109FA000000000009FED120A002810B5F0EE400AF4
:109FB0001DD000291BD042780AB12C3003E08278F2
:109FC000002A14D01430002201EB820300EB82043B
:109FD00093ED000A94ED001A521C062A30EE410A55
:109FE00040EE000AF0D3B1EE081A80EE810A10BDEF
:109FF000000000002DE9F0470400984691460D4608
:10A000002DED028B9FED358AF0EE488A59D0EDB3E5
:10A010005FF0000604EB860A05EB86079AED2D0A31
:10A02000D7ED1C0A30EE600A05F0DEFDD7ED280AF8
:10A03000E06800EE808A58B19AED3F0AD7ED220A17
:10A0400030EE600A05F0D0FDD7ED2E0A40EE808A92
:10A05000761C062EDED3E87904EB800105EB800048
:10A0600091ED2D0AD0ED1C0A30EE600A05F0BCFD22
:10A07000DFED1B0AE06800EE208A90B1E87904EB7E
:10A08000800105EB800091ED3F0A00E019E0D0ED82
:10A09000220A30EE600A05F0A7FDDFED120A40EE5D
:10A0A000208AB9F1000F01D089ED008AB8F1000FC4
:10A0B00001D0C8ED008A38EE280ABDEC028BBDE85D
:10A0C000F0879FED090AB9F1000F01D089ED000A70
:10A0D000B8F1000FF1D088ED000AEEE700000000B3
:10A0E0003333B33E3333333E0024744970B50D002F
:10A0F000144624D0002C22D0A668084600F0C2F9ED
:10A1000031466082284600F06BF93146A08228462D
:10A1100000F0C8F9618AE082282901D3012200E019
:10A120000022A38A62761944084480B2208255280E
:10A1300001D3032002E0462802D30220E07670BD5E
:10A140003C2801D30120F9E70020F7E770B50500AE
:10A150000C463DD0DCB3A868002837D0617904EB09
:10A16000810005EB810190ED081A91ED2D0AD0EDEB
:10A17000020A05F033FE002828D0A07904EB800104
:10A1800005EB800091ED081A90ED2D0AD1ED020A41
:10A1900005F024FE002819D00026A01990F83800F8
:10A1A00080B1E868002811D004EB860005EB860139
:10A1B00090ED161AD0ED100A91ED3F0A05F00EFE53
:10A1C000002803D0761C062EE7D3012070BDFFE7E0
:10A1D0000020FBE708B1042101600148704700003E
:10A1E000EC1A0108042803D2024951F820007047F4
:10A1F00001A07047C41A01086661696C0000000084
:10A2000010B504002CD094F8C00048B394F8F400C2
:10A2100004EB800090ED110A05F0E6FCD4ED040A91
:10A2200094ED2C1A0021F4EEC10AF1EE10FA0ED8CA
:10A23000D4ED2D0AF4EEC00AF1EE10FA07DB208906
:10A240004FF6FF72904203D2401C208100E0218132
:10A250002089B4F8B820904202D30120218110BD9A
:10A26000002010BD2DE9F04F0600914688461C469F
:10A270002DED048B85B0DFED598A4FF0FF35B0EE40
:10A28000689A31D0B8F1000F2ED0B9F1000F2BD061
:10A29000E4B13146184605F0C1FC00202070606032
:10A2A000C4E90205C4ED098A96F83410217796F8BE
:10A2B0003410617796F83410A17796F8341006EBD5
:10A2C000810191ED330A84ED080A206600EE109AB0
:10A2D000F2EE000AB8EE400A05F0FCFCBCEEC00A43
:10A2E000002710EE10AA4DE034B1184605F0F6FC38
:10A2F0003146204605F092FC002005B0BDEC048BF1
:10A30000BDE8F08F07EB8700C0EB8710CDED008A2A
:10A31000CDED018A08EB8001CDE90210B0EE688A2C
:10A320003046FFF713FF5FEA000B0FD0029901AB35
:10A330006A463046FFF75EFEB0EE408AB4EEC98A48
:10A34000F1EE10FA02D2B0EE489A3D46CCB1574534
:10A3500017D2039858F8201007EB870004EB800011
:10A3600041660299097980F8681080F869B080ED3B
:10A370001B8A9DED000A80ED1C0A9DED010A80ED0F
:10A380001D0A7F1C4F45BDD30CB1C4F860A0681CEA
:10A39000B3D0D4B105EB8500C0EB851108EB81008B
:10A3A000017921700168E560C4E9011084ED099A22
:10A3B0004179217781796177C179A177407906EB7D
:10A3C000800090ED330A84ED080A05EB8500C0EBB0
:10A3D000851108EB810000798FE7000000247449A3
:10A3E00010B50C462DED028BE8B1E4B1617994ED26
:10A3F000360ADFED220A00EB810060EE200A90EDC4
:10A40000338AB2EE080A05F062FCD4ED340AF4EEA9
:10A41000C80AF1EE10FA0ADD0C21B0EE601A002035
:10A42000DFED170A1FE00020BDEC028B10BD94ED9C
:10A43000351AB4EEC81AF1EE10FA02DD1E210F2013
:10A4400011E0D4ED360AF4EEC80AF1EE10FA01DBA1
:10A450002320E9E730EE801AB4EEC81AF1EE10FAC4
:10A4600009DB18212320B0EE480ABDEC028BBDE8C1
:10A47000104005F055BC1220D6E70000CDCC4C3E74
:10A480000000000000280AD0417849B1817839B134
:10A49000C17829B1017919B1407908B128207047F4
:10A4A00000207047B0B1A9B1C2689AB190ED0A0A14
:10A4B000D1ED370AB8EE400AB8EE601AB4EEC01A11
:10A4C000F1EE10FA08DD0821B8EE601A0020DFED89
:10A4D000190A2BE00020704791ED381AF8EE411A66
:10A4E000F4EEC01AF1EE10FA06DD16210A20B8EEDD
:10A4F000411AF8EE600A19E0D1ED390AB8EE601A97
:10A50000B4EEC01AF1EE10FA01DB1920704791ED9C
:10A510003A1AF8EE411AF4EEC01AF1EE10FA07DB1F
:10A520000C211620B8EE411AF8EE600A05F0F8BBCF
:10A53000062070470000000070B504002DED028B6E
:10A5400041D094F8C00090B3D4F8C8000025022888
:10A5500001D2E58037E094F8F40004EB800696ED34
:10A56000110A05F041FBB0EE408A96ED170A05F09E
:10A570003BFBF0EE400A38EE600A05F035FBD4ED07
:10A580003E0A94ED281AF4EEC10AF1EE10FA0FDB40
:10A59000D4ED290AF4EEC00AF1EE10FA08DBE088E7
:10A5A0004FF6FF71884204D2401CE08001E00AE0CF
:10A5B000E580E088B4F8A810884204D30120E58043
:10A5C000BDEC028B70BD0020FAE770B504002DEDE4
:10A5D000028B22D094F8C000F8B194F8F40004EB98
:10A5E000800595ED110A05F0FFFAB0EE408A95ED71
:10A5F000170A05F0F9FAB4EEC80AF1EE10FA0CDD0C
:10A6000030EE480AD4ED2B0AB4EEE00AF1EE10FA6F
:10A6100003DB0120BDEC028B70BD0020FAE70000D7
:10A62000062803D2024951F82000704701A0704764
:10A63000981A0108554E4B4E4F574E5F5354415494
:10A64000450000002DE9F04104000F462DED028B7E
:10A650006BD0002F69D00025A06868B307EB850197
:10A6600004EB850091ED000AD0ED210AB4EEE00A7A
:10A67000F1EE10FA01DD80ED210A91ED000AD0ED36
:10A68000270AB4EEE00AF1EE10FA01D280ED270AB3
:10A6900004EB850696ED210A05F0A6FAB0EE408A95
:10A6A00096ED270A05F0A0FAB4EEC08AF1EE10FA92
:10A6B0000FDB96ED210A0EE007EB850004EB850128
:10A6C00090ED000A81ED210A90ED000A81ED270A44
:10A6D000DEE796ED270A86ED2D0A05F085FA6D1C5A
:10A6E000062D86ED330AB7D3A0684FF00001401C59
:10A6F000A06094B194ED330A012000BF04EB800206
:10A70000D2ED330AF4EEC00AF1EE10FA02DDB0EE3B
:10A71000600AC1B2401C0628F0D304EB810084F823
:10A72000341090ED330A84ED0E0ABDEC028BBDE8C7
:10A73000F0810000002810B51DD000291BD0C3688F
:10A7400000225B1CC0F80C3000EE103AB8EE400A54
:10A7500001EB820400EB820394ED001AD3ED390A79
:10A76000521C062A70EE810AC3ED390A80EE801A67
:10A7700083ED3F1AECD310BD4FF47A74204604F0F9
:10A78000AFF9FBE7A0B0FEF749F9FEF741FA204820
:10A790000021FFF72FFA1F4C207805F091FBFEF700
:10A7A0001DFA2078012105F05FFE1B4D06F002F92D
:10A7B0002878A8B1002028701849087006F01AF906
:10A7C000207805F07DFBFEF709FAFEF705FA104840
:10A7D0000021FFF70FFA2078012105F045FEE5E79B
:10A7E00006F008F92078042803D1FEF71DFA0028A6
:10A7F000DCD12078042806D0684605F0EDFE10B1C3
:10A80000684605F055FE0A2004F06AF9CEE700001C
:10A81000BC0C002400000024300000242B00002485
:10A820004FF47A77384604F05BF958A0F8F7F5FE54
:10A83000F8F7B4FFF8F7C8FFFEF74AFAFEF738FD5D
:10A8400000260CE0F9F7BCF9014655A0F8F7E5FE43
:10A85000F8F7A4FFF8F7B8FF384604F041F9F9F724
:10A86000E1F90028EED055A0F8F7D7FE14E000BFBC
:10A87000FEF710FB0446FEF713FB0146224653A0E9
:10A88000F8F7CBFEF9F7C8F918B15AA0F8F7C5FEEA
:10A8900006E0384604F024F9FEF772FA0028E7D003
:10A8A000F9F7BAF908B159A066E05FA0F8F7B5FE6C
:10A8B000FFF70EF8F0B161A0F8F7AFFEC82004F082
:10A8C0000FF904F02BF9054641F2883804F026F917
:10A8D0000446401B404503D3FEF752FC98B1254681
:10A8E0003220F9F725F818B1FEF7E8FCF8F756FF23
:10A8F00076B115E0FEF7DAFA0446FEF7D1FA014622
:10A90000224654A02FE0FEF7CBFA01465DA01FE0DF
:10A91000FEF7D8FA20B163A0F8F77FFE012625469E
:10A92000F9F77AF918B9FEF7C7FA00282AD0F9F72B
:10A9300073F910B161A0F8F770FEFEF7BDFAA0B18F
:10A94000FEF7AEFA092806D0FEF7AAFA014663A080
:10A95000F8F763FE09E0FEF7A9FA0446FEF7A0FA4D
:10A960000146224665A0F8F758FEF8F717FFF8F7FA
:10A970002BFFFEF7ADF96CA0F8F74FFE384604F058
:10A98000AFF855E70A2004F0ABF89FE74E45542096
:10A990005441534B2053544152540D0A00000000BF
:10A9A0005B5443505D20494E4954204641494C2058
:10A9B000636F64653D25750D0A0000005B544350CC
:10A9C0005D20494E4954204F4B0D0A005B4D5154B8
:10A9D000545D20434F4E4E454354204641494C2040
:10A9E000636F64653D25752061636B3D25750D0AB8
:10A9F000000000005B5443505D205452414E5350C0
:10AA00004F5254204552524F520D0A005B5443504E
:10AA10005D20524553544152542046524F4D2049D7
:10AA20004E49540D0A0000005B4D5154545D2043C3
:10AA30004F4E4E454354204F4B0D0A005B4D515431
:10AA4000545D205355425343524942452053454E8D
:10AA5000540D0A005B4D5154545D205355425343ED
:10AA6000524942452053454E44204641494C2063BB
:10AA70006F64653D257520746F7069633D25730DA6
:10AA80000A0000005B4D5154545D205055424C4922
:10AA90005348204641494C20636F64653D25750D40
:10AAA0000A0000005B4D5154545D205355425343FE
:10AAB00052494245204F4B0D0A0000005B54435061
:10AAC0005D205452414E53504F5254204552524FE4
:10AAD0005220494E204C4F4F500D0A005B4D5154AF
:10AAE000545D2053455353494F4E204552524F52C7
:10AAF00020636F64653D25750D0A00005B4D515460
:10AB0000545D2053554253435249424520464149E2
:10AB10004C20636F64653D257520746F7069633DDB
:10AB200025730D0A000000005B5443505D20574917
:10AB3000464920524555534520494620434F4E4EE5
:10AB400045435445442C205245494E4954205443D2
:10AB5000502F4D5154540D0A000000004FF0E020DA
:10AB600010B5006906F0BEFC012803D0BDE8104016
:10AB700006F084B910BD000030B59DB04C21684688
:10AB8000F6F780F9202113A8F6F77CF90220FAF7EE
:10AB9000B1FE204800242049026842F4404202608D
:10ABA00002680A6842F001020A60096801F00101C6
:10ABB0001B9101688904FCD5F023022009900A90BA
:10ABC0004FF4A022CDE90B0308250F9001210D9031
:10ABD000CDE91054CDE900120E9068461294FBF7AF
:10ABE0001DFF08B172B6FEE740201A903F21030115
:10ABF000CDE916500322CDE9180313AB13A883E85F
:10AC000016000421FBF7CCFC002801D072B6FEE749
:10AC10001DB030BD184802582C0400583348F0B518
:10AC2000334A016841F470010160106800F00F00C0
:10AC3000072804D2106820F00F00C01D10602D49B5
:10AC400000202C4C10340B682B4D43F001030B609B
:10AC500020600B682B400B60136803F00F03072B79
:10AC600004D9136823F00F03DB1D1360214C234A22
:10AC70001834234B261D371D20601E4C214D2834CF
:10AC80003060261D3860371D23603B1D35601C1D5C
:10AC90003A60251D2E1D1860331D22602860326029
:10ACA00018600A68134B184C22F4802260330A6043
:10ACB000186020686FF30F00B0F1005F03D21349F2
:10ACC0000120C1F808010B48D4300168C9040BD435
:10ACD000026843F2D2010E4B42F4805202601960C6
:10ACE000016821F480510160F0BD000088ED00E0B2
:10ACF00000200052004402587FEDF6EA8002010174
:10AD0000000202020000FF010010005C0080005100
:10AD1000004000520148FCF7B6BA0000181E00249B
:10AD20000148FCF7B0BA0000E01400242DE9F04718
:10AD3000294B4FF0804A294D02689842284E294FEE
:10AD4000294C09D0504507D0A84205D0B04203D0C5
:10AD5000B84201D0A04205D1D1F804C022F070025F
:10AD60004CEA0202DFF884C0DFF884809842DFF802
:10AD700084900FD050450DD0A8420BD0B04209D0DE
:10AD8000B84207D0A04205D0604503D0404501D06D
:10AD9000484503D1CD6822F440722A438E684D693C
:10ADA00022F08002C6620E682A439842866207D06B
:10ADB000A04205D0604503D0404501D0484501D1AF
:10ADC000096901630368012143F0040303604161E1
:10ADD0000260BDE8F0870000000001400004004070
:10ADE00000080040000C0040000401400040014009
:10ADF000004401400048014042EA032283680A43BC
:10AE000023F47F410A43826070470000034B82684D
:10AE10001A400A4342F00701816070478FFFCFFF5D
:10AE200010B5036A046A23F00A0324F001040462E3
:10AE300084690B4324F0F00141EA0211816103624D
:10AE400010BD10B5036A046A23F0A00324F01004B7
:10AE50000462846943EA011124F4704343EA023234
:10AE60008261016210BD0000334870B54FF4007577
:10AE70000068C169C1F30011F1B330491023304AB1
:10AE80000362086890423AD02D491831884236D082
:10AE90002B493031884232D02949483188422ED05E
:10AEA0002749603188422AD025497831884226D006
:10AEB00023499031884222D02149A83188421ED0AE
:10AEC000204988421BD01F491831884217D01D499C
:10AED0003031884213D01B49483188420FD019497C
:10AEE000603188420BD017497831884207D0154924
:10AEF0009031884203D000E013E01249A831406845
:10AF0000C0F5007084B2AC4200D92C460A48FCF768
:10AF100074FB0D48214603F0D1FC0B482946F5F798
:10AF20008FFF0548FCF7B4FB2A460749BDE870408F
:10AF30000148FCF77ABA00002C180024A41B002456
:10AF400010000240100402402C1500240148FCF7B8
:10AF50009FBB0000101B002430B5416EB9B10168E1
:10AF60000D4B03F108048A688968C2F34262490FF5
:10AF70005D5C615C2D01B5FBF1F1A0F86A10995C94
:10AF8000A25C0901B1FBF2F1A0F8681030BD01210B
:10AF9000A0F86A10F8E700002022010890F82810B5
:10AFA000090706D50168836B4A6822F400421A43F8
:10AFB0004A6090F82810C90706D00168C36A4A6839
:10AFC00022F400321A434A6090F82810890706D507
:10AFD0000168036B4A6822F480321A434A6090F891
:10AFE0002810490706D50168436B4A6822F480227D
:10AFF0001A434A6090F82810C90606D50168C36B49
:10B000008A6822F480521A438A6090F828108906D0
:10B0100006D50168036C8A6822F400521A438A60DC
:10B0200090F82810490611D50168436C4A6822F44B
:10B0300080121A434A60416CB1F5801F06D1016845
:10B04000836C4A6822F4C0021A434A6090F82810C0
:10B05000090606D50168C26C486820F40020104338
:10B06000486070472DE9F84300250446C0F8905029
:10B07000FAF722FB8046206820266FF07E470068A2
:10B08000000713D50022434631042046009700F004
:10B090002BFB58B1216851E8000F20F0800041E8F7
:10B0A0000002002AF6D1C4F8886021E02068006818
:10B0B000400722D5002243464FF4800120460097E6
:10B0C00000F012FBC8B1206850E8001F21F4907115
:10B0D00040E80012002AF6D12068083050E8001F2E
:10B0E00021F0010140E80012002AF5D1C4F88C607B
:10B0F000032084F88450BDE8F883C4F88860C4F85D
:10B100008C60E5662567002084F88450F3E710B56D
:10B11000806B0021A0F85E10FCF7B8FA10BD70B586
:10B12000846B00252168D4F88800D4F88C60896885
:10B13000090606D5212804D1A4F85650204600F06F
:10B1400091F820688068400606D5222E04D1A4F824
:10B150005E50204600F05CF8D4F8900040F01000FB
:10B16000C4F890002046FCF791FA70BD10B5C16993
:10B170000022806BB1F5807F2DD0A0F85E2003689F
:10B1800053E8001F21F4807143E80014002CF6D12D
:10B190000168083151E8003F23F0010341E8003421
:10B1A000002CF5D10168083151E8003F23F040033D
:10B1B00041E80034002CF5D12021C0F88C10C16E7C
:10B1C000012908D1016851E8003F23F0100341E84C
:10B1D0000034002CF6D10267C16E012902D0FCF7C1
:10B1E00027FE10BDB0F85C10FCF744F910BD10B597
:10B1F000806B01210167C16E012902D0FCF744FE7A
:10B2000010BDB0F85C104908FCF734F910BD00001F
:10B2100010B5026852E8001F21F4907142E8001353
:10B22000002BF6D10E4B0268083252E8001F19407D
:10B2300042E80014002CF6D1C16E012908D1026841
:10B2400052E8001F21F0100142E80013002BF6D154
:10B2500000212022C0F88C20C166416710BD00008B
:10B26000FEFFFFEF026852E8001F21F0C00142E834
:10B270000013002BF6D10168083151E8002F22F4A9
:10B28000000241E80023002BF5D12021C0F88810EE
:10B29000704700002DE9F04304468068D84E87B01F
:10B2A000D84B2168D4E90427D4F81CC010430A689D
:10B2B000002547EA0C073843324002430A60206801
:10B2C000E268416821F44051114341602268A1695C
:10B2D0009A4201D0206A01439768DFF82CC3CB4E15
:10B2E000CB4807EA0C070F4397602168676ACA6A70
:10B2F00022F00F023A43CA622268B2420ED10068BD
:10B3000000F03800182873D047DCB8B3082879D08B
:10B3100010286FD178E028287ED17BE0BD498A4291
:10B3200009D1006800F00700062875D2DFE800F0B8
:10B33000546A6C6E7072B8498A4209D1006800F094
:10B340000700062868D2DFE800F0475D5F616365AB
:10B35000B2498A4209D1006800F0070006285BD292
:10B36000DFE800F03A5052545658AD498A420BD1AA
:10B37000006800F0070006284ED200E010E0DFE889
:10B3800000F02B4143454749A6498A420AD100684B
:10B3900000F03800182839D0B7DD2028BBD13CE0B8
:10B3A00001203AE0A0498A4209D1006800F0070074
:10B3B000062831D2DFE800F01026282A2C2E9B49DF
:10B3C0008A420BD1006800F00700062824D2DFE88B
:10B3D00000F003191B1D1F2100201EE09A421BD103
:10B3E0008B48001D006800F00700062814D202E018
:10B3F0000CE007E010E0DFE800F0030507090B0DA3
:10B4000002200AE0042008E0082006E0102004E002
:10B41000202002E0402000E080208549DFF81482EF
:10B420009A42854A4FF400434FEA21174FF0000635
:10B430004ED110281AD006DC022809D004280BD0DF
:10B4400008287CD10DE020283ED0402877D13DE06F
:10B45000FAF77AFA014610E06846FAF787FA019996
:10B460000BE003A8FAF724FB049906E010688006B5
:10B4700005D51068C0F3C100C140002970D0606AD2
:10B48000676838F8102007EB4703B1FBF2F08342FE
:10B4900055D8B0EB073F52D8002308461946F5F7B8
:10B4A000A9F802467808130E120243EA0121101887
:10B4B0003A4671410023F5F79DF8604AA0F54071C6
:10B4C00091423CD821688FE03946D8E71946D6E743
:10B4D000D4F81CC04FF6EF799C4546D1082819D006
:10B4E00005DC58B101280CD0042875D10DE01028D6
:10B4F00015D0202835D040286ED134E0FBF7CEF9A6
:10B5000001E0FBF7DDF9014610E06846FAF72EFA94
:10B5100001990BE003A8FAF7CBFA049906E010684A
:10B52000800604D51068C0F3C100C140C1B1636A90
:10B53000606838F81330B1FBF3F1490000E04BE0EC
:10B5400001EB5001B1FBF0F0A0F11001494543D8E7
:10B550004FF6F0732168C0F342021840104343E0F5
:10B5600043E03946E3E71946E1E7082819D005DC4E
:10B5700058B101280CD004282ED10DE0102815D088
:10B5800020282BD0402827D12AE0FBF787F901E0BB
:10B59000FBF796F9014610E06846FAF7E7F90199DA
:10B5A0000BE003A8FAF784FA049906E01068800615
:10B5B00004D51068C0F3C100C140B1B1636A6068CE
:10B5C00038F81330B1FBF3F101EB5001B1FBF0F0AF
:10B5D000A0F11001494505D9012506E03946EDE7FE
:10B5E0001946EBE7216880B2C8600120A4F86A0020
:10B5F000A4F8680028466667A66707B0BDE8F08330
:10B60000F369FFCF000C0058FFF4FF110010014058
:10B61000544402580044004000480040004C0040A0
:10B62000005000400014014000780040007C0040C1
:10B630000090D0030822010800440258FFFC0F00CC
:10B6400070B50446D0F8800000232225A165A4F837
:10B650005C20C4F89030C4F88C50F0B11F49C1632D
:10B66000D4F880101E480864D4F880101D48C864BF
:10B67000D4F8800003651346A56D2168D4F88000D6
:10B680002A462431F9F7AEFD38B11021C4F89010E4
:10B690002020C4F88C00012070BD206940B12168D1
:10B6A00051E8000F40F4807041E80002002AF6D112
:10B6B0002068083050E8001F41F0010140E8001206
:10B6C000002AF5D12068083050E8001F41F0400101
:10B6D00040E80012002AF5D1002070BD6DB10008CD
:10B6E000EFB100081FB100082DE9F0479946174651
:10B6F0000D460446089E4FF0000833E0701C31D020
:10B70000F9F7DAFFA0EB0900B04218D8BEB1206803
:10B710000168490726D5802D24D0402D22D0C1694B
:10B72000C94309070DD4082505622046FFF770FDBF
:10B73000C4F89050012084F88480BDE8F08703208D
:10B74000FBE7C069C04300050CD421684FF40060DA
:10B7500008622046FFF75CFD2021C4F8901084F8B1
:10B760008480ECE72068C06935EA000004D000203E
:10B77000B842C3D00020E0E70120F9E7344810B513
:10B780000168C869C0F30010F0B33248324A00685B
:10B79000904238D0304A1832904234D02E4A30325B
:10B7A000904230D02C4A483290422CD02A4A603203
:10B7B000904228D0284A7832904224D0264A9032AB
:10B7C000904220D0244AA83290421CD0234A904272
:10B7D00019D0224A1832904215D0204A3032904275
:10B7E00011D01E4A483290420DD01C4A603290421D
:10B7F00009D01A4A7832904205D0184A90329042C5
:10B8000001D0164AA83200E017E04068C0F1C80035
:10B8100084B2C82C00D9C824102008620C48FBF759
:10B82000ECFE0F480022214603F0BCFC0C48C82166
:10B83000F5F706FB0B49012008700548FBF728FFC8
:10B84000BDE810400649C8220148FBF7EEBD0000E4
:10B85000C01800241C1C00241000024010040240E8
:10B86000641E0024040100240148FBF711BF0000FE
:10B8700054190024344810B50168C869C0F3001099
:10B88000F0B33248324A0068904238D0304A183219
:10B89000904234D02E4A3032904230D02C4A483236
:10B8A00090422CD02A4A6032904228D0284A7832DE
:10B8B000904224D0264A9032904220D0244AA83286
:10B8C00090421CD0234A904219D0224A183290420A
:10B8D00015D0204A3032904211D01E4A4832904250
:10B8E0000DD01C4A6032904209D01A4A78329042F8
:10B8F00005D0184A9032904201D0164AA83200E092
:10B9000017E04068C0F1C80084B2C82C00D9C82430
:10B91000102008620C48FBF770FE0F4801222146F8
:10B9200003F040FC0C48C821F5F78AFA0B490120C6
:10B9300008700548FBF7ACFEBDE810400649C82278
:10B940000148FBF772BD0000E8190024941C002494
:10B9500010000240100402402C1F002405010024A6
:10B960000148FBF795BE00007C1A0024FEE703B4F3
:10B9700001984100009850EAC12018BF04204A0DE8
:10B9800018BF40F0010040F2FF72B2EB515F08BFF8
:10B9900040F00200012808BF052002B070474100B6
:10B9A000080218BF04200A0E18BF40F001004FF033
:10B9B0007F4232EA010108BF40F00200012808BFBF
:10B9C00005207047090700284FEA116104DB00F1E8
:10B9D000E02080F80014704700F00F0000F1E02034
:10B9E00080F8141D704700009FED4B0A63E000BF14
:10B9F000D2ED003A91ED004A92ED013AD1ED011AF3
:10BA000004EE230A92ED022AD1ED022A92ED031AE6
:10BA1000D1ED030A92ED044A01EE830AD1ED043A16
:10BA200092ED053AD1ED061A02EE820AD1ED052A11
:10BA300092ED062A00EE810A92ED071AD1ED070A6F
:10BA400003EE840AD2ED083A91ED094A02EE830A28
:10BA500091ED083AD2ED0A2A01EE820A91ED0A2A06
:10BA6000D2ED0B1A00EE810AD2ED090A91ED0B1A04
:10BA700003EE230AD2ED0C3A91ED0D3A04EE200AC2
:10BA800091ED0C4AD1ED0E0A02EE220A92ED0D2A3A
:10BA9000D2ED0E2A01EE210A92ED0F1AD1ED0F1A06
:10BAA00040314032103B04EE230A03EE020A00EE5E
:10BAB000A20A01EE810A102B9AD21AE0D1ED000AF7
:10BAC00092ED001AD1ED011A92ED012A00EE810AE1
:10BAD000D1ED020A92ED021A01EE820AD1ED031AAB
:10BAE00092ED032A103110321B1F00EE810A01EE85
:10BAF000820A042BE2D206E0F1EC010A5B1EB2ECF2
:10BB0000011A00EE810A002BF6D1D0ED000A30EECA
:10BB1000800A80ED000A704700000000000000006D
:10BB200030B52DED068B81B0B0EE409B6A4651ECEE
:10BB3000190B02F015FBB7EEC98B00989FED2AABED
:10BB40007E30009000281BDCB4EE4A9BF1EE10FA28
:10BB500016D0002140F608004FF0000040F6080122
:10BB6000014040F608004FF000009FED210AB4EEBE
:10BB7000408AF1EE10FA04BF0220F5F787FA2AE0B6
:10BB8000FF2828DB002108464FF00000B4EEC9ABC7
:10BB900000F44005F1EE10FA94BF012400240220C5
:10BBA000F5F774FA9FED138A4DB1002C0CBF4FF4DA
:10BBB00000004FF48000A84218BF9FED0F8A0421B7
:10BBC00008464FF00000002C01BFB1EE480A01B05A
:10BBD000BDEC068B30BDB0EE480A01B0BDEC068B63
:10BBE00030BD000000000000000000000000000068
:10BBF000000000000000807FFFFF7F7F10B510EE87
:10BC0000104A4FF019406849002200EB44002DED26
:10BC1000028B884257D8DFED650A14F0004F60EEC2
:10BC2000200A14BF9FED621A9FED621A71EE200A7E
:10BC3000FDEEE00A10EE900A00EE900AF8EEE00A3F
:10BC40009FED5D1A00EEC10A9FED5C1A00EEC10A7D
:10BC5000DFED5B0A9FED5B1A00EE201ADFED5A0A5A
:10BC600040EE010A9FED591A594B00F0030100EE16
:10BC7000201A21EE000A7B4403EB8103D3ED000A76
:10BC8000544B7B4403EB810393ED001A524B41EE7E
:10BC9000000A7B4403EB8101801091ED000A70EEF5
:10BCA000800AEABB00EE100AB8EEC01ADFED4B1AAC
:10BCB0009FED4B0ABDEC028B01EE210ABCEEC00ADF
:10BCC00020EE200A10BD4FF0FF40A0431BD04FF0E4
:10BCD000CE40B0EB440F82BF9FED420ABDEC028B19
:10BCE00010BD4148B0EB440F28BF012293D202207F
:10BCF000F5F7CCF914F0004F15D0BDEC028BBDE880
:10BD0000104000F0A9B814F5000F02BF9FED370AEC
:10BD1000BDEC028B10BDBDEC028BBDE8104000E015
:10BD200007E000F08DB8BDEC028BBDE8104000F0DC
:10BD30008BB800EBD07359104FF07E5202EBC1511B
:10BD400000EE101AA0EB630002EBC05060EE200A78
:10BD500000EE100A20EE208A18EE100A88B118EEC4
:10BD6000100AB0F1FF4F15D018EE100AFFF717FEBA
:10BD7000042808BF00F070F8B0EE480ABDEC028B52
:10BD800010BD0220F5F782F9BDEC028BBDE8104032
:10BD900000F062B80220F5F779F9BDEC028BBDE83E
:10BDA000104000F051B800000000501E3BAAB840FF
:10BDB000000000BF0000003F0070313EF4FD053779
:10BDC00012BB2A3D12BB2A3EFFFFFF3EFFFF7F3F13
:10BDD000D2000100D6000100A60001000000004BC7
:10BDE00000007E4E0000803F0000A08500000000A3
:10BDF00008B59FED060A0A4601468DED000A684621
:10BE0000F5F70BFD9DED000A08BD000000000000E5
:10BE10009FED030B20EE000B7047000000000000B8
:10BE200000000000000000709FED030B20EE000BEF
:10BE3000704700000000000000000000000000103B
:10BE400030EE000A704700009FED020A20EE000A63
:10BE500070470000000000709FED020A20EE000A0B
:10BE6000704700000000001010B5044691ED000B73
:10BE7000FFF756FE84ED000A10BD00000000000030
:10BE800030B504462DED048B85B040F2FF7590ED82
:10BE9000008B0A4618EE900A8DED008B35EA1050A3
:10BEA0001EBF9FED239BB4EE498BF1EE10FA23D019
:10BEB00051EC180B05F044FD41EC180B18EE900AFC
:10BEC0008DED008B35EA10501CD0B4EE498BF1EEAD
:10BED00010FA11D10220F5F7D9F8FFF7A5FF10EEFF
:10BEE000901A18EE900A8DED000B8DED028B61F328
:10BEF0001E0001909DED008B84ED008B05B0BDEC24
:10BF0000048B30BD0220F5F7C1F8FFF781FF10EE7A
:10BF1000901A18EE900A8DED000B8DED028B61F3F7
:10BF20001E0001909DED008BE6E700000000000080
:10BF3000000000000000000010B541690446884779
:10BF40002069A04200D1002010BD00002DE9F04F73
:10BF500000260F4699B00546B04634464DE000BF76
:10BF6000A868C4EBC4028946D0E9013C03EB820017
:10BF70000B902D480FAA02920CEBC40A51F8082F1F
:10BF8000006A49680C91110A61F31F201C21834645
:10BF900004A8F4F777FFD9F81800006800F00EFC49
:10BFA0000490D9F81800806805905FEA0A0009D06B
:10BFB000C0F80080D9F80010416029B1498819B152
:10BFC000012102E0404603E00021016001B90020A8
:10BFD0000690D9F818001C2204A94068CDE9080B86
:10BFE0000C980A900298F4F7B4FE0B981C220FA943
:10BFF000F4F7AFFE761CB6B2641C0DB1288800E0E1
:10C000000020A04205D9686818B150F82410002912
:10C01000A6D11EB1A8684068386001E0C7F800806A
:10C0200019B03046BDE8F08F98BC01082DE9F04FFB
:10C030008946046809A9DDE90C8AB9F9005091E83C
:10C0400080180BFB0CF16943A4EB8101994201D2EA
:10C050003E4600E0002601EB8601994203EB87068D
:10C0600008D9454504D105E0B1EC010AA4EC010A68
:10C070008E42F9D80AFB0CF11388A8EB050C05EBEE
:10C080000A0801FB0BF103EB0C0515800FFA88F38E
:10C0900004EB810102E000BFA1EB87018E42FBD9D6
:10C0A0000160A9F80030BDE8F08F000010B59FEDE9
:10C0B0000C1AD3ED000A01EB820400EB8200001F92
:10C0C000241F8C420BD394ED000AB4EEE00AF1EE8B
:10C0D00010FA01D8B0EE410A80ED000AEFE710BD7A
:10C0E00000000000C0F343424FF00001042A01D0D9
:10C0F000082A06D1C0F3C612C0F341500121C24044
:10C1000091400846704730380A2801D20120704714
:10C11000002070472DE9F0478246089D25F0010078
:10C12000EC0803EB80099FED450A55E001C993ED4A
:10C13000001A00F00F07C0F3031602EB870702EBAB
:10C140008606D3ED014AD6ED000AD7ED001AC0F3FA
:10C15000072C00EE810A4FEA1C1C93ED025A02EBF9
:10C160008C07C0F30328D7ED000A01EEA40A02EB06
:10C17000880693ED033AD6ED002AC0F3074C93ED01
:10C18000044A00EE850A4FEA1C1CC0F3034702EB89
:10C190008C0C02EB87079CED002A02EE830A97EDD8
:10C1A000001AD3ED053A060FD3ED064A02EB8606D8
:10C1B00002EE040AD6ED001AC0F3036093ED075AAD
:10C1C00002EB8000203301EE230AD0ED000A641E4A
:10C1D00001EEA40A00EE850A002CA7D116E000BFEC
:10C1E00011F8010B93ED002A93ED011A040900F0F8
:10C1F0000F0002EB840402EB8000D4ED001AD0EDB6
:10C20000000A083301EE820A00EE810A4B45E7D3AB
:10C21000E8070AD011F8010B93ED001A000902EBB0
:10C220008000D0ED000A00EE810ADAED000A08462F
:10C2300030EE800A8AED000ABDE8F08700000000B9
:10C24000F0B504469FED3E0A059D03EB85001038CE
:10C2500027E00E7893ED001A4F7802EB8606D3EDB7
:10C26000012AD6ED000A02EB870611F802CF00EE94
:10C27000810A96ED001A02EB8C0791F801C093ED4C
:10C28000022AD7ED000A02EB8C0601EE220AD3ED5A
:10C29000031A891C103300EE820AD6ED000A00EE64
:10C2A000A10A8342D5D915F0030041D0012804D05A
:10C2B00002280DD003283BD11EE011F8010B93EDAD
:10C2C000001A02EB8000D0ED000A00EE810A2FE098
:10C2D0000878D3ED001A4D78891C02EB8000D3ED6D
:10C2E000010A90ED001A02EB850001EE210A90EDA3
:10C2F000001A01EE200A1BE0087893ED002A4D7821
:10C3000002EB80008E7893ED011AD0ED001A02EB5B
:10C310008500D3ED020A01EE820AD0ED001A02EB8D
:10C320008600C91C01EE810A90ED001A01EE200A78
:10C33000D4ED000A084630EE800A84ED000AF0BD14
:10C340000000000070B5054648880C4669888842A0
:10C3500002D9A2B1002070BD8AB100260BE061684D
:10C36000C6EBC6006A6801EB800102EB80001C226C
:10C37000F4F7EFFC761C6088B042F0D801E060680A
:10C3800068606088688020882880012070BD000077
:10C3900030B500B3F9B1F2B15268E2B10F4C136895
:10C3A000A34203D00129026013D014E00023121D20
:10C3B00007E000BF52F82350A54204D040F82350B4
:10C3C0005B1C8B42F6D38B4205D152F82300A0426E
:10C3D00001D1012030BD002030BD0000DECAFAA12D
:10C3E00070B506000D4614461AD0CCB1104600F0C8
:10C3F000C3FA00B16088A84212D10421002309E0E9
:10C40000C3EBC302606801EB8202805820B146F89A
:10C4100023005B1CAB42F3D3AB4201D1012070BDC2
:10C42000002070BD0349884201D1012070470020DF
:10C4300070470000DECAFAA12DE9FE4F04009246C3
:10C44000894603D0208E20B1656B03E00020BDE853
:10C45000FE8F0025217C00206083C943208388074C
:10C4600002D030221121DCE0B9F1000F62D0002DA2
:10C4700060D02888C8B3D9F818000026D0F800800A
:10C4800056E0A868006800EB0610019052D060B337
:10C49000C6EBC6000290012109EB8000009000F07D
:10C4A00075FA0246DBF8180041688A421AD8009AE9
:10C4B000DBF80C309269DF68D2F80CC0674511D107
:10C4C0009F68D2F808C067450CD15B6852689342F8
:10C4D00008D1006800F062F90746584601F03EFFB7
:10C4E000874203D2182212219BE023E0DBF81800D8
:10C4F000006800F063F90299C00159F82110B0EB0F
:10C50000C11F01D01922EEE70098406890B1009851
:10C510008069006880B14045414600D208465A46CD
:10C520008046DDE9001000F08FF806F101062DB11C
:10C53000288804E01722D6E72122D4E70020B04261
:10C5400006D9686820B150F826B0BBF1000F98D129
:10C55000BAF1000F73D0208E012806D9656B0C3517
:10C5600003D0288808B1002657E0182258E0A868B0
:10C57000006800EB061B39D0BBF1000F36D0C6EBCC
:10C58000C600019001210AEB8000009000F0FEF946
:10C59000D9F8183059688842E7D8009AD9F80C00C1
:10C5A0009269C768D2F80CC06745DED18768D2F8B7
:10C5B00008C06745D9D1406852689042D5D1186803
:10C5C00000F0ECF80746484601F0C8FE8742CCD39D
:10C5D000D9F81800006800F0F1F80199C0015AF884
:10C5E0002110B0EBC11F03D0192219E0172217E068
:10C5F000009840680028F9D000988069006870B100
:10C600004045414600D20846009980464A46584671
:10C6100000F01AF806F101063DB1288806E0212253
:10C620001321204600F0C6FC10E70020B04206D9D6
:10C63000686820B150F82690B9F1000F97D14FF0FB
:10C640000100A4F8188002E770B50E4604461546AE
:10C65000104601F083FEA0600146B06900684843BF
:10C66000E06071686160726810442060A8690268C7
:10C67000920007D4D0E90223D21A11448160A9693B
:10C680006068C86070BD2DE9F0410025064620E0D5
:10C69000B268816913680A6803EB0514920005D536
:10C6A0008968D4E9010203F0C3FB08E0D1E9022361
:10C6B0006768D21A3A448A6080696168C16094E808
:10C6C000070011446160814201D3E168411A616051
:10C6D0006D1C0EB1308800E00020A84206D97068B9
:10C6E000002803D050F825000028D1D1BDE8F08102
:10C6F0002DE9F041002506462BE0B26888691268F2
:10C70000036802EB05149A000FD58068D4E9011282
:10C7100003F08EFBD4E9010108446060216888427F
:10C7200001D3E068081A606012E0D4E90020A36831
:10C7300018446060904201D3E068101A60608A6912
:10C74000D2E90237DB1B1844906089696068C860D1
:10C750006D1C0EB1308800E00020A84206D9706838
:10C76000002803D050F825100029C6D1BDE8F0817B
:10C770007047704770B579B1C0F3C615C0F3415228
:10C780006943C91D21F00704D440FFF7ABFC00FB4F
:10C790000540C01DC00870BD002070BD59B1C0F378
:10C7A000C613C0F341525943C91D21F00700D040C0
:10C7B000C01DC0087047002070470000C0F343410F
:10C7C00002294FF0400130B519D03B4A20F07E439A
:10C7D0004D019C1A934263D028DC384A9342A3EB64
:10C7E00002045DD018DC402B5BD0403BB3F58023C6
:10C7F00050D0802B3DD0B3F5806F52D134E0C0F3E0
:10C80000C051C0F3C612C90500F07F0341EAC2114E
:10C81000194341F4802144E0A4F54074F93C26D04A
:10C820000F2C3AD0AC423CD125493AE0254BE21AD4
:10C830009C4229D00CDC244AA21813D0B2F5F83F50
:10C840001FD0224BD2181AD0B2F5607F29D112E046
:10C85000A2F54072F93A10D00F2A18D0AA4220D17E
:10C860001B491EE01B491CE01449C91F19E01A4965
:10C8700017E01A4915E01A4913E01A4911E01A495C
:10C880000FE0194980390CE01549C91D09E0154927
:10C890000F3106E01149803903E00F490F3100E004
:10C8A000114600F0804200F000530A43134300F0A9
:10C8B0000060184330BD0000400406004704040037
:10C8C0004010040007007E0000F483FF800FFEFF8D
:10C8D000401084004010820040080400C0000400A2
:10C8E0004004840040088400C00084000022014607
:10C8F000104810B500F030F910F0FF0F05D00EA170
:10C9000000F0E0F84FF0FF3010BD0A4C0021103C61
:10C91000206900F093F960610021206900F098F926
:10C92000A061221D616949681160111D406808609D
:10C93000002010BDB00C002461695F6E6574776FD4
:10C94000726B5F6372656174655F616E645F696E6F
:10C950006974000070B514460D46064600F00CF8E8
:10C9600040B17068C5EBC50110EB810002D0446096
:10C97000012070BD002070BD28B1416819B1408808
:10C9800008B101207047002070470000020010B578
:10C990002AD01068154BB3EBC01F03D0144BB3EB78
:10C9A000C01F01D1012000E00020084290694068CA
:10C9B00002D01F3020F01F005369D9B2012900D0E6
:10C9C00000211B0A07E0012907D0946954F821408F
:10C9D0006043491C1AB11C4602E00124F8E7002418
:10C9E0008C42F0DC002800DC002010BD006000421A
:10C9F0000060000209A108B50968009148B10178FA
:10CA00009DF80020914204D104226946F4F711F9FF
:10CA100008B1002008BD012008BD00000384048483
:10CA20002DE9F041066C0025816B0446C163CEB14F
:10CA3000D9B10120626CB0470CE00220626CB047B3
:10CA4000E06BFFF779FA0746626C0320E16BB047B1
:10CA50006D1CE763E16B0029EFD106E0FFF76CFA8C
:10CA60006D1CE063E06B0028F8D12846BDE8F0813A
:10CA700003460020996B002908D00A69401CCB604E
:10CA80008A4203D0002A01D01146F6E770472DE90B
:10CA9000F041846B002594B1012600272079C0075E
:10CAA00007D0216A204611B18847304600E0384659
:10CAB00005442069A04202D008B10446EEE72846AA
:10CAC000BDE8F0814FEA102229B11346C0B20246F8
:10CAD00003A0F3F721BEC1B20EA0F3F71DBE000004
:10CAE000582D435542452D4149206572726F722081
:10CAF00028257329202D20747970653D30782530E4
:10CB0000327820636F64653D3078253032780D0AC5
:10CB100000000000582D435542452D4149206572C3
:10CB2000726F72202D20747970653D307825303217
:10CB30007820636F64653D3078253032780D0A00C7
:10CB40001CB500230522CDE90023024A012300F091
:10CB5000F7F81CBD540800242DE9F0438FB01646A9
:10CB60000F4605460021FFF7EBFF10F0FF0F804650
:10CB70000AD1684600F034F818B100240DF10C0910
:10CB80000EE0286800F040F80FB0BDE8F08300BF69
:10CB900057F8242021464846FFF7DCFE641CA4B267
:10CBA0001FB1BDF80E00A042F2D800246F4607E086
:10CBB00056F82420381D2146FFF7CCFE641CA4B291
:10CBC0001EB1BDF80600A042F2D82868694600F000
:10CBD0001DF818B9286800F017F880464046D3E7DA
:10CBE0001FB500280CD00749D1E90023CDE9002367
:10CBF000D1E90221CDE9022102A96A4600F034F808
:10CC000004B010BD9422010800F0E8B82DE9F0410D
:10CC10000D46064600F0F0F8041E0DD0294601F03E
:10CC2000F7FE07462946204601F09CFE00EA07046D
:10CC3000304600F06DF92040BDE8F08110B902489F
:10CC4000024A026000F05AB8540800240001C0A152
:10CC500010B90248024A026000F0B2B95408002438
:10CC60000001C0A100F07CB910B570B169B162B12A
:10CC7000074C01230460D1E90041C0E90141D2E938
:10CC80000012C0E90312184610BD002010BD0000BC
:10CC9000DECAFAA1016810B1024A8A4300D000201E
:10CCA000704700000001C0A130B44AB140B139B1B1
:10CCB000074C1368A34206D130BC0C32FFF790BB7F
:10CCC00030BC0020704730BC1C32FFF761BB000055
:10CCD000DECAFAA130B44AB140B139B1064C13688A
:10CCE000A34206D130BC121DFFF77ABB30BC002036
:10CCF000704730BCFFF74CBBDECAFAA1F8B50E4650
:10CD0000FFF7C8FF04000AD000270097208E00B16B
:10CD1000606B6946FFF71AF9050006D00BE0102298
:10CD2000114600F047F90020F8BD182220461121D5
:10CD300000F040F9009706B135800098F8BD00007A
:10CD40002DE9F04F89B04FF0000A05005746214EFB
:10CD50009146DDE9121063F3070754469B460191A3
:10CD600061F30F27039060F3174718D0C5F80090C0
:10CD700000F063F9B8B10022B046B68AC7F30721C4
:10CD8000F8B200F04EF900220746C6F30721F0B2D0
:10CD900000F047F9874208D0D8F804400EE0F06967
:10CDA00009B0BDE8F08F346808E00BA0006800907F
:10CDB0006846FFF71FFE18B9D8F80840C5F800A06C
:10CDC0005846039A019900F02CF9C9F8080020464A
:10CDD000E6E7000098BC01080384048410B5FFF75F
:10CDE00059FF20B1BDE810400C3000F020B90148D7
:10CDF000806910BD98BC01082DE9F04F91B00C4638
:10CE0000FFF748FF050013D0B4B120683CA1FFF73D
:10CE100009FB06004FF0000B11D020680190D4E907
:10CE20000301CDE90401D4E90101CDE9020144E0A7
:10CE3000002011B0BDE8F08F112210215DE0D4F880
:10CE400004A001212046FFF7A1FDD4F820908046E0
:10CE5000012104F11C001090FFF798FD2A491422CB
:10CE6000074607A8F3F775FFB8F1000F4FF0010070
:10CE700002D0ADF8220002E00024ADF822B00994FF
:10CE80001FB11099ADF82A0002E00021ADF82AB0D8
:10CE9000B9F1000F0B9102D10FB1132206E0BAF1E4
:10CEA000000F05D1B8F1000F02D01222102123E0AB
:10CEB000142207A901A8F3F74CFF144928688842F7
:10CEC00012D186F0010202A9144605F12000FFF7F5
:10CED00039FA68B104A9224605F12800FFF732FAB1
:10CEE00040B12846FFF7C4FD032028612846A0E78B
:10CEF000122200E013221621284600F05BF897E783
:10CF0000696E697400000000ECBC01080001C0A15A
:10CF100070B5FFF7BFFE002807D0017C890705D454
:10CF20001022112100F046F8002070BD0B4A016864
:10CF3000914211D10546FFF7AAFD286C60B1AC6B98
:10CF400054B1D5E910320020214698472069A0420B
:10CF500002D008B10446F4E7012070BD0001C0A171
:10CF600070B513460D46FFF795FE04461A4629464E
:10CF7000FFF762FA00281CD0208E08B1666B00E033
:10CF80000026012802D9656B0C350DE000250BE069
:10CF90003046FFF778FB2046FFF742FD2846FFF7B3
:10CFA000A7FB608B401C6083608B218B8842EFD392
:10CFB00080B270BD002802D00C3000F05BB8704722
:10CFC000F8B50E46FFF766FE040007D0002700976D
:10CFD000208E012808D9606B0C3006E01022114623
:10CFE000FFF7E8FF0020F8BD00206946FEF7AEFF1E
:10CFF000050005D1182220461121FFF7DBFF00971D
:10D0000006B135800098F8BD016802460120090A82
:10D0100004E05368491E53F8213058430029F8D1E1
:10D020007047000640EA014040EA0220704701686C
:10D03000002202700260084670470120704728B144
:10D04000806918B1D0E90001FFF794BB0120704757
:10D0500010B1806900B1014609B1886870470020AD
:10D06000704728B1806918B1D0E90001FFF782BB91
:10D0700000207047037813F0FF0F01D000207047A5
:10D080000170016862F31F210160012070470000F8
:10D0900010B504460420F9F782FF08494FF0E0205C
:10D0A0000C804FF47A714C43016941F00201016137
:10D0B0004461016941F00101016110BDFC000024DF
:10D0C0002DE9F04F044680699EB0018809B142689D
:10D0D00000E0002252682AB109B1426800E0002253
:10D0E00052681268012902D943680C3300E000231A
:10D0F0005B6843B1012902D940680C3000E0002090
:10D100004068006800E00020236BD168956986695B
:10D110001A68C068CF68C2F1000A0F975B681C9359
:10D12000AB681793B3680793C3681893806810902F
:10D1300088680490D1F80490E0690990206A08900A
:10D14000606A1690A06A159000206CE0CAF1000198
:10D15000002900DC00210F98514406910899A0EBAA
:10D160000A00884200D3084600EB0A081C98454292
:10D17000002050E06842002800DC00200499284488
:10D180004A1B09998A4200D30A46049B06992A44FD
:10D19000069F94F8346001FB0301831A101A1A9059
:10D1A000A7EB080700FB09F07B4313934FF0000740
:10D1B000049A01FB09F102FB09F2199214901798E5
:10D1C00000EB810B1EB1DDE90810484300E0139825
:10D1D000069E1D90012014E01A990F441399B9423C
:10D1E00001D11D9900E000214B46CDE90010149AB1
:10D1F0005946079801F0C4FE19990020761C0BEBE4
:10D20000810B4645E8DB079901EB890007901698EA
:10D2100005440D98401C10990D908842AAD3159989
:10D220000E988A44401C0E900146189881428DD376
:10D230001EB0BDE8F08F2DE9F04F81699FB00A88DC
:10D240000AB14B6800E000235B682BB10AB14B6860
:10D2500000E000235B681B68012A9A4602D94B68EC
:10D260000C3300E000235B683BB1012A02D94B6814
:10D270000C3300E000235B681B68022A9B4602D93E
:10D280004B68183300E000235B683BB1022A02D9E7
:10D290004B68183300E000235B681B68022A99463C
:10D2A0000BD94B6813F1180F07D033F8184F012C26
:10D2B00003D95B6813B15B6800E00023D9F818401C
:10D2C0000894DBF80CE0C56BB0F82880A7680997D4
:10D2D0001FFA88F8848DDEF804601B96A4B2B5F8B6
:10D2E00000C0AE88058E1FFA8CFCCDF87480B6B2F3
:10D2F000B0F83480ADB21C94D9F80C401FFA88F80D
:10D30000CDF834C0DAF818C00396DAF80C900B9513
:10D31000D4E90145C069D9F804A00C90DCF80800F4
:10D320000A971290DEF80C000690DEF808001A90BA
:10D33000D9F80C001990D9F80800139013B1986926
:10D34000806800E0002015900B9B6E1EDBF81870C3
:10D35000A8F101005B1EA4F1010C06FB005B0CFBB5
:10D360000349B868032A169002D94868243000E0BF
:10D370000020406858B1032A02D94868243000E0F0
:10D3800000204068006810B18069866800E00026CF
:10D39000032A02D94868243000E00020406858B1D0
:10D3A000032A02D94868243000E000204068406821
:10D3B00010B181698F6800E0002708990968C1F3FE
:10D3C000C613C1F34152C1F34341D34008290AD1E6
:10D3D0000899CA683AB1816938464968CDE900A11F
:10D3E000099901F00FF807B90A9FDDE90B03CDF8A1
:10D3F00038903A461193CDE90F08DDE91C130D9FD3
:10D40000CDF834B00A97CDE90B31039807941B9CF3
:10D41000CDE90850DDE91910139BCDE90410CDE9E1
:10D420000243CDE9006A1298DDE9153100F016FAE1
:10D430001FB0BDE8F08F2DE9F04F81468069ADB097
:10D44000018809B1426800E0002252682AB109B19E
:10D45000426800E000225268126801290F9202D946
:10D4600042680C3200E0002252683AB1012902D928
:10D4700042680C3200E000225268126802291092C1
:10D4800002D94268183200E0002252683AB10229FB
:10D4900002D94268183200E000225268126802295C
:10D4A00093460BD9426812F1180F07D032F8183F93
:10D4B000012B03D9526812B1526800E00022099290
:10D4C000022902D94268183200E00022526842B1B3
:10D4D000022902D94068183000E0002040688768BF
:10D4E00000E000270F98DBF80C30D9F85850D9F835
:10D4F0003C20C6681098C068818809B22591B1881F
:10D5000009B22691B3F804801C892B880FFA88FA97
:10D51000B5F804C024B21188858989B20491B18913
:10D520002DB2B9F82880008909B236891FFA88F827
:10D53000239500B2B9F82C5036B224909088ADB241
:10D540002291118980B22196B9F81C6089B2928922
:10D55000CDF80C8036B2B9F8308092B20295B9F8A5
:10D5600034500590B9F84400ADB21991B9F84C1097
:10D5700000B21A92B9F850200D9008B2159010B26E
:10D58000189018B217900FFA8CF00A961FFA88F6C6
:10D5900008903846D9F82010FFF75AFD1290384607
:10D5A000FFF75FFD11903846FFF749FD0F9B864658
:10D5B000D9F82400721E691E9B699B682A93109BF0
:10D5C0009B699B682993DBF818309B682B93099B18
:10D5D0009B699B682093631E0F90D9F85C0016909E
:10D5E000AAF1010003FB014300FB02A0219A1BB238
:10D5F0000FFA80F80598A2EB0802B9F848700244C7
:10D600001A983FB20244039892FBF0F2D9F818003E
:10D6100001881497521C12B20992229AD71A049ABE
:10D6200003291744199A1744029A97FBF2F202F160
:10D63000010B02D94268243200E0002252685AB13C
:10D64000032902D94268243200E00022526812689D
:10D6500012B19269926800E000220329914602D932
:10D660004268243200E00022526842B1032902D904
:10D670004068243000E000204068406800E000205E
:10D68000089FDDE917C2159980698068CDE91E7C85
:10D69000169F0FFA8BFCCDE91C1214990D9ACDE957
:10D6A00018E70F9FCDE91A21DDE91112CDE914C762
:10D6B00021AFCDE91621DDE90912CDE91065CDE9EB
:10D6C0001221DDE902250DA90C9581E80C01DDE9A7
:10D6D0000412CDE908A4CDE90A2197E81E0004AFA1
:10D6E000079387E81600DDE92512CDE90009CDE9A9
:10D6F0000221209B2B9ADDE9291000F05BF92DB067
:10D70000BDE8F08F2DE9F043806987B0018809B149
:10D71000426800E0002252683AB109B1426800E074
:10D7200000225268D2F800C001E04FF0000C01293D
:10D7300002D942680C3200E00022526842B101294D
:10D7400002D942680C3200E000225268156800E0FD
:10D750000025022902D94268183200E000225268EE
:10D7600042B1022902D94268183200E00022526810
:10D77000136800E0002302290BD9426812F1180F48
:10D7800007D032F8184F012C03D9526812B15268F1
:10D7900000E00022DCF80C40D5F80C800329D3F817
:10D7A00018906768D8E90164D8F80C80D9F800307F
:10D7B00004FB08F423F07E4304D9D0F8048008F178
:10D7C000240801E04FF00008D8F80480B8F1000FF9
:10D7D0000CD0032902D94068243000E000204068C2
:10D7E000006818B18069D0F8088001E04FF00008A7
:10D7F000A869DCF818108068896812B19269956888
:10D8000000E00025DFF850C013EB0C0CD9E902232F
:10D8100010D0BCF59C0F15D0BCF5DC0F07D1CDF8AE
:10D820000080CDE90364CDE9015700F059FA07B053
:10D83000BDE8F0838DE8A700CDE90564684600F0F7
:10D8400001FAF4E7CDF80080CDE90364CDE9015792
:10D8500000F09AFAEBE70000C0EF7DFF2DE9F04FF2
:10D860009A462DED028B99B02E9CCDE91201C4F1A0
:10D87000000B16929FED4E8A00202A991490884240
:10D880007ED22D98CBF1000640420D90002E00DC98
:10D89000002628983199A0EB0B00884200D3084657
:10D8A000269BDDE92B21139CA0EB0600169DD1469B
:10D8B0004A4313990E9001EB830724992798002976
:10D8C0000BEB060101FB00F1259801FB00F102FBC7
:10D8D00000F8129800EB81000C9027D0A5F10060B1
:10D8E000B0F1807F22D34FE0BAF1000F02D0B9EC43
:10D8F000010A01E0B0EE480A2F990DF1040CDDE9B0
:10D900000D02CDE90701CDE90562DDE92B23299957
:10D9100027988CE80F0026982A46259B0C990090A2
:10D92000204600F063FC241D05EB8805BC42DBD3D8
:10D930002CE000BF24994FEA8802284602F078FACA
:10D94000BAF1000F02D0B9EC010A01E0B0EE480ACA
:10D95000DDE90D1006AB2F9A05960DF1040C83E856
:10D960000700DDE92B23299927988CE80F002698DA
:10D97000DDE924230C990090204600F037FC00E0FC
:10D9800010E0241D05EB8805BC42D3D326992998C5
:10D99000309A48431399934401EB800013901498F4
:10D9A000401C6AE719B0BDEC028BBDE8F08F0000A7
:10D9B000000000002DE9F04F2DED028BA1B0DDE954
:10D9C0003F5CDDF8DC80419F4B9E2F9C1C93CDE992
:10D9D0001D1242991A912C991091169107B900279E
:10D9E000479A0023ADF83C30CDF860C005FB02F14A
:10D9F000C8F100020B9241971590ADF85C609FED65
:10DA0000908A61431B96199311910EE11898002892
:10DA10007DDD0B984142369840421490002900DC8D
:10DA200000210B9A31988B463A99801A884200DB84
:10DA300008462D9BDDE93412DDF87090A0EB0B0059
:10DA4000109F1E9E51430B9A002B309B5A441290FC
:10DA50002E9802FB03F201FB00FA02FB00F215987C
:10DA600000EB82000E9004D0A6F10060B0F1807F40
:10DA700028D24FF0000822E01C9810B1B9EC010A3E
:10DA800001E0B0EE480A3899129A1498CDE90701DE
:10DA9000CDE905B2DDE9342030990295CDE90320C6
:10DAA000CDE900412E9B32460E99384600F09EFB90
:10DAB00008F101000FFA80F83F1D06EB8A06A04529
:10DAC000DADB30E04FF000082BE000BF2D994FEA81
:10DAD0008A02304602F0ACF91C9810B1B9EC010A88
:10DAE00001E0B0EE480A3898129B149ACDE907205D
:10DAF000CDE905B3DDE93410309A0295CDE9031084
:10DB0000CDE90042DDE92D230E99384600E036E0EC
:10DB100000F06CFB08F101000FFA80F83F1D06EBE6
:10DB20008A06A045D2DB119800262C9901EB8008CB
:10DB30001EE0419880B110992246DDE94173084604
:10DB4000B847DDE94201084442901A99411A4498C5
:10DB5000814201DB1A984290109800EB84001090EB
:10DB6000804503D81199A0EB81001090761C36B245
:10DB7000AE42DEDBBDF85C00401CADF85C001898DE
:10DB8000401E00B2189000280DDA49980FAA479954
:10DB9000CDE90310CDE90145119817A92C9B009000
:10DBA00010A8FEF743FABDF95C004799884238DBBC
:10DBB00049990123401AADF85C0019988AB21D9961
:10DBC000401C00B21990329880B2CDE90520CDE911
:10DBD00007314898479B82B24A989BB2019381B221
:10DBE0001B980492A3B280B2459ECDE902104698DC
:10DBF00080B20090BDF83C104798401AA9B282B29A
:10DC00001698B0473298499904FB00F21B98401AC5
:10DC10001D99002801EB82011D9100DC002000B25B
:10DC20001B9039990B9808440B90339919988842A6
:10DC3000FFF6ECAE21B0BDEC028BBDE8F08F00002A
:10DC4000000000002DE9F04F04462DED028B81B05D
:10DC5000D4E905014843D4E9005105EB80098A461F
:10DC600035E061692E46D4F810B0A7689FED1B8A95
:10DC700005EB81080EE000BF8DED008A5B46524641
:10DC800039466846FDF7B0FE9DED000A07EB8B07AD
:10DC9000A6EC010A4645EFD3E06890B100200DE004
:10DCA000E26805EB800102EB8002D1ED000A92ED03
:10DCB000000A401C30EE200A81ED000A61698142B1
:10DCC000EED8D4E904120AEB810A05EB82054D4532
:10DCD000C7D301B0BDEC028BBDE8F08F000000009F
:10DCE0002DE9FF4F04468B462DED028B83B0DDE915
:10DCF0001550DDE9128ADDF8509068435FEA0801AB
:10DD000004EB800604D04022184602F091F832E07D
:10DD1000984630E0079904EB85079FED1A8A0DE0DD
:10DD20008DED018A01A85B464246CDF80090FEF7D2
:10DD3000F1F99DED010A0146A4EC010ABC42EFD3C2
:10DD4000BAF1000F0BEB890B15D00020A4EB850175
:10DD50000DE000BF0AEB800301EB8002D3ED000A67
:10DD600092ED000A401C30EE200A82ED000AA84223
:10DD7000F0D301EB8504B442CCD303B0BDEC028BED
:10DD8000BDE8FF8F000000002DE9FF4F04468B46E1
:10DD90002DED028B83B0DDE91550DDE9128ADDF847
:10DDA000509068435FEA080104EB800605D04FF409
:10DDB0008062184602F03CF833E0984631E007995B
:10DDC00004EB85079FED1A8A0EE000BF8DED018AF6
:10DDD00001A85B464246CDF80090FEF731FA9DED72
:10DDE000010A0146A4EC010ABC42EFD3BAF1000FCC
:10DDF0000BEB890B15D00020A4EB85010DE000BFD3
:10DE00000AEB800301EB8002D3ED000A92ED000AD9
:10DE1000401C30EE200A82ED000AA842F0D301EB4C
:10DE20008504B442CBD303B0BDEC028BBDE8FF8FB9
:10DE30000000000010B501EB820400EB8200D3EC7F
:10DE4000030AF5EEC01AF1EE10FA29D2B5EEC01AA7
:10DE5000F1EE10FA11D0001F241F8C421FD394ED55
:10DE6000000AB4EEE00AF1EE10FA03D830EE600AD0
:10DE700020EE010A80ED000AEDE79FED161A0AE098
:10DE800094ED000AB4EEE00AF1EE10FA01D8B0EE1B
:10DE9000410A80ED000A001F241F8C42F0D210BD01
:10DEA000001F241F8C42FAD394ED000AB4EEE10A5D
:10DEB000F1EE10FA09D8B4EEE00AF1EE10FA06D845
:10DEC00030EE600A20EE010A01E0B0EE610A80ED5A
:10DED000000AE5E7000000009FED080A01EB82035D
:10DEE00000EB8200001F1B1F8B4206D3D3ED000AFC
:10DEF000C0FE200AC0ED000AF4E7704700000000F1
:10DF00002DE9FC5FB2FBF3F2824689460C9D1C466C
:10DF100003FB05F0CDE900050020B2FBF5FB8046D0
:10DF2000584516D200274E46554608E0019A23462A
:10DF30003146284600F010F82D1D361D7F1CA742E3
:10DF4000F4D3009809EB80090AEB800A08F101007C
:10DF5000E5E7BDE8FC9F00002DE9F0471E461546A9
:10DF60000F4680462DED028B0120D1ED008A9FEDFA
:10DF7000208A08E000FB06F1401C07EB810191EDCF
:10DF8000000AC8FE808AA842F4D3002411E000BF32
:10DF900004FB06F907EB890090ED000A30EE680AF1
:10DFA000FDF72CFE30EE088A08EB8900641C80ED3A
:10DFB000000AAC42ECD3B5EEC08AF1EE10FA12D0F2
:10DFC000F7EE000A002080EE880A0AE000FB06F166
:10DFD000401C08EB8101D1ED000A60EE800AC1ED22
:10DFE000000AA842F2D3BDEC028BBDE8F087000026
:10DFF0000000000070B505468069018809B14268DB
:10E0000000E00022526832B109B1426800E000220B
:10E010005268146800E00024012902D942680C32D9
:10E0200000E00022526842B1012902D940680C3058
:10E0300000E000204068066800E00026E86988B13A
:10E040004068012804F1080027D0FEF7DDFFA16930
:10E050000246E869B46989688368A068BDE87040D1
:10E06000FFF7E8BEB169A0698E68856804F1080011
:10E07000FEF7CAFF05EB80019FED0E0A06EB80005C
:10E0800006E000BFD1ED000AC0FE200AC0ED000A84
:10E09000001F091FA942F5D270BDFEF7B5FFA169A7
:10E0A0000246E869B46989688368A068BDE8704081
:10E0B000FDF7FCBF00000000F8B505468069018847
:10E0C00009B1426800E00022526832B109B14268E9
:10E0D00000E000225268146800E00024012902D9FF
:10E0E00042680C3200E00022526842B1012902D994
:10E0F00040680C3000E000204068066800E0002620
:10E1000004F10800FEF780FFA1680246B5F920007F
:10E11000B0EB112F03DAE16851F8201000E0012183
:10E120002369B0EB132F03DA636953F8200000E092
:10E13000002000918308A069B4698168A068FFF796
:10E14000DFFEF8BD04490A685206FCD5024AC1B296
:10E150000C321160704700001C44004000000000B9
:10E1600082B04FF0000CCDE90001009BC2F800C066
:10E17000DFF864C021F00040604529DA034327D06E
:10E18000B0F5801FA8BF13680EDA9DED000B9FED60
:10E19000141B6FF0350320EE010B10EE901A8DED7D
:10E1A000000B136021F00040DFF83CC06FF31E51FC
:10E1B0000CEB20501844106041F0FF5040F000502C
:10E1C00001909DED000B00BF51EC100B02B07047A9
:10E1D0009DED000BF8E700000000F07F000000005C
:10E1E000000000000000504302FCFFFF2DE9FF4F3C
:10E1F00082462DED020B82B0DDF85080DDE9161964
:10E20000DDF848E0189C01FB08F15943002702EBB8
:10E21000810B9BE06242002A00DC0022AEEB04018D
:10E22000414500D34146A618891AAEEB010502FB11
:10E2300003F05D430195A8EB01025E4303FB01F58A
:10E2400005990BEB80005A4301EB860100920026F2
:10E25000F0EE400A70E000BF002225F00F0C57E0FE
:10E2600091ED001AD0ED004AD1ED013A90ED014A4E
:10E2700044EE810A91ED023AD0ED022A91ED032A93
:10E28000D0ED031A103144EE230AD0ED044A90ED8C
:10E29000054A90ED061A42EE830A41EE820AB1EC7D
:10E2A000042AD0ED071A44EE820AD0ED094A90ED17
:10E2B0000A2A44EE220A41EE030A90ED081A41EEC2
:10E2C000A30AF1EC042AD0ED0B1A41EE220AD1ED9B
:10E2D000022A91ED031A44EE830AD0ED0C4A90ED28
:10E2E0000E3A42EE230A91ED012AD0ED0D3A41EEAD
:10E2F000840A91ED004AD0ED0F1A403010311032EF
:10E3000044EE840A43EE820A43EE220A41EE810A79
:10E310009445A5DC07E000BFB0EC011A521CF1ECFB
:10E32000011A41EE210AAA42F6DB019A761C01EBA2
:10E330008201009A00EB82004E458DDBCAED000A97
:10E3400011997F1C19980AEB810A0444139887429B
:10E35000FFF460AF08B0BDE8F08F000030B5D0E941
:10E360000551C368064CD868EB68096858432140DA
:10E37000A1F58022C03A01D1C01DC00830BD000007
:10E38000FFFF7F012DE9F0411A4C00251A4F04F1DF
:10E390008006A078B8B91948016841F08071016021
:10E3A0007D60386840F001003860F8F79BFA144A45
:10E3B0000121B0FBF2F0A06200B9A1620020E56289
:10E3C000C6E90C00A1707868E16A884206D2D6E9F5
:10E3D0000C12091C42F10102C6E90C12E062D6E9F6
:10E3E0000C31A26A181869410023F2F703F9BDE85D
:10E3F000F081000028000024001000E0FCED00E0A7
:10E4000040420F00F0B5042BDDE9055400EB840415
:10E4100027D0082B32D12FE06E08002312E00F78AE
:10E420003F0902EB870797ED000A80ED000A11F81B
:10E43000017B07F00F0702EB870797ED000A80EDDD
:10E44000010A0830B34203F10103E8D3EB0708D017
:10E4500011F8013B1B0902EB830393ED000AA0ECCA
:10E46000010AA042D8D309E011F8013B02EB830373
:10E4700093ED000AA0EC010AA042F5D30846F0BDD6
:10E480001FB500240094019402940394F7F7C0F997
:10E4900001208DF80C001F218DF8081087228DF8BF
:10E4A00009208DF80D008DF8000068468DF80A40AF
:10E4B0008DF80E408DF8014001948DF80B408DF8D9
:10E4C0000F40F7F777F90420F7F7B0F9F7F702F9FB
:10E4D000FCF752FB4FF4F070FEF7DAFDFAF77EF826
:10E4E000FAF712F8FAF742F9FAF778F9FAF7AAF90F
:10E4F000FAF79AF8FAF7CCF8FAF7DCF9FAF702F932
:10E50000F9F7EAFFFAF760FA04A0F5F786F800F0E9
:10E510000DFBFAF727F800F01BFBFEE7424F4F54C4
:10E52000204F4B0D0A00000005280ED2DFE800F056
:10E53000030507090B0000207047012070470220E7
:10E540007047032070470420704705207047000083
:10E550001148502110B5F2F795FC0F4814215030A6
:10E56000F2F790FC0C4814219830F2F78BFC0C4821
:10E5700000229FED0A0A00F5806105234270827037
:10E5800080F8C53481ED440A80F8C73481ED430A30
:10E5900080F8192510BD0000F413002400000000CD
:10E5A000940F002410B53A482DED028B86B06946D1
:10E5B000F4F7BCFD48B1FFF7CBFF00F0E7F84FF0F0
:10E5C000FF3006B0BDEC028B10BD32481422694604
:10E5D000F2F7BFFB00206A469DED008A5FF0010163
:10E5E00002EB810393ED000AB4EEC80AF1EE10FAD3
:10E5F00002DDB0EE408A0846491C0529F0D3FFF73A
:10E6000093FF254C142204F5806184F8C70481ED42
:10E61000438AA078694600EB800004EB800000F597
:10E620008C60F2F796FB6078042801D2401C607081
:10E63000A078401CC0B2A070042801D30020A070B4
:10E6400094F81B05FF2802D2401C84F81B05607853
:10E65000042801D3012000E0002084F8190500F00F
:10E66000B9F800F0F9F800F091F80C48007860B1C2
:10E6700094F81B05042808D394F8190528B1012043
:10E6800084F81A05042184F8C414002099E70000D6
:10E69000241100248C140024940F0024230000244F
:10E6A00070B5284C0646B4F824550F2D08D205EB5A
:10E6B00045003146182204EBC0001030F2F749FB48
:10E6C0004FF6FF70854201D26D1CADB2A4F82455FF
:10E6D000002200BF06EB8200D0ED000A04EB8200AE
:10E6E000521C90ED5E0A062A30EE200A80ED5E0A8A
:10E6F000F0D315481821F2F7C5FB13489FED130A14
:10E70000E0380C2D80ED450A1AD30020B2EE080A3D
:10E7100004EB8001401CD1ED5E0A01F58061062802
:10E7200080EE801A81ED321AF2D30020022184F8A3
:10E73000C414A4F82605A080BDE87040FFF708BF08
:10E7400070BD0000940F0024741400240000000029
:10E750000D49826FC1F81C25826FCB689A4200D3A5
:10E76000D21AC1F82025806FC86012B10A208860D3
:10E7700004E0886820B1401E886001D0012000E0DC
:10E78000002081F818057047940F00240D480521DA
:10E7900002780D4812B190F8192582B10B4A92ED1A
:10E7A000450AB5EEC00AF1EE10FA01D2002106E0EA
:10E7B000D2F81021064B9A4201DB90F8C51480F87C
:10E7C000C614704723000024940F002494130024DF
:10E7D0003333333F70B51E481421F2F753FB1D4904
:10E7E0004878002832D000221AE000BF02EB8203F2
:10E7F000002001EB830400BF04EB800501EB8003E4
:10E8000005F5806503F5806395ED180AD3ED2C0AB4
:10E81000401C052830EE200A83ED2C0AECD3521C54
:10E8200048789042E2D800204B7800EE103A01EB95
:10E83000800202F58062B8EE400AD2ED2C0A401C3C
:10E84000052880EE801A82ED2C1AEDD370BD0000F1
:10E8500044140024940F002470B5164C00209FED42
:10E86000160A04F580652DED028B6178E1B195ED16
:10E870002C8A012104EB810202F5806292ED2C0AC0
:10E88000B4EEC80AF1EE10FA02DDB0EE408A084696
:10E89000491C0529EED3FFF747FE84F8C50485ED32
:10E8A000448ABDEC028B70BD052084F8C50485ED5B
:10E8B000440AF6E7940F00240000000070B590B001
:10E8C0000C46402105466846F2F7DCFA4FF000039B
:10E8D000002D1A4631D0002C2FD069460BE0E85CA1
:10E8E00000282AD00D282AD00A2828D0561C88545F
:10E8F000B2B25B1C9BB2A34201D23F2AEFD30024E9
:10E9000008468C5401F032FF0178002915D010A17F
:10E91000F2F7E0FA002810D10F4910480A78042ACB
:10E9200010D00F4D2A7A002A07D109780126022932
:10E930000CD0047001F0E0F82E7210B070BD002A07
:10E94000D7D0DCE70470FAF769F9F6E70670F1E76B
:10E950007374617274000000000000240100002440
:10E96000280000242DE9F041044628480A460121E8
:10E97000FEF79AF9F0B3254800F1080202F588770E
:10E98000006802F59076906002F11004D06000F506
:10E990003471B96002F5987502F12003F96000F551
:10E9A0004672B260F26000F5A36CC4F808C0E03FA4
:10E9B000C4F80CC0C831A8603034E86000F61832E2
:10E9C0009960D9603033BA6000F18001FA6003F1D8
:10E9D0001002A060E0609960D960203300F5C0713A
:10E9E0009160D16002F120019860D8601430886095
:10E9F000C86000E002E00120BDE8F081132220465B
:10EA00003021FEF7D7FA0020F6E700000C070024BB
:10EA100070B5044631480A460121FEF75BF9E8B3B8
:10EA20002E49943101F11003086840F080422B48D0
:10EA30000A6003F1100200688860C860196841F03C
:10EA4000804400F5905199601C60D96020331168B2
:10EA500041F0804400F598519160146003F1100476
:10EA6000D160196841F0804200F5E64199601A6072
:10EA7000D96003F12001226849F28033034442F057
:10EA8000804500F5E742A2602560E2600A688B607D
:10EA900042F080440C6001F1100200E016E0CB600F
:10EAA00049F28041136843F0804414604318936036
:10EAB00002F11001D36049F6801420440A6888608E
:10EAC00042F080420A60C860012070BD12222046D8
:10EAD0003021FEF76FFA002070BD000010070024FF
:10EAE00010B5EFF3058111B16FF0050404E04FF0AC
:10EAF000000408B102F062F8204610BD10B502F023
:10EB0000F1FC38B1022804D003480068012800D085
:10EB1000002010BD032010BD58010024EFF3058034
:10EB200008B102F0F3BC02F0EBBC0000EFF305808B
:10EB300010B16FF0050070470449086810B14FF03C
:10EB4000FF30704701220A600020704758010024FE
:10EB500010B5EFF3058010B16FF0050010BD084847
:10EB60000168012902D04FF0FF3010BD054A002195
:10EB700082F8141D0221016002F088F8002010BD07
:10EB8000580100240BE000E0F8B514464FF00005F2
:10EB9000EFF3058212BB08B301B3A4B1D4E902328A
:10EBA00063B1502A1AD32269C2B100FB01F667692A
:10EBB000B74213D3009502F0D5F907E072B9226984
:10EBC00062B9626952B9002202F0ABF9050005D0C2
:10EBD0000CB1216800E0002101F08EFF2846F8BD4D
:10EBE000F8B5144603460E464FF00005EFF30580D6
:10EBF00098BB93B39E423DD84CB1A0680028E06812
:10EC000003D0502836D3012002E008B132E00020C2
:10EC1000012B05D010B3A268184602F062F920E07B
:10EC200040B1032000900022A3680120114602F0A9
:10EC300099F904E003220021012002F072F9050095
:10EC400018D086B100231A46194602F009FA0128A5
:10EC500009D0284601F064FF00250BE0184602F0B9
:10EC600023F9050006D00CB1216800E000212846F8
:10EC700001F042FF2846F8BD2DE9FF414FEA0103AC
:10EC80004FF00005EFF30581039561BB58B34FF0DA
:10EC900080064FF018014FF000044AB3176807B11F
:10ECA0003C4697691FB139467F1E382F02D217792B
:10ECB000FF0703D0002004B0BDE8F081576907B119
:10ECC000BE08D2F808C0BCF1000F0DD0D5685C2D8D
:10ECD00018D312693AB137B18DE806103246214691
:10ECE00002F0D5FB03900DE0D7685FB912694AB90D
:10ECF00003AACDE90012B2B2214602F09BFB012823
:10ED000000D003950398D6E710B50C4600212DEDF1
:10ED1000028B82B0009101F029FD017851B1694662
:10ED2000FDF766F80098B0EE408A01F01FFD0090F4
:10ED3000007820B1002002B0BDEC028B10BD012094
:10ED400084ED008AF7E738B50D460021009101F007
:10ED50000DFD017851B10A226946F1F7DDFE044646
:10ED6000009801F003FD0090007808B1002038BD44
:10ED700001202C6038BD00002DE9FF4FD3B01C46A8
:10ED80000FA816460F46C021F2F77CF83C216846D2
:10ED9000F2F778F84FF0000B9FED6B0ADFF8ACC18B
:10EDA000DA46CDE9476B8DED490A8DED4A0A8DEDC6
:10EDB0004B0ACDF80CB10FABCDF83CB15A465846D2
:10EDC0005D46D146D046CDF830C1CDF834B1CDF84E
:10EDD00038B1CDF814C1CDF840B114E05399895C35
:10EDE000A9B10D2906D00A2904D0202904D2092965
:10EDF00007D101E028B10AE000F1010C19541FFA13
:10EE00008CF0521C92B2BA4201D2BF28E6D300283D
:10EE100003F800B073D01F4612E02C213846F1F7FA
:10EE2000ECFE5FEA000B11D000208BF800003846A2
:10EE300001F09CFC691C4DF825008DB20BF1010717
:10EE40000FB10F2DE9D30C2D7CD107E0384601F02E
:10EE50008DFC6A1C4DF8250095B2F4E7009830B19E
:10EE6000017821B147A900F073F8002867D0019814
:10EE700048A900F06DF8002861D0029849A9FFF771
:10EE800043FFE0B303984AA9FFF73EFFB8B30498E5
:10EE90004BA9FFF739FF90B305984CA9FFF753FF33
:10EEA00068B3069843A9FFF74EFF40B3079845A9FA
:10EEB000FFF749FF18B308984DA9FFF744FFF0B1D9
:10EEC00009984EA900F044F8C8B10A984FA900F07B
:10EED0003FF8A0B10B9850A900F03AF800282ED0C6
:10EEE0004798012800D94796479820704898606055
:10EEF0009DED490A84ED020A9DED4A0A00E021E0F9
:10EF000084ED030A9DED4B0A84ED040A4C98606180
:10EF10004598A061439820774D9860774E9820627D
:10EF20004F9860625098C4E90A0AC4E90C98FFF748
:10EF300029FA012284F84020C4E90E01104657B096
:10EF4000BDE8F08F0020FAE70000000019FCFFFF89
:10EF500038B50D460021009101F008FC017851B14F
:10EF60000A226946F1F710FE0446009801F0FEFB04
:10EF70000090007808B1002038BD01202C6038BD19
:10EF8000F0B501EB8206DDE9054517E0002210E04F
:10EF9000012D21D000EB820701EB820C97ED000AD6
:10EFA000DCED000A30EE200A00EB8207521C87EDF0
:10EFB000000A9A42ECD3002501EB8301B142E5D36C
:10EFC000002C1AD000EE104AF7EE000A0021B8EE2D
:10EFD000401A80EE810A0EE001EB820797ED000AED
:10EFE000E2E700BF00EB8102491CD2ED000A60EEAF
:10EFF000800AC2ED000A9942F4D3F0BD2DE9FF4F1B
:10F0000083B0DDE9165BDDE9149EDDE91242ABF168
:10F010000100691E00FB0EF02243139A01FB09F167
:10F02000A0EB0202DFED5E0A1298A1EB000411983A
:10F0300002EB0001109804EB00020598A1EB000020
:10F040000499A0F10100A2EB0101A1F1010100B2BC
:10F0500009B24DD100294BDA002849DA002142E0FB
:10F06000119A01FB0E200FFA80FA002037E0109C65
:10F0700000FB0942002417B22DE000BF01FB0EF691
:10F0800000FB09F236B212B20092B0EE600A15E04F
:10F09000009A0FE0DDF810C0DDF80C8006FB0C2CA8
:10F0A000521C12B203FB0C4C08EB8C0C9CED001AAA
:10F0B00080FE010ABA42EDDB761C36B25645E7DB2C
:10F0C00001FB050203FB0246189A641C24B202EB02
:10F0D000860282ED000A9C42D0DB401C00B2A842AE
:10F0E000C5DB491C09B25945BADB07B0BDE8F08F52
:10F0F000002452E004FB0EF01399401A029011997B
:10F10000002208440FFA80FA43E000BF02FB09F036
:10F110001299411A019110980026084407B234E070
:10F120000298B0EE600A01B2019800B200901FE0B0
:10F13000009819E0002915DB002813DBDDF814C066
:10F1400061450FDADDF810C060450BDA01FB0C0CED
:10F1500003FB0C68DDF80CC00CEB880C9CED001A6E
:10F1600080FE010A401C00B2B842E3DB491C09B230
:10F170005145DDDB04FB052003FB00611898761C7C
:10F1800036B200EB810080ED000A9E42C8DB521CC3
:10F1900012B2AA42BADB641C24B25C45AADBA4E723
:10F1A000000000CF70B592B014460D4606464821C7
:10F1B0006846F1F767FE6B46224629463046FFF760
:10F1C000DBFD002824D09DF80000019901F068FBC8
:10F1D0001E489DF8001000F18004D9B11C4991F837
:10F1E000401011B1416A491C4162194848226946E0
:10F1F000F1F7AFFD9DED020A84ED090A9DED030ACA
:10F2000084ED0A0A9DED040A84ED0B0A01F0CEFAA2
:10F2100012B070BD0E49483991F8401011B1416AE1
:10F22000491C41620A48482269464838F1F791FD75
:10F230009DED020A84ED060A9DED030A84ED070A9E
:10F240009DED040A84ED080AE0E700002800002490
:10F25000D01D00242DE9F041134C0F460546E66809
:10F260002068001D01F048FB681C07D137B12168F8
:10F27000BDE8F0410D48091D01F090BB2068354400
:10F28000B5424560216805D2A06B091DBDE8F0417B
:10F2900001F06CBB606B091D01F068FBA06A854240
:10F2A00000D2A562BDE8F08108010024E424002416
:10F2B0002DE9F041054601F07DFB2D4C2D4FA06856
:10F2C000401CA060206810B1606930B32BE025605D
:10F2D000A068012827D1002606EB860007EB8000F6
:10F2E00001F036FB761C382EF6D3234801F030FBB4
:10F2F0002148143001F02CFB1F48283001F028FB76
:10F300001D483C3001F024FB1B48503001F020FB2D
:10F31000194860631430A06305E0E86A2168C96A8F
:10F32000814200D82560606A401C60626864E86AB7
:10F330002169884200D9206100EB8000291D07EB7C
:10F34000800001F02BFB01F055FB606900280CD018
:10F350002068E96AC06A884207D208494FF08050A5
:10F360000860BFF34F8FBFF36F8FBDE8F0810000DF
:10F3700008010024342000249424002404ED00E03B
:10F3800038B501F017FB104C2068C8B90F4801F0E0
:10F39000DFFA0E48143001F0DBFA0C490020E1607E
:10F3A00014312161A1F582730090A1F1B402102102
:10F3B0000A2001F0D7FD206010B105A101F09CFBEF
:10F3C000BDE8384001F016BB44010024E8250024C4
:10F3D000546D72510000000030B4026C0B46002ADC
:10F3E0000BD0D0E902411144C160A14201D30168B0
:10F3F000C160184630BCF1F767BC30BC70472DE9DE
:10F40000F041856B1746026C0446002682B1C7B1F5
:10F41000E068F1F759FCE168206C2268091AE160A4
:10F42000914202D2A168081AE060022F16D017E0BC
:10F430002068A8B9A06802F0D5F806460020A060B0
:10F440000EE06068F1F740FCD4E90101226C104441
:10F450006060884204D32068606001E005B16D1EE1
:10F460006D1CA5633046BDE8F08110B5044690F8E8
:10F47000590058B101280CD002280FD0502080F339
:10F480001188BFF34F8FBFF36F8FFEE7206B01F042
:10F49000C5FA2046BDE8104001F0C0BA10BD00001A
:10F4A00011484FF4705110B5420706D00E49C01DE7
:10F4B00020F00700411AC1F570510C4C00230144A3
:10F4C0000839A4F1180221F00701C4E900030C1A5D
:10F4D00011604B600B60C0E9001494604FF0004174
:10F4E0005460516110BD0000C82C00247401002438
:10F4F000144E4FF08058144CDFF85090A6F29C4701
:10F5000012E000BF01F056FAF068C568281D01F04E
:10F51000F3F9A068401EA0606068401E606001F0C2
:10F5200069FA2846FFF7A1FF60680028EAD1386829
:10F530000128F9D9C9F80080BFF34F8FBFF36F8F4F
:10F54000F2E70000D02400240801002404ED00E0CC
:10F5500070B51D46049C51B1C4F80020C4E90F01E8
:10F560000121204601F032FD84F84C5070BD24602A
:10F57000F4E72DE9F05F88469A4691001546DDE9EB
:10F580000B940A9EA5228346206BF1F751FC206B59
:10F590006FF0030101EB8501084420F007077807AD
:10F5A00007D0502080F31188BFF34F8FBFF36F8FC8
:10F5B000FEE7B8F1000F4FF000050ED00020221832
:10F5C00018F8001082F8341018F8001011B1401C1F
:10F5D0001028F4D384F8435001E084F83450382ED6
:10F5E00000D33726E662201DC4E9136501F0BBF99C
:10F5F00004F1180001F0B7F96565C6F13800A061A3
:10F6000084F858505246246159463846646200F0E6
:10F610005BFAB9F1000F206001D0C9F80040BDE8E5
:10F62000F09F000030B5114900E011460A6882429F
:10F63000FBD34B685C18844203D1446808462344DA
:10F640004B6043681D18954209D1084C183C24684A
:10F65000A24209D052681A4442600A6812680260E5
:10F66000814200D0086030BD0460F9E774010024D5
:10F6700070B50D4D914241604FF00004006106D815
:10F680008169D21A8A4206D2011D286907E09A428E
:10F6900003D2994201D3012403E0011DE86801F07F
:10F6A00065F9204670BD00004401002410B50446F1
:10F6B00001F080F9A06B28B15FF0000401F09AF925
:10F6C000204610BD0124F9E730B53C4D89B06BE010
:10F6D0000498002806DA059ADDE9060190470498A7
:10F6E000002861DB069C606910B1201D01F004F95F
:10F6F00003A800F0D5F8024604980A2854D2DFE89F
:10F7000000F00505052D304705052D3094F828003B
:10F7100040F0010084F82800A06905990B460144D7
:10F720002046FFF7A5FF50B3216A2046884794F88A
:10F730002800400738D50020009005980023A169D3
:10F7400042181946204602F055F8C0B9502080F3FF
:10F750001188BFF34F8FBFF36F8FFEE794F8280037
:10F760001EE094F8280040F0010084F82800059875
:10F77000A06128B1811813462046FFF779FF13E0F6
:10F78000502080F31188BFF34F8FBFF36F8FFEE7D8
:10F7900094F82800810703D4204601F03FF903E0E4
:10F7A00020F0010084F828002868002204A901F054
:10F7B00067FD00288CD109B030BD00004401002451
:10F7C0002DE9FC410F46054601F0A4FA01A800F01E
:10F7D00067F80446019818B101F07AFFBDE8FC8192
:10F7E000254EAFB130690068D0B300273068291BBF
:10F7F0003A4601F0C1F901F06BFF0028EED11F4934
:10F800004FF080500860BFF34F8FBFF36F8FE5E775
:10F81000A542EBD801F05CFFF0682746C068C468D9
:10F82000201D01F069F894F82800410719D5A06956
:10F830002B463A4641192046FFF71AFFA8B100208F
:10F840002A46034601460090204601F0D3FF60B9E6
:10F85000502080F31188BFF34F8FBFF36F8FFEE707
:10F8600007E020F0010084F82800216A204688473C
:10F87000B4E70127BAE700004401002404ED00E0EA
:10F880000648416B096829B1416BC968C968496874
:10F89000816270474FF0FF31FAE700000801002451
:10F8A00070B5054601F02CFE064E0446B068844251
:10F8B00003D200F009F8012000E000202860204673
:10F8C000B46070BD44010024F8B5194D20E0C06853
:10F8D000C4680668201D01F00FF8216A2046884799
:10F8E00094F82800400713D5A0693044B04206D9E7
:10F8F0002461211D6060E86801F038F808E000200C
:10F900003246034601460090204601F073FF38B1AD
:10F91000E86801680029DAD12969C5E90310F8BD52
:10F92000502080F31188BFF34F8FBFF36F8FFEE736
:10F930004401002408484068401C4FF0500080F308
:10F94000118804D0BFF34F8FBFF36F8FFEE7BFF373
:10F950004F8FBFF36F8FFEE77C010024074CE068F8
:10F96000016841B1C0680021D0F80000FFF728FF0E
:10F97000FFF7AAFEF3E701210020F7E74401002486
:10F980002DE9F041044601F015F894F9455004F1D1
:10F99000240609E0606A48B1304601F061FE08B112
:10F9A00001F03AF96D1E6DB2002DF3DC4FF0FF3619
:10F9B00084F8456001F01EF800F0FCFF94F9445013
:10F9C00004F1100709E0206948B1384601F048FE0B
:10F9D00008B101F021F96D1E6DB2002DF3DC84F841
:10F9E0004460BDE8F04101F005B800002DE9F041A8
:10F9F0000027044601F08EF9324E306808B9FFF74F
:10FA00004FFD706904424ED1C4B3083460070ED074
:10FA100004F00700C0F108000444600707D050203C
:10FA200080F31188BFF34F8FBFF36F8FFEE72CB3C6
:10FA30007068844237D82348183001460D6801E0C9
:10FA400028460D466968A14202D229680029F7D1EB
:10FA500031688D4227D007682968016008376868D7
:10FA6000011B10290FD92819420708D0502080F314
:10FA70001188BFF34F8FBFF36F8FFEE713E0416034
:10FA80006C60FFF7CFFD69687068401A7060B268FB
:10FA9000904200D2B060002072691143C5E90001B4
:10FAA000F068401CF06001F013FE780707D050208A
:10FAB00080F31188BFF34F8FBFF36F8FFEE7384697
:10FAC000BDE8F0815C01002470B5041F094E231FBE
:10FAD0004FF0807521F0010125601C1F1960A0F115
:10FAE00020010B1F266044380A606FF002051D607C
:10FAF00070BD000035F9000870B5A4B072B6482199
:10FB00006846F1F7BFF9324948226846F1F721F912
:10FB1000304848226946F1F71CF9482112A8F1F74C
:10FB2000B1F92B49482212A84831F1F712F92948B6
:10FB3000482212A94830F1F70CF92748002635462B
:10FB400031463346344606704670C66006614661EB
:10FB5000866100F18002C6619FED200A066246625E
:10FB6000C6709663D56380ED0C0A80ED0D0A80EDBA
:10FB70000E0A80ED0F0A80ED100A80ED110A8164F3
:10FB8000C164016541658165C165017141710166AD
:10FB900041668166C166016741678167C16781719E
:10FBA000C171116051609160D160116151618170CA
:10FBB000C162C2E90C34418162B6C8210848F1F73C
:10FBC0003FF90848C821F1F73BF924B070BD0000A7
:10FBD00070210108881D0024280000240000000076
:10FBE000641E00242C1F0024B5EEC00AF1EE10FAAA
:10FBF000F1EE400A20FE200A704700005FF000018D
:10FC000000EB8102491C92ED050AD2ED0B0A062990
:10FC100030EE600A82ED110AF2D3704770B505002C
:10FC20000C4613D0002C11D0182204F1B40105F1B8
:10FC30003000F1F78EF8182204F1FC0105F14800BC
:10FC4000F1F787F8A06AA862206BE86270BD70B512
:10FC500004003BD0E068002284F8C51084F8C0207E
:10FC6000C4F8E000D4F8D01094F8C320411AC4F8C6
:10FC7000F01032B1D4E936128A4202D3511AC4F8D4
:10FC8000E81094F8C41031B1D4F8DC10884202D3E3
:10FC9000401AC4F8EC00012084F8EC0104F1C00122
:10FCA00004F5EA700E460546FFF7B8FFD4E92312C3
:10FCB0002B463046FAF7D6FA2A46314684F8D40164
:10FCC00004F19400BDE87040FAF710BA70BD80FEF0
:10FCD000200A704780FE600A7047000010B50400DB
:10FCE0000FD04FF48271F1F7CDF8002020709FED16
:10FCF000050AE076411EE16084ED090A207760770D
:10FD0000A07710BD0024744910B5040006D0182156
:10FD100004F17400F1F7B6F80020A08010BD0000D7
:10FD2000B4EEE01AF1EE10FADFED1E1A0CD9B4EEC3
:10FD3000E00AF1EE10FA02D8F0EE610A0DE0B4EE3E
:10FD4000C10AF1EE10FA02DBF7EE000A05E030EE30
:10FD5000600A31EE601AC0EE010A091A124A00EE7A
:10FD6000100A01EE101AB8EE400AB8EEC11A00EE01
:10FD7000810AB5EEC00AF1EE10FA02D2B0EE610AC5
:10FD800005E010EE100A904201DD9FED080AF6EE44
:10FD9000000A30EE200ABCEEC00A10EE100A80B253
:10FDA00070470000000000000000C8420000C84288
:10FDB00070B50400154610D000290ED0002D0CD0CF
:10FDC000182204F15400F0F7C4FF04F16C00294636
:10FDD000BDE870401822F0F7BCBF70BD10B52DED26
:10FDE000048BB0EE419AF0EE609AB0EE408AF0EEED
:10FDF000490AB0EE690AFFF76DFFF0EE400AB0EE77
:10FE0000690AF0EE608AF0EE490AFFF760FFB4EE8F
:10FE1000E88AF1EE10FA04D3B4EEC08AF1EE10FADB
:10FE200003DD0020BDEC048B10BD0120FAE70000CB
:10FE3000F0B588420ED0002A0CD08318814210D928
:10FE400099420ED2114403E013F8012D01F8012D5F
:10FE50008342F9D8F0BD00BF10F8013B521E01F8F3
:10FE6000013B8B0701D0002AF6D117090AE006688A
:10FE700045688468C36810300E604D608C60CB604C
:10FE800010317F1E002FF2D1C2F3810305E000BFC5
:10FE900050F8044B5B1E41F8044B002BF8D102F0E4
:10FEA000030204E010F8013B521E01F8013B002A56
:10FEB000F8D1F0BD002900D10048704719FCFFFFC0
:10FEC000022801D000207047012070472DE9F04F33
:10FED00004000D4685B051D0002D4FD094F9381054
:10FEE000206BFFF7E7FF94F939108346606BFFF74B
:10FEF000E1FF94F95C108046606DFFF7DBFF94F939
:10FF00005D100746A06DFFF7D5FFDFF87890064635
:10FF100095F8570080B199F8051088420CD0E87820
:10FF2000F8F794FDCDE90260CDE9008716485B46FD
:10FF3000D4E90812F0F7F0FB95F8571089F805108E
:10FF400095F85610002919D099F80600002815D107
:10FF5000A878F8F77BFD8246E878F8F777FDCDE9D9
:10FF60000260CDE90087CDF810A05B460748D4E9D0
:10FF70000812F0F7D1FB012189F8061005B0BDE8A1
:10FF8000F08F00001C000024DCBF010870BF0108D6
:10FF9000F0B5040097B058D094F93810206BFFF7F3
:10FFA00089FF94F939100646606BFFF783FF284FED
:10FFB0000546787820B92748F0F7AEFB0120787025
:10FFC0000023D4E900014FF47A72F0F713FBD4E96F
:10FFD0000A370DF1480ED4F878C0626C8EE88C10A8
:10FFE000D4E90F2394F93970CDE91023CDE90E57E8
:10FFF00094F938200B46CDE90C6294ED070A0246CD
:020000040801F1
:100000001548B7EEC00A8DED0A0B94ED060AB7EE5F
:10001000C00A8DED080B94ED050AB7EEC00A8DED10
:10002000060B94ED040AB7EEC00A8DED040B94EDB7
:10003000030AB7EEC00A8DED020B94ED020AB7EE8B
:10004000C00A8DED000BF0F767FB17B0F0BD0000A4
:100050001C00002430C0010838C101082DE9F04F10
:1000600007000C469DB07DD0002C7BD094F8560044
:100070004B4D30B12879002874D1A878012618B1E9
:1000800006E000202871F8E74648F0F745FBAE701F
:10009000A078F8F7DBFC80466078F8F7D7FC834659
:1000A000E078F8F7D3FC82462078F8F79FFD814688
:1000B0000023D7E900014FF47A72F0F79BFA94ED30
:1000C000110A0B4602463848B7EEC00A8DED1A0BEE
:1000D00094ED100AB7EEC00A8DED180B94ED0F0ADF
:1000E000B7EEC00A8DED160B94ED0E0AB7EEC00AFE
:1000F0008DED140B94ED0D0AB7EEC00A8DED120BC9
:10010000D4E9161794F854C0CDE91017CDE90E8C38
:1001100094ED130AB7EEC00A8DED0C0BCDF828B0A4
:1001200094ED120AB7EEC00A8DED080BCDF818A0B9
:1001300094ED140AB7EEC00A8DED040B94F8561036
:1001400094F857C094F85570CDE90271CDE9009C40
:10015000F0F7E2FA94F8560000281DD0E078F8F79E
:1001600075FC00E018E00746A078F8F76FFC014640
:1001700094F85400049094ED120A0C48B7EEC00AAB
:100180008DED020B009794ED130AB7EEC00A53EC05
:10019000102BF0F7C1FA2E711DB0BDE8F08F0000F2
:1001A0001C00002430BE010820BF0108D8C001088F
:1001B0002DE9F04F5FEA00080E46F1B07DD0002E29
:1001C0007BD00846F9F712FD05463046F9F709FDE0
:1001D0000446D6F890000190D6F88C7007B118B993
:1001E00001A8F9F7F7FF07464FF4827130A8F0F73E
:1001F00049FE019A30AB39462846FAF733F830AA5F
:10020000294606F19400F9F771FF0CB1207E00B980
:1002100030ACDFF8109299F80300D0B98248F0F7BB
:100220007BFA00270DF1C00A0AE000BF07EB870147
:100230000AEB8100416E7DA00A46F0F76DFA7F1C43
:100240004898B842F2D87EA0F0F766FA012189F802
:100250000310207FF9F794FE8146E07EF9F7C2FF94
:1002600007462078F9F77EFE83469DF8C000F9F72F
:1002700079FE8246F078FAF7D3F900900023D8E9A6
:1002800000014FF47A72F0F7B5F9E5B395ED440A41
:10029000B7EEC00A8DED2E0B95ED430AB7EEC00AFE
:1002A0008DED2C0B95ED420AB7EEC00A8DED2A0BB1
:1002B00095ED410AB7EEC00A00E0AFE08DED280BE6
:1002C00095ED400AB7EEC00A8DED260B95ED3F0A7D
:1002D000B7EEC00A8DED240B95ED320AB7EEC00AD9
:1002E0008DED220B95ED310AB7EEC00A8DED200B96
:1002F00095ED300AB7EEC00A8DED1E0B95ED2F0A75
:10030000B7EEC00A00E00AE08DED1C0B95ED2E0A59
:10031000B7EEC00A8DED1A0B95ED2D1A19E09FED81
:10032000491A9FED490B8DED2E0B8DED2C0B8DEDAC
:100330002A0B8DED280B8DED260B8DED240B8DED0D
:10034000220B8DED200B8DED1E0B8DED1C0B8DED1D
:100350001A0BB7EEC10A0DF130088DED180BD4E978
:100360000A23CDE9162394ED080A11AAB7EEC00AB4
:100370008DED140B238AB4F816C0CDF840C082E886
:100380008802B4F814C0678AA37E627E88E88C1065
:10039000A26812B194ED090A01E0BFEE000AB7EEBF
:1003A000C00A8DED0A0B626802B929A235B1EB686B
:1003B000CDE908B2CDE9063A2D7805E00023CDE974
:1003C00008B2CDE9063A1D4672780B46CDE9042500
:1003D00096ED040A02462048B7EEC00A8DED020BE6
:1003E000F0F79AF9002513E005EB850004EB800097
:1003F00090F8691011B190ED1B0A01E0BFEE000A00
:1004000016A0B7EEC00A53EC102BF0F785F96D1C5F
:10041000206EA842E8D80AA0F0F77EF971B0BDE8D6
:10042000F08F00001C00002444C201082C7061738E
:10043000735F25732C646973745F2573000000007B
:100440000D0A000000000000000000000000000095
:10045000756E6B6E6F776E00B0C101082C25752C20
:10046000252E33660000000070B50D460446F8F7EF
:10047000C9FA0E4A0023147053709370D3701DB1E3
:1004800013715371937170BD90F85610002901D00B
:100490004FF00101117190F85700507102D04FF0E8
:1004A000010001E04FF00000907170BD1C000024BD
:1004B000F0B5040087B04FD0454F07F11C003D78E0
:1004C0000678AE4224D02846FFF7FAFCF8F786FB00
:1004D000052E01D0052D03D13E480021F9F78AFBF6
:1004E000FF2E11D03046FFF7EBFC06462846FFF7FB
:1004F000E7FC864208D0F8F76FFB07B028460121D9
:10050000BDE8F040FFF7B0BF00212846FFF7ACFF81
:10051000062D56D2DFE805F055030D22202C20468B
:10052000F8F7A2FA07B001462046BDE8F040FFF711
:1005300095BD787800280FD02046F8F795FA054643
:1005400001462046FFF78AFD002D05D095F856009C
:10055000002801D00020787007B0F0BD2046F8F7E1
:1005600083FA07B001462046BDE8F040FFF7AEBC75
:1005700094ED020A00238DED000A94ED030A4FF476
:100580007A728DED010A94ED040A8DED020A94ED64
:10059000050A8DED030A94ED060A8DED040A94ED2B
:1005A000070A8DED050AD4E90001F0F723F80246A9
:1005B00008486946F9F742FB06492046FFF7F8FD6F
:1005C000CAE707B02046BDE8F040FFF7E1BC0000F5
:1005D00000000024BC0C002470B504004FF000059E
:1005E0007FD000F0E7F940480178002974D03F4AF5
:1005F0001168002352680125C4E900123C4991EDBD
:10060000000A3C4984ED020A91ED000A3A4984ED62
:10061000030A91ED000A394984ED040A91ED000ABC
:10062000374984ED050A91ED000A364984ED060A42
:1006300091ED000A344984ED070A096821623349C3
:100640000968616232490968A16232490968E16258
:100650003149096821633149096861633049097882
:1006600084F838102F49097884F839102E49096820
:10067000E1632E49096821642D49096861642D49A7
:100680000968A1642C490968E1642C49096821655D
:100690002B49096861652B490968A1652A490978D0
:1006A00084F85C102949097884F85D1028490968A4
:1006B000216628490968616627490968A1662749B2
:1006C0000968E16626490968216726490968616762
:1006D00025490968A167037000F08CF9284670BDB0
:1006E000FFE70020FBE700002B000024E0000024CF
:1006F000580000245C0000246000002464000024F2
:10070000680000246C0000247000002474000024A1
:10071000780000247C000024800000248400002451
:100720002C0000242D000024880000248C000024CC
:100730009000002494000024980000249C000024D1
:10074000A0000024A40000242E0000242F00002478
:10075000A8000024AC000024B0000024B400002451
:10076000B8000024BC0000244C00002470B50446EE
:1007700000E0641C2678B6B1EFF7DEFE054600689F
:10078000805DC007F5D12046F0F77FFA01190022FD
:10079000491E01E001F80129A14204D90B7828681B
:1007A000C05CC007F6D1204670BD00003A49F0B5E4
:1007B00091F8400000286ED001F1480292F8400004
:1007C000002868D08D6B966BCC6BD06BAB1B74EB39
:1007D000000303D3AE1B64EB000302E0761B60EB67
:1007E00004034CF250370020BE1B984153D32B4BCF
:1007F00000260127A3F180009D63DC6391ED020ACE
:1008000080ED0C0A91ED030A80ED0D0A91ED040ACA
:1008100080ED0E0A92ED020A80ED0F0A92ED030AB6
:1008200080ED100A92ED040A80ED110A4C68846490
:100830005468C46444690465846944654C6984658A
:100840008C69C4650C7F04714C7F44710C6A04662A
:100850004C6A44668C6A8466CC6AC4660C6B046716
:100860004C6B4467546984679469C467147F8471CE
:10087000547FC471146A1C60546A5C60946A9C6002
:10088000D46ADC60146B1C61546B5C61C77081F8C6
:10089000406082F84060F0BD881D0024A80000245C
:1008A00030B590B11348A0F10F0400F1080300F136
:1008B0001002257895B10468651C8D4212D20A1B7E
:1008C0001C68521E22441A6011E00A48001FA0F161
:1008D0000C0400F1080300F11002EAE701600122B4
:1008E000227030BD8C4202D313685B1C1360016020
:1008F00030BD000038000024D0E9013201699A605F
:10090000D0E901235A604A68824201D182684A6074
:10091000002202610868401E0860086870470000F5
:1009200010B5044C8023046004F15C00086013607F
:1009300010BD00001026002410B5044C4FF4807345
:10094000046004F15C000860136010BD6C28002492
:100950004FF0FF3300F108010022C0E901130260EB
:10096000C1600161704700210161704730B50B68BB
:100970005A1C02D000F1080202E0026904E022469B
:10098000546825689D42FAD953684B6099608A6023
:10099000516008610168491C016030BD42684A60CD
:1009A00093688B6093685960916008610168491C85
:1009B00001607047502080F31188BFF34F8FBFF361
:1009C0006F8F0A494868401C486001280CD10848CC
:1009D000006810F0FF0F07D0502080F31188BFF39C
:1009E0004F8FBFF36F8FFEE7704700007C0100243C
:1009F00004ED00E00849486828B1401E486001D174
:100A000080F311887047502080F31188BFF34F8F17
:100A1000BFF36F8FFEE700007C01002470B5002853
:100A20002AD0164DA0F1080461686869014207D117
:100A3000502080F31188BFF34F8FBFF36F8FFEE715
:100A400022683AB1502080F31188BFF34F8FBFF373
:100A50006F8FFEE78143616000F05CF96068696850
:100A6000084468602046FEF7DDFD2869401C2861C7
:100A7000BDE8704000F02CBE70BD00005C01002499
:100A80004FF0E020002101614FF47A728161072369
:100A900003490968B1FBF2F1491E416103617047E6
:100AA000F400002410B5EFF71DFD114910280ED3F6
:100AB00000F1E0200A7890F8F003904207D250202D
:100AC00080F31188BFF34F8FBFF36F8FFEE70948A4
:100AD0008968006800F4E060884207D9502080F3FC
:100AE0001188BFF34F8FBFF36F8FFEE710BD00007B
:100AF0007C0100240CED00E0084B5FF0000210B513
:100B000053F832401CB1521C082AF9D310BD03EB34
:100B1000C20443F83210606010BD0000F41F0024CE
:100B200010B504000AD000F013F894F8460000282D
:100B30000CD12046BDE81040FFF770BF502080F375
:100B40001188BFF34F8FBFF36F8FFEE710BD00001A
:100B5000084A002102EBC1035B68834206D102EB25
:100B6000C103002042F8310058607047491C082931
:100B7000F0D37047F41F002470B515460E460446A6
:100B8000FFF718FF94F944100020491C01D184F8A4
:100B9000440094F94510491C01D184F84500FFF741
:100BA00029FFA06B28B904F124002A46314600F041
:100BB00051F82046BDE87040FEF7E2BE020010B5D5
:100BC00014D00F48006B38B1502080F31188BFF368
:100BD0004F8FBFF36F8FFEE700F09CF800211046A7
:100BE000FEF738FB00F074FD002807D105494FF0EF
:100BF00080500860BFF34F8FBFF36F8F10BD0000B0
:100C00000801002404ED00E002490A6A0260C96894
:100C1000416070470801002401490120C861704704
:100C20000801002410B50C4650B109490968183173
:100C3000FFF79CFE2046BDE810400121FEF70ABBED
:100C4000502080F31188BFF34F8FBFF36F8FFEE703
:100C50000801002470B514460D4668B10A490968B8
:100C60001831FFF79BFE0CB14FF0FF3521462846A7
:100C7000BDE87040FEF7EEBA502080F31188BFF354
:100C80004F8FBFF36F8FFEE70801002430B587B0A8
:100C9000002405AA04A9039403A80494FFF740FEC6
:100CA000DDE9030100940023CDE90110174815A1E7
:100CB000059A00F0ECFB164D0028E8621FD000F00A
:100CC00069FD012809D0401C19D1502080F31188FA
:100CD000BFF34F8FBFF36F8FFEE7502080F3118873
:100CE000BFF34F8FBFF36F8F01214FF0FF30A8622A
:100CF0006961EC6007B0BDE8304000F045B807B06E
:100D000030BD000049444C4500000000F1F40008EB
:100D1000080100240248016B491C01637047000070
:100D200008010024164810B5016B11B10121C16101
:100D300010BD0021C161134A016901E0B9B1491E2A
:100D400001EB810352F82330002BF7D001EB810334
:100D500002EB830202F1080453685B685360A3420C
:100D600001D15B685360DA680260016110BD5020F8
:100D700080F31188BFF34F8FBFF36F8FFEE7000042
:100D8000080100243420002437481CB53749026884
:100D90008A4207D1502080F31188BFF34F8FBFF3F1
:100DA0006F8FFEE731490068491E884207D1502005
:100DB00080F31188BFF34F8FBFF36F8FFEE72C498D
:100DC000FF200A780192087008788DF800009DF8DD
:100DD00000209DF8000002F0F002824207D050206F
:100DE00080F31188BFF34F8FBFF36F8FFEE79DF83D
:100DF000002007201F4C02F050022270A06005E086
:100E00009DF8002052008DF80020401E9DF8002023
:100E10001206F5D40328A06007D0502080F3118873
:100E2000BFF34F8FBFF36F8FFEE74FF44070A060AA
:100E3000019808700C482030016841F4700101608D
:100E4000016841F070410160FFF71AFE0020606008
:100E5000EFF710FB0848016841F040410160EFF7EF
:100E6000F5FA00201CBD000000ED00E071C20F414A
:100E700000E400E07C01002434EF00E0502010B5D5
:100E800080F31188BFF34F8FBFF36F8F00F046FBE5
:100E900018B104494FF080500860002080F3118899
:100EA00010BD000004ED00E010B50C4648B18442CE
:100EB0000FD9502080F31188BFF34F8FBFF36F8F8E
:100EC000FEE7502080F31188BFF34F8FBFF36F8F81
:100ED000FEE70222002100F024F8002800D08463FD
:100EE00010BD38B50C4648B184420FD9502080F36C
:100EF0001188BFF34F8FBFF36F8FFEE7502080F351
:100F00001188BFF34F8FBFF36F8FFEE702211346A7
:100F100000220091114600F025F8002800D08463DB
:100F200038BDF8B5050017460E4613D005FB06F090
:100F30005030FEF75BFD04000AD0002084F8460024
:100F400004F150023B46314628460094FEF700FB70
:100F50002046F8BD502080F31188BFF34F8FBFF3B8
:100F60006F8FFEE7F8B5069D18B153B1CAB181B1D4
:100F700020E0502080F31188BFF34F8FBFF36F8FB5
:100F8000FEE7502080F31188BFF34F8FBFF36F8FC0
:100F9000FEE7502080F31188BFF34F8FBFF36F8FB0
:100FA000FEE739B1502080F31188BFF34F8FBFF3B4
:100FB0006F8FFEE750241C46012683F8466000939D
:100FC0002B46FEF7C5FA2046F8BD00002DE9F04794
:100FD00004008A4629D0FFF7EDFC21680025D4E9FA
:100FE0000F23D4F840C004F1100810460E46401EEE
:100FF0004FF0FF3902FB031200FB0C10BAF1000F97
:10100000A563666084F8449084F84590C4E90220A2
:1010100013D04046FFF79CFC04F12400FFF798FC36
:10102000FFF7E8FC0120BDE8F087502080F311882D
:10103000BFF34F8FBFF36F8FFEE720690028EFD01B
:10104000404600F00DFB0028EAD004494FF08050E4
:101050000860BFF34F8FBFF36F8FE1E704ED00E04F
:101060002DE9FF4704001D4682B08A464FF0000874
:1010700003D0BAF1000F08D011E0502080F311889E
:10108000BFF34F8FBFF36F8FFEE7206C38B1502056
:1010900080F31188BFF34F8FBFF36F8FFEE7022DF0
:1010A0000AD1E06B012807D0502080F31188BFF3EC
:1010B0004F8FBFF36F8FFEE700F014FA3F4F4FF0F2
:1010C00080564FF0000948B9049838B1502080F399
:1010D0001188BFF34F8FBFF36F8FFEE7FFF76AFCF6
:1010E000A06BE16B884207D3022D05D00498D0B1E4
:1010F000B8F1000F1AD01EE02A4651462046FEF7EE
:101100007EF9616A19B104F1240000F0A9FA20B156
:101110003E60BFF34F8FBFF36F8FFFF76BFC012073
:1011200006B0BDE8F087FFF765FC22E06846FFF7F0
:101130006BFD4FF00108FFF75DFCFFF7EBFDFFF7DC
:1011400039FC94F94400401C01D184F8449094F98E
:101150004500401C01D184F84590FFF74BFC04A9E1
:10116000684600F02BF930B12046FEF709FC00F08C
:10117000AFFA0020D4E7FFF71DFCA06BE16B8842BB
:1011800013D1FFF737FC049904F11000FFF74AFD73
:101190002046FEF7F5FB00F09BFA00289ED13E604A
:1011A000BFF34F8FBFF36F8F98E7FFF723FC204605
:1011B000FEF7E6FB00F08CFA90E7000004ED00E09B
:1011C0002DE9F04704001F469046894603D0B9F147
:1011D000000F08D011E0502080F31188BFF34F8F2B
:1011E000BFF36F8FFEE7206C38B1502080F3118879
:1011F000BFF34F8FBFF36F8FFEE7022F0AD1E06B73
:10120000012807D0502080F31188BFF34F8FBFF320
:101210006F8FFEE7FFF746FC5020EFF3118680F357
:101220001188BFF34F8FBFF36F8FA06BE16B8842C4
:1012300006D3022F04D0002086F31188BDE8F08782
:1012400094F94550A06B3A4649462046FEF7D7F838
:10125000681C04D06D1C84F845500120ECE7606ADE
:101260000028FAD004F1240000F0FAF90028F4D0A4
:10127000B8F1000FF1D00121C8F80010EDE700002F
:101280002DE9F74704008A4683B04FF0000603D0EB
:10129000BAF1000F08D011E0502080F31188BFF39D
:1012A0004F8FBFF36F8FFEE7206C38B1502080F373
:1012B0001188BFF34F8FBFF36F8FFEE700F012F975
:1012C000DFF8F4804FF080574FF0000948B90598D7
:1012D00038B1502080F31188BFF34F8FBFF36F8F69
:1012E000FEE7FFF767FBA56BC5B151462046FEF749
:1012F00073F86D1EA563206950B104F1100000F071
:10130000AFF928B1C8F80070BFF34F8FBFF36F8FEC
:10131000FFF770FB012006B0BDE8F087059808B123
:101320001EB106E0FFF766FB27E06846FFF76CFC9E
:101330000126FFF75FFBFFF7EDFCFFF73BFB94F99E
:101340004400401C01D184F8449094F94500401CAD
:1013500001D184F84590FFF74DFB05A9684600F0E0
:101360002DF8002820460AD0FEF70AFB00F0B0F95D
:101370002046FEF79BF90028B3D00020CBE7FEF70C
:1013800095F990B1059904F12400FFF74BFC204634
:10139000FEF7F6FA00F09CF90028A2D1C8F8007018
:1013A000BFF34F8FBFF36F8F9BE72046FEF7E8FA3E
:1013B00000F08EF995E7000004ED00E02DE9F04122
:1013C00005000C4612D0CCB1FFF7F4FA184E206895
:1013D000F268471C6B68A2EB030117D02F68366ACE
:1013E000B74215D0934213D801251CE0502080F35A
:1013F0001188BFF34F8FBFF36F8FFEE7502080F34C
:101400001188BFF34F8FBFF36F8FFEE700250AE00F
:10141000884205D9401A20602846FFF7F5FBF5E71A
:10142000002020600125FFF7E5FA2846BDE8F0819D
:10143000080100242DE9FF5F994616468A46834637
:101440009000DDE90E87FEF7D1FA05001CD05C2084
:10145000FEF7CCFA040014D00020256384F859006C
:101460004B46CDE90087CDE9024032465146584609
:10147000FEF77FF82046FDF71BFF012004B0BDE812
:10148000F09F2846FFF7CAFA4FF0FF30F6E7F0B5B5
:1014900085B0DDE90B740A9DA7B1DCB15C2627633A
:1014A000022684F85960002703970DF1100C00956F
:1014B000CDE901C4FEF75DF82046FDF7F9FE04987A
:1014C00005B0F0BD502080F31188BFF34F8FBFF3FC
:1014D0006F8FFEE7502080F31188BFF34F8FBFF36B
:1014E0006F8FFEE70548416919B1006B18B1002004
:1014F0007047012070470220704700000801002457
:101500000148C068704700000801002410B5FFF7CB
:10151000C9FA0148C06810BD080100242DE9F04156
:101520002E4C206B002728B1A069401CA0613846D2
:10153000BDE8F081E668761CE66013D1606B006858
:1015400038B1502080F31188BFF34F8FBFF36F8FF6
:10155000FEE7606BA16B6163A063206A401C2062A0
:10156000FEF78EF9DFF87880A06A864209D3606BB7
:101570000068A0B1606BC068C5686868864211D217
:10158000A0622068C06A00EB800158F821000128A1
:1015900000D90127E0690028C9D00127C7E74FF02B
:1015A000FF30EDE7281DFFF7A7F9A86A18B105F18C
:1015B0001800FFF7A1F9E86A2169884200D9206183
:1015C00000EB800108EB8100291DFFF7E7F9206897
:1015D000E96AC06A8142CAD30127C8E7080100242A
:1015E0003420002470B504464FF0000190B31A4D2A
:1015F0002868844207D0502080F31188BFF34F8FB2
:10160000BFF36F8FFEE7206D38B1E36C401EE26AD6
:1016100020659A421ED040B11CE0502080F3118812
:10162000BFF34F8FBFF36F8FFEE7201DFFF764F905
:10163000E06CC0F13801A161E0622969884200D9FB
:10164000286100EB8000054901EB8000211DFFF7B8
:10165000A5F90121084670BD0801002434200024AA
:1016600070B5C068C46854B104F118000646FFF7AD
:1016700043F9144D286B50B11348314615E0502002
:1016800080F31188BFF34F8FBFF36F8FFEE7201DEC
:10169000FFF732F9E06A2969884200D9286100EB36
:1016A00080000A4901EB8000211DFFF777F9E06A0D
:1016B0002968C96A884203D90121E961084670BDD9
:1016C000002070BD08010024BC2400243420002424
:1016D0002DE9F0472C4D286B0024274638B1FFF741
:1016E00069F9286B401E2863286B40B147E0502001
:1016F00080F31188BFF34F8FBFF36F8FFEE7234E48
:101700000120A968D9B3A6F5916980463068E0B197
:10171000F068C46804F11800FFF7EEF8201DFFF729
:10172000EBF8E06A2969884200D9286100EB800162
:1017300009EB8100211DFFF731F9E06A2968C96AC8
:101740008842E3D3C5F81C80E0E70CB1FEF798F8B7
:10175000AC694CB14FEA0806FFF7E0FE00B1EE615C
:10176000641EF9D10020A861E86940B10849012749
:101770004FF080500860BFF34F8FBFF36F8FFFF7BC
:1017800039F93846BDE8F08708010024BC2400245C
:1017900004ED00E010B586B0FDF7F2FD114C2068B5
:1017A000B8B10020039005AA049004A903A8FFF78C
:1017B000C3F8DDE90321022000238DE807000C486F
:1017C00009A1059AFFF763FE606010B106B0012021
:1017D00010BD502080F31188BFF34F8FBFF36F8F80
:1017E000FEE7000044010024546D7220537663002C
:1017F0005DF900082DE9FF411E46134602004FF037
:1018000000000A9D16D0144C2768002F0FD006291F
:101810000292CDE9001317DAFFF764FE02284FF0B9
:1018200000030FD0002220686946FFF719FC04B0BE
:10183000BDE8F081502080F31188BFF34F8FBFF3D4
:101840006F8FFEE72A46EEE70023324669463846A8
:10185000FFF7B6FCEBE700004401002410B50029B7
:101860000AD00878002807D005487844EFF732FB03
:10187000002801D0002010BD0248784410BD0000AF
:10188000E2AD0000DAAD000010B500290AD00878FA
:10189000002807D005487844EFF71CFB002801D04A
:1018A000002010BD0248784410BD0000C6AE000004
:1018B000BEAE000002494FF0000000F00FB800BFBC
:1018C0000000F87F4FF04070E1EE100A70474FF0D3
:1018D00000007047EFF738BDEFF7CABF0CF00F03F9
:1018E000092B08BF082000F05F800A2B0BD0082BC3
:1018F00018BF704708BF1CF0400F0AD04FF000001F
:101900004FF0000170471CF0400F18BF4FF000402F
:1019100070471CF0100F08D020F0704300F07F4299
:1019200042EAD3014FEA4370704700F0604021F073
:101930007F4242EA000201F07F4040EA7270704745
:101940004FF0FF0C4CF4E06C1CEA11531CBF9CEAF6
:10195000030C9445C2BFDA4201EB02517047002BE1
:101960000DD0BCF1000F0FD0002A01F00041A4BF40
:1019700041F0E04141F07F614FF00000704701F01D
:1019800000414FF00000704750EA01334FF09B0CCC
:1019900018BF4CF0806C7FF48DAF7047F0F7E4BB5C
:1019A000F0F752BDF0F7E0BE1CF4801F11D01CF41C
:1019B000E02F03D06FEACC31490070474FF0405020
:1019C000EFF3008222F0704242EA000282F30088C4
:1019D00070474FF00000704738C201080000000057
:1019E00000000000000000000000000000020000F5
:1019F000180000000000000000000000A0C1010865
:101A000000000000000000000000000000000000D6
:101A100000040000080000000000000000000000BA
:101A2000A8C1010800000000000000000000000044
:101A3000000000000010000008000000000000008E
:101A40000000000084C10108000000000000000048
:101A500000000000000000000000000090C101082C
:101A600000000000000000000000000020C4010889
:101A7000F8C301082CC4010818C401080CC40108EB
:101A800068C4010870C4010854C4010838C40108BE
:101A900044C4010860C40108B4C40108C0C40108FA
:101AA000A4C401087CC4010894C4010888C40108C6
:101AB00060C4010870C4010854C4010838C4010896
:101AC00044C40108E8C40108FCC40108C8C40108F2
:101AD00004C501081CC50108DCC40108F0C40108E4
:101AE00010C50108D0C40108ECC3010870C4010886
:101AF0000104020066660CC333332B4166668342E1
:101B0000666618C29A99D742CDCC8C429A9986C201
:101B10000000F84166E60B439A9959C166E60D4309
:101B2000CDCCC04200010100010100000000000016
:101B30009A9992C266668A420000000000000C4238
:101B400033B310430000000033334FC23333A44299
:101B5000000000009A997D4233B31B436666E6C2DB
:101B6000CDCCC4410000DA423333DBC19A99024341
:101B70003333A3423333C74233336FC26666954271
:101B80000000E74233335342666615433333B33FB5
:101B90009A99993F333333400000803F3333734089
:101BA0009A99993FCDCCCC3E00000040CDCC4C4022
:101BB000CDCCCC3E000090406666E63F0000D842A7
:101BC0000000F84200000D435E01000058020000D2
:101BD000E80300007805000054C401080200020474
:101BE00033B300C3CDCC9C429A99A3423333C7C1CF
:101BF0009A99A642666666413333C2C29A99CB422D
:101C00000000E542333373C16666D3429A99E141DD
:101C10000101010100010000CDCCC8C2CDCCACC097
:101C20009A996F42666612C2000000009A99B74204
:101C3000CDCCB7C2CDCC90413333824200000642B6
:101C4000000000000000BF426666E5C2CDCCA6429F
:101C50003333C5429A9989C10000B0429A999141A3
:101C60000000C2C20000000000007C429A9919C026
:101C70003333F340CDCCBB42333373400000803F5D
:101C800033333340CDCC4C3F6666A63FCDCC4C3F82
:101C900000009040CDCCCC3FCDCC4C400000803FEC
:101CA000CDCCCC3E6666E63F0000C2420000DA4280
:101CB0000000F8425E01000058020000E803000046
:101CC0007805000044C401080404010133339FC2B5
:101CD00033B3054300005C426666B6C000800B4328
:101CE0009A9971C1000062C2CDCC104333339C423B
:101CF0009A99514166E61643666602420101010166
:101D00000101000000004CC200005642CDCCA841A9
:101D10009A998EC200007C4200001442CDCC44410E
:101D20009A997B426666E2410000984133338F42C4
:101D300066665242333388C2CD4C0B4300007A4270
:101D40009A995940CDCC0F433333F3409A99B9C196
:101D5000333367420000D0419A9909C29A998A4266
:101D60009A9929426666663F000040409A99993FD9
:101D7000CDCC4C3F333373403333333F0000803F8F
:101D8000333373403333B33FCDCC4C3F00009040EE
:101D90000000803F00000C4300000E43000015438C
:101DA0005E01000058020000E80300007805000012
:101DB00038C401080301040466663AC20000A9425F
:101DC000CDCC14423333654233339D42666678C2CC
:101DD00066668AC13333B2429A998A42CDCC924226
:101DE0003333B342333313C2010101010101000057
:101DF000333307C20000003F66668640CDCC6CC21C
:101E000000004040CDCC6C419A9957426666B6407E
:101E100033332B4166667C42666606416666BA418C
:101E200000000EC26666AF4200005642CDCC86422C
:101E30009A99A942000056C20000C03F000090409D
:101E40000000F040CDCC6CC09A99D9403333934117
:101E5000CDCC4C3F666666409A99993F0000803F22
:101E6000000040400000803F0000803F00009040A4
:101E70009A99993F6666663F666666406666A63FC3
:101E80000000A9420000AC420000B2425E01000026
:101E900058020000E8030000780500000AD7B2C22B
:101EA0008FC2984248E158427B144DC266669C42FC
:101EB0003333EF41EC51B3C252B8A64200004F4257
:101EC000AE474EC25C8FAA42F628E8410AD7B3C299
:101ED000C3F5B042CDCC4842A4704FC2B81EB54243
:101EE0003333E7415C8FB4C271BDBE42CDCC3E42BC
:101EF000EC5151C23D8AC34285EBD741EC51B5C28A
:101F0000856BCB4248E1324248E153C23D0AD1429F
:101F10006666C6418F42B6C248E1D9428FC22442AA
:101F200048E157C20080E042AE47B54129DCB7C264
:101F3000CDCCE942C3F51542F6285DC25C8FF14273
:101F40007B14AE410A57BAC29A99F94214AE0642BE
:101F500048E165C27B1401439A99A54152B8BCC2BD
:101F60007B1404438FC2EF41AE4774C2F6A8084306
:101F7000295C9341C3F5BDC25C8F0A437B14DA41EF
:101F80001F0584C2F6680F43295C8341B89EBFC217
:101F9000852B1043CDCCC641713D90C2852B154396
:101FA0005C8F5241E1FAC1C2C3B5144314AEAF41D4
:101FB000A4709EC2D7A319433D0AF740295CC4C24E
:101FC000CD4C1843CDCC9A41142EAEC2F6E81C433A
:101FD000EC51383EB81EC6C252F81A437B148C41ED
:101FE000EC51BFC2AE471F4352B8FEC0856BC5C29D
:101FF000142E1C43C3F58A41D7A3C7C2CD8C2043FE
:10200000C3F538C1295CC3C20A971B4348E1944118
:10201000856BBDC2C33520433D0AE7C05238C1C2FB
:102020000A571943A470A54171BDA6C266261E4376
:10203000AE471140713DBFC2527815436666BA4142
:102040009A1990C200001A430AD72B413D0ABCC21C
:1020500000001043C3F5D6418FC281C29AD9134301
:102060000AD773415C8FB8C2142E0943E17AF64156
:102070005C8F70C233330C43C3F58C419A99B6C25E
:102080000A570143295C0A42295C60C2717D0343FF
:10209000CDCC9441F628B5C2CD4CF242CDCC1B42FA
:1020A000B81E52C29A19F542AE47A9411F05B4C2E3
:1020B00048E1E142A4702D42C3F547C2A4F0E242D8
:1020C000F628B441CD4CB3C23333D1423D0A3C4231
:1020D000295C43C29A19D142C3F5BC41D723B3C28C
:1020E00085EBC0423D0A4942C3F541C229DCBF42EB
:1020F000B81EBD415238B3C25238B24200005542F8
:10210000C3F541C28FC2B042C3F5B8413333B3C245
:102110000A57A642AE476042B81E43C23D0AA542D6
:10212000EC51CC417B14B3C200009A4248E16942B1
:10213000000044C2ECD19742295CDF41B81EB2C214
:102140003D0A8A42C3F57542A47041C2F6A8854291
:10215000F628EC4166E6AFC21F856942D7A38242EA
:1021600000003DC266665C423D0AF7410000000087
:10217000000000000000000000000000000000005F
:10218000000000000000000000000000000000004F
:10219000000000000000000000000000000000003F
:1021A000000000000000000000000000000000002F
:1021B000000000000000000000000000000000001F
:1021C000000000000000000000000000000000000F
:1021D00000000000000000000000000000000000FF
:1021E00000000000000000000000000000000000EF
:1021F00000000000000000000000000000000000DF
:102200000006101600061016010002000400060069
:1022100008000A000C0010002000400080000001AF
:102220000101010307010000080402040801010183
:10223000000000000102030401020304060708096C
:102240000D0A0041542B434950434C4F53450D0A4E
:1022500000000000040000003C0400240400000012
:102260008004002404000000C004002404000000D6
:1022700004050024040000004405002404000000BC
:102280008405002404000000D005002404000000A0
:102290002C06002400000100680C0024000001004E
:1022A000840C00240100000018140000010000004C
:1022B00001000000400404000000000000000000D5
:1022C00000000000181400000104000000000000DD
:1022D00001000000949900000100000001000000CE
:1022E0004004044000000000000000000000000066
:1022F00094990000010400000000000000000000AC
:10230000B7F7943CE864483E8C4B1B3EC87E963E33
:1023100040F7FB3D5119D8BD2BB35EBDB7F6A93CC4
:102320005E99493E0555B73B37DE2BBE4EE0FB3D7F
:102330003528773DEC0955BD4562ACBD62A7903E9E
:10234000338C63BE76437CBEF558C03D64F310BC4D
:102350001195A3BD98263D3E4E0D80BE6E4D11BD1C
:1023600079B2D1BC292BC33D383B51BEC01E9C3E27
:10237000666BF1BD5624443DB65F15BBEC85753EDA
:10238000522497BEB0BE813D518093BAF0ED633DBB
:10239000B011D33CB92F63BE5367213E57441D3E55
:1023A0008872EDBC8C83133E2D6B733D16EA21BE03
:1023B000688D0ABDE798DA3CE8A61F3EE8C84C3EA7
:1023C000DB417A3D1D1E88BE66CA14BD909D9DBD31
:1023D000D20CC63C866EAD3D3744DA3DFED117BD0A
:1023E000D06291BC80A3B5BEB7CFCEBD5C7F483D67
:1023F000D12BA7BD1A8B463C15A4143DF3B3AEBE3A
:10240000012A81BE58120BBD02C071BD45AE85BD0B
:102410002EFD8BBD6AC915BECF6911BE14BBA23C8F
:10242000B899BC3DD38F233C5716FEBD1801533DD0
:10243000DB03EEBD3F6211BE00D225BDEF36353E57
:102440004CF72DBDD0A0E23CB74D2B3C534B893D02
:10245000E86785BD72814CBCDA75263EDC8BAE3DEB
:1024600070027F3C8E2C213D573A72BDC32B91BD2B
:10247000007CA83D1705B03D203815BE214A5D3EC1
:10248000AB97053E1E7A8E3DB8EE9A3D4CF31F3C4D
:1024900011FEEEBDD10CC23DA460CCBA509D193ED8
:1024A000C829E3BD0A71ADBDD332753E9BFE4D3DDB
:1024B0001FC6E8BD655A3ABE5DB4E53D4016833D92
:1024C000663644BEC9299EBD2DA11EBD883BB3BD45
:1024D000070EB33DA0CCBF3D21607BBE99AA88BD4D
:1024E000A443F0BCA066E63D857E0CBE943D43BB94
:1024F000315382BE3858A0BD991705BCE33243BEA4
:102500008FFEAF3C34E822BEA1570CBE43BB18BEC1
:1025100004CA9EBCDE6AD7BDFDBE233DB57F0DBE9D
:10252000DB1911BECFC5843DA5F6F7BBAA9149BE04
:1025300094B96BBC8561893CADD36CBC9B85C0BD37
:10254000D3A1AEBDA4E15B3E1D5DFB3BF48A75BE2D
:1025500043C04F3E32510BBE4DD6D3BC8745123DD2
:1025600095B3CB3DDA7B43BE615EF73D2016A93CB7
:10257000BB93993DC2A8743E593F1D3EF7219DBDB6
:10258000798C073C155296BD81DDEC3DE4A0E33D1E
:1025900099B634BE95688CBEC28B31BE1510D8BCBE
:1025A0001CF5E63CD27C7F3EA17C183EDDB2A4BE89
:1025B0002948F93DEE6B5F3DCAD71B3DA415753E1A
:1025C0000041143CAD34C9BD497F4F3EFC4C19BE9F
:1025D000F2777A3E87525FBD2B68D03B875B073D21
:1025E0001687113EAAE173BEA73B4C3DBE40673D36
:1025F0004A1431BD1E564D3EAB37573E0C6608BDE2
:1026000082523FBC1933F8BC6033FD3DA063723B7E
:10261000DF0C453EEE3E00BD3E75193E679B253EF4
:102620001AB2713EC59C923E6575443E35590CBE4A
:10263000E09FDB3D1A0A663DD9AB8FBDDFF27D3EE0
:1026400015C9C6BDC28350BE22CD733D1DB3963E93
:10265000B884B4BC1180403E2EDEEDBB97F9B13D8D
:102660006E663ABD783176BE7F148EBC2EB00DBD3D
:10267000EBB4E2BDF72DFF3D5F8516BDC59D3DBEA8
:1026800034A99ABD61D294BDB835753DD326233E99
:10269000C1AE853D58D15FBD0D08373EEBB1153E4B
:1026A000E87CA53C04F8ADBB823B11BD046EA13DA6
:1026B000A2368A3D3C636A3E77C690BDF200B23BCB
:1026C00008FA36BE95D6123E664C4F3E09DE1E3ED7
:1026D0003938C0BDD2D9483E8D2262BE3908A4BD6A
:1026E0008189A63EDBD5F2BD3FC003BE3B955EBDF2
:1026F00014FBC1BD9CF7FBBDD21A3DBC40FD59BEC9
:10270000D4C0333D7D6081BE2BD99BBDCE26DB3B43
:102710007AF451BD56041ABE2A732C3ED2043CBD35
:10272000BA178EBD8F0BB33DB1EF3C3B149578BD0E
:1027300047A189BC628F47BE66FB4FBCAB15AB3D62
:1027400030732ABCCAE17C3DDFDBF33D457D6F3E43
:10275000DC556B3D3FFA97BDAFBB5DBE5DEF1F3EE5
:10276000ABA1363D6ABAE93DB93CFE3D8F01133D50
:10277000DE1585BE27609C3D9DE3583D8D131ABD37
:102780005D032BBE7364683C662E963EEE74083E75
:1027900051BD71BEFBE09EBE551B22BC8547ADBC42
:1027A000FFD9C23ED47B6E3E33B879BE37EB82BED2
:1027B000BF58A7BE2593F0BD9439943EDD52813EAB
:1027C000250E9EBD82D62DBE7F369EBD222681BEA1
:1027D000B359AABD5CDF89BBDBBCC3BD417B783E7E
:1027E000ED23C43D6156DBBD3039D43DC8612DBBFE
:1027F000DD2DA3BD65C9BA3E1A695A3D7ACEC4BD66
:102800006599EF3D2B0E12BDDBF88BBC3115783E80
:102810005429F4BC6E85D0BD2E2700BE8EC8413D24
:10282000BB8C01BE5618E03DB7DBF13DEF15023D14
:10283000638F92BE7A18B3BDAA0AD43DC941C23D86
:10284000A751F7BDFABF933D8D3799BE96D9CC3DC0
:102850006AAC0ABD7D9E1BBEA3562A3ED16C3A3E91
:10286000667535BEEA64463D43CF97BCDC6F8EBCCF
:10287000B893CA3CF99E3A3ED0E77EBE4E5D283EF4
:102880004308DBBD7DFE0FBE18E61D3E8CE94C3DC6
:10289000EDC916BE62CD933EE7E3BD3D3404DABC1C
:1028A0004036A8BD121584BD618BD0BDBAC3DEBD54
:1028B000F36012BE442E10BD41ECFEBD2742B8BDF0
:1028C0009D232D3EAFA507BD3F9C5BBEF753DCBCEF
:1028D000187BF9BC767B81BE1C3951BD68A07DBEDA
:1028E0004F0A88BE6AB4123ED746CA3D3B8AF53DC0
:1028F00095F1F53C793C093E4A9D31BD97270BBEC9
:10290000A50088BC0E2E603D2E875BBEBD47A43E51
:1029100018B249BEE856CEBD1F17A53D5A8A833E60
:10292000C6A62ABCAAC08B3D8DDDE9BDD0397DBDD0
:1029300099AF593D424A4F3D21981FBEDB0A563E92
:10294000CF6884BD49923CBDA7294DBE06B430BDB9
:102950008BA021BD3544BE3E70BC35BE7DB408BEE3
:1029600032F4FC3CA210423E5CD1ABBE207BA13EC7
:10297000DBB0B73DB301E33D0D58A0BCC17E9CBDAB
:102980008490763D30CD603EC1664B3EA922C93C65
:10299000131C533EE7AF02BE883B963DDE80123EDD
:1029A00041DF093E9A9D333E55F10A3E3ADD8C3DAA
:1029B000EBA305BEFE343D3EEB44543E6B0DC93DDA
:1029C000A4132C3E42F5853EA466F73D0C68323ECA
:1029D00060508BBCFF2F0BBED4102DBB67F8133E8D
:1029E000C1B306BD848E923D3E371BBE21AC26BED0
:1029F00097CD1D3E4BA68A3E7F268A3DEF431E3E65
:102A000061FC94BD9CE2A33C3A9688BDEA69C1BED4
:102A1000DFD4153EA6EF873D8E4EAF3ED2C17C3D42
:102A2000F69F813D5959D3BE0602073EDF0F923E05
:102A3000A784B73E37CCE53DC5F9C53DA47C4EBE65
:102A40004A78503CC9AD703E6A7DE53E2840213E43
:102A5000B8D229BE31597ABD19EAEB3D174065BE9F
:102A6000D42414BEB082703E5EE745BD8FC3A5BCC2
:102A7000DED77ABDF2F9A4BE744FCBBD31A38B3E35
:102A8000A9D861BE40FBD9BD07DEDE3DD2359BBE75
:102A900092D29A3C6AF9953EDEAB0D3E7525033E17
:102AA00003E45B3EF60C833E50D4853E0DE953BDF6
:102AB000B60FEF3DFA70703E522EF83D36FCA53E43
:102AC0006A286E3D0C5520BE4EE6A33E4F7CA4BD49
:102AD000071699BD5415043E8AD10F3E553C35BEAC
:102AE0004547563D72697ABE4612CE3DCDA5C93ED8
:102AF00093905C3ED7FFE53CEF452E3E540FC9BD99
:102B0000BA0E043E6C2CC43E0EC5053E20447C3EED
:102B1000BFC7853EA25ED5BD7C2C853D1615EC3E1B
:102B2000F98CA93EC14357BDF1C0663D84839F3CEB
:102B3000A37F863EDC14FF3D385008BE5CB264BE05
:102B400065AC5ABEFD2094BD7CFE393E7379233EB0
:102B500008044DBECAEF8BBDEAB2BBBD12E9083E08
:102B6000C00A793E00483C3E7A0AA0BE467A36BE8C
:102B7000441C87BE986FA1BC2BB1A3BE191612BE10
:102B8000B5556E3C53CE9CBCAFBF50BE8F46743D16
:102B900083D691BEB0C1A9BE3F34623C450D423DD3
:102BA000F693DBBDFA4FA4BD74FA63BE2BF56CBE81
:102BB000AF53B33D15B85F3D5AC949BE2ED2D6BDFD
:102BC00032B483BE3213AEBC72048D3EFF801EBE93
:102BD0003AC049BD33471BBE37E8E0BDD7CB65BE21
:102BE00081DDA33CCBA377BE8991E3BDA923CDBDF5
:102BF00026D7ACBDF96953BE5BB7593EE414EEBDB0
:102C0000DF08103EFCF41A3D8043A9BCDD3B84BEC6
:102C1000EA5930BE13565CBE65A9D53D419720BC2C
:102C2000CC3FAF3D5AB8B7BEDA56223EB0A999BEE6
:102C3000E7CAFEBDFE8CFC3D14F23BBDC35C9CBEEE
:102C400076A1703D1BC83EBE809182BDC75251BD6A
:102C5000567F8F3E3A2A933E59E33ABD3D5861BEB6
:102C6000D63854BEFB024CBE850DE43C96366C3E15
:102C70004F1169BDFD0579BDC105BFBDE0B72A3D56
:102C80006AB1593E6E8711BCA223A83ED4F5013E1D
:102C900091FE8B3E2DF9773E06B2AD3DB8247C3EC9
:102CA000E40D683E8BC3633D854A243E88E2B4BD93
:102CB000FC28243E2FDCA43EBC1CD23DD4E90FBE30
:102CC00041D34D3DB230093E38F7F0BDE6954A3E5E
:102CD00028DC3A3D97F4BE3DAFB2523E7E8BB0BD8C
:102CE0008AF4FFBDCF9D5CBEC51214BD8073693EE2
:102CF000265E573E7643963CD7649D3DD12B19BD49
:102D0000C25EE1BCC905EA3D7C45C83D673CDB3D90
:102D1000CB46063EBF26B1BD1901793E1DE7993E5F
:102D20009846873D625A8C3EA8CE3A3E64479EBD87
:102D3000E632173EBD2C2E3DF17212BD57E3B53E73
:102D4000B90C21BDC2E645BE8C63043E21E3C83DFB
:102D5000C9FCC93CCE24A63E876B6DBD559DF5BD13
:102D60005F73D53DAD6882BCFA1553BDD43A03BD3F
:102D7000F64B5CBDB04464BE92A1643D9FCA16BED2
:102D8000F0B52DBCE9FF3ABE84C12BBDBB390D3C6B
:102D90002EB754BC0BA38FBCF042B0BD576C2CBEF9
:102DA000C6495CBEA3CBECBD3FAC50BE93A71CBED6
:102DB0000DFA9B3B204D1EBE67760FBE2CE7A3BCD1
:102DC000FFDE473E296244BD8740C4BD5F583DBE1B
:102DD000959DFBBD543152BD9F61463E35278FBE48
:102DE00011628C3C30FB41BEFE61CDBD459355BEAA
:102DF0004DFA6B3E759585BEE29339BE63232BBEBB
:102E000023A7C93DC30EC4BC49E1303ECC03A53E57
:102E1000118B8E3D0BF624BEA722233DBF1A823CA8
:102E2000C5FB8D3DD6A9F13D98F5FCBC1074E2BD03
:102E3000DC7F413E8A7C3E3D2C5BA3BD4C735E3EF5
:102E40003BC1203D47BEF8BDAE6E5CBC3B42ACB959
:102E500004A7143D6B62093D74A55CBE7361C4BCDC
:102E60006416813EF801B3BC90798BBDD9D70ABEF8
:102E7000967486BE9FD6B7BDF6329E3E803CD9BDC5
:102E80007A4CE53D427052BD5C0BF63C4863DCBDBC
:102E90007176383E924CB23EB2A176BDB713D2BD28
:102EA00034521C3E1F2C6ABC7547B43B11001E3EB9
:102EB00095558C3E97C72DBE655B863E6ACE253EF6
:102EC00001372D3E979F773EB08F543EFF1A1ABEB2
:102ED000E761033EFAD604BEFC83993D3ACE373E05
:102EE00098C9D43CC20BBEBD1DB80F3ECDF33C3ECD
:102EF0002613F83DE081293E669EB43E5C46453E81
:102F0000AD67A13E434790BDDEB824BD524F2C3E75
:102F1000CBE0813EA53560BCBB6B4ABE9F6103BE62
:102F20001CEBA0BE825EEBBD1F482F3E183C073E47
:102F3000BEAFCBBD85F4A33D23E086BE5FE824BED3
:102F4000D6E89EBD3DC6F7BDDE5B7BBEF90D8A3D72
:102F50001991FEBD7C729A3DE08F47BB0A629FBD0E
:102F600076AC493E85BB9A3DC0A6C4BD4023B53E64
:102F700083C1173D96391DBD6E7CA03E55F5E6BD5B
:102F80002D9D403C7829B13E5321453DA8B5F53CE7
:102F900029DF363EA688ADBDFC8E593BD573C13DB9
:102FA00076423D3BFDFD21BE1BD9D6BD70EB0DBE6B
:102FB0002FAD673EDE4F913EC579BCBC5F95E7BD46
:102FC000BAEFE23DE359383DDC6D853EDCA1B53D0D
:102FD0004ADC3ABE5F9231BD94A2DFBD37C535BE33
:102FE0005FA27D3EDB0F2B3E1E6DFC3DAC1CE1BDA8
:102FF00024A253BD6050E8BDE1AB2FBE88E6573E2A
:10300000443319BE64C201BEE6539A3C6089393E1E
:103010007DBC6ABD845B863E42955FBC75A5F6BBF0
:10302000D93AD4BD077BE93D053761BE360FB23DC5
:10303000F74ED8BD7E467EBEF0F6D43DAFA813BD98
:10304000442DF6BD6263F63DFD3AA4BDA665293D5B
:10305000AF09E83DEF17833E7225C5BDC10B043EA5
:103060005D6D54BE9524DB3D23E00B3EDC34863E93
:1030700013EF84BEC39C743E170431BE602808BEA3
:103080006970213E4C72263C156EA63CB9B616BA44
:103090003ED949BD94168C3E4F34023EEDA09B3C78
:1030A000B305803E16C2223D1A4C943D3D619F3EC1
:1030B000E7921A3C11CFB23B0B0E993D7E053D3E87
:1030C0003EFC843EA68A8A3EF06404BEE676BDBC21
:1030D00074F447BE209079BEDECF0BBE6330EDBDE9
:1030E00028AD06BE7114A13D2AC38CBEF49F3DBE1F
:1030F000996CF4BD21E520BE246D44BEBE7A293E04
:103100009A17A6BEE0F8A3BC888C183EC4BA523DFC
:103110005A4DDEBC60EA8C3E83BBA9BDB6658D3CD2
:10312000096B5F3EDF61403CD7DB7D3E4745963E05
:103130009312D0BDE360F6BB845BDF3DE61F30B980
:103140006A9D543EBC83DD3DB41DCFBD79C0F83DC2
:10315000EBBA9A3B69ADF3BDDA2054BE7C34AE3D88
:10316000ECA344BCBA29203E1480EBBDA026803CD1
:10317000853685BE78744B3D9D7F8E3E50E9B83DC7
:10318000A6FF84BE2A3B80BD836C04BEEE5112BEF6
:1031900079E4AC3EEE8416BEFAAF0ABE2ED7D4BD9B
:1031A000EAE6293EE449813E7A6F04BEB6DB63BE9F
:1031B0003C1F793EDFAC91BE1F54333EA7588BBBFA
:1031C000CD64873D8B517BBEFBE85C3E7557E03B91
:1031D00009A5073C39112EBED9C380BD695553BE20
:1031E00083255CBE2AAB80BC7AA8F43DE8FD873E0F
:1031F000C1AB7D3DE19D7D3D0981F43D8681643C0F
:10320000D6FFED3DE298F93D2C46FCBDE735BFBC4D
:103210003667B23D5CFCC83D0B96143E378D833E4D
:10322000CE3027BEE69D26BD0B5773BD644F08BE4A
:1032300090285BBE96D57B3E031D3E3E78C5BA3DC9
:103240003DEAE9BB146F1BBEBA6CF1BB614D2F3E6A
:10325000C1A4E6BDCC8848BD572F213E4795C43D4B
:103260009C3D8ABDA79314BDBD392F3D705091BDC3
:1032700081A06EBEAC2B9239D04EF4BD197F843E36
:103280008977BB3D170FDBBDEA700DBDB0FECCBD2D
:10329000B39935BE5688913E3CB74A3EE463E7BDDC
:1032A00020F7F8BD6FA2D3BD30E29FBD96725C3EA1
:1032B00003A1353EEBF6003D18EC0E3D4D0E0DBD65
:1032C0008436F2BC433123BE44B2F13DA54697BCDF
:1032D00027FD043D4D8C82BE882D00BEAFF316BE87
:1032E000229FF23AC3881E3EA405313E713A8FBD3B
:1032F00001A3D83D5B353BBDF46098BD4D78853E5C
:10330000EA00623D878F9DBEE583BEBDB5B3E63D55
:103310002876293C84BF04BD44FEE43D4EDCA63E35
:10332000BC5215BEB3A448BE2C5A723DB3362DBE56
:10333000ED1EBE3D3328C93EF117A7BD02B6AEBD96
:103340008332C33D71E109BE508FBCBDA0E68B3E08
:103350008A9068BEF2269ABC4347823EFC3F973C67
:103360007EE5E7BDEF72473C519CC33CF3D6243E5B
:10337000647D5B3E023AE3BDBEA56BBCBD2B03BEC4
:10338000A10083BD7A6F163C6483143E3602013E71
:1033900052C9A8BDE14007BD1F0220BE94D164BD43
:1033A0000A15233E8338C33DAC21003E7BEF48BE67
:1033B000462273BD7DE945BE29433FBC36B84CBEAD
:1033C00063196A3E2A353EBD53A59F3E147583BEE0
:1033D0003B622BBE41A180BE0EE8213ED4ECA4BED0
:1033E00093E5443EBE818E3D99E3E83D5AE9433E74
:1033F00042968E3D025B9B3E528A183E3C62EDBD7A
:10340000B4AE5BBD4641893C141223BC8C25BD3E45
:10341000B4E4DB3B2A17E5BB0666473E20B107BD97
:10342000D9E26CBD663BD53EFB480B3E41EF4DBE3D
:10343000B5E9133EB15DBA3C305BCE3BEA70813EEC
:103440003C9ED4BCCBC7D83C364D5A3EFE2645BD2B
:10345000C445F83D60F7B63E153BB5BB0FC60FBE81
:103460007B0F7BBD347F3B3E324B543D17B3803ED8
:1034700094922D3ECD229A3D2EBBECBD6E5C3A3E21
:10348000731633BEC338E0393894093EA24551BDA6
:10349000B432B3BDE5B63B3EF97C0E3E81321A3EF6
:1034A000C9411A3DC2D5A0BD01EFB7BDBA33AB3D8E
:1034B000E657413C6BE6863D28C70DBD50FC44BE37
:1034C000AB121ABD38DFB03DFFD6323E24E88B3E4A
:1034D0000691893D1C0A68BD51A735BD816136BE84
:1034E000B91AE5BD89CE943EB5C2D4BC182E59BEDA
:1034F000204C8A3D1A966ABDBB09CFBCCFF2203E54
:10350000010C573E8E67063E6E05C53CA404DB3DAC
:1035100096309CBCD31C123BD2E4173E8E465E3DD7
:10352000E5DC0A3EB1BE9C3CAEAC40BDA714653E96
:103530007B5ACE3CFCFA3CBE87BF54BDFCF9B13B84
:1035400068032F3E84EC683DDEC37F3D03A02B3E25
:103550000726DA3DAB06153E95DA173E55F6613E75
:103560002E54853E78BB2F3D2F3B82BDF290363ED8
:10357000AA76C13DF98F673DF93E94BD98293FBDBC
:10358000A41B6F3DAB2094BD2216E43D13EC533CCD
:10359000BC9E0F3E2F853CBD4F1708BDF375ACBDDB
:1035A000BC981CBEA6842E3E8A24233D89DCDD3CCB
:1035B0005D97833D5E5F8EBD9D5C2E3D6B72EE3DE3
:1035C000D334A63C6D89C03C9A8ADA3D4FF18ABC5F
:1035D0003D0F3B3D83BBDA3CB7455F3DDF15393ED0
:1035E00023626C3DC98441BD535022BE0989D8BCB9
:1035F000ECED81BCC9050DBD91D50F3CECC406BCFA
:10360000A299973D795F513EEE5DAFBD8E1A4F3C5A
:1036100065D1CF3D7E3C31BEFF1C0BBDE185C33D76
:10362000C4E02B3D65B870BD551C66BEF3B153BEFA
:10363000E799033EA2AAA83DD6AFA43DD29885BD86
:1036400027636E3E4E0A12BDF374123DB18F4F3E9A
:103650003277FEBD254B493EA6A0713C84BD90B992
:10366000AAA1EEBCAB26943D595DF3BDBBF16DBE86
:103670001BA993BEE84D2B3E406F923D7DF40D3E5D
:10368000FFA443BE0C29363EA042CBBC19F8F6BDC0
:10369000F0C64BBEC565033D0CCBE43D879AF13DBA
:1036A000AE75223DC4B75DBE4B0CBBBD424F703DF5
:1036B000ED31EDBDE3C7633E02FF543E2F6E433E46
:1036C000E6EED2BC1B4EA93DC07D9C3C2B24143E93
:1036D0003864C5BD559B79BE06C4453DFD601B3EA3
:1036E0002841FBBD216582BE6DCC7C3D4C5A71BC2E
:1036F00099B62DBE5F14EBBDD69B0F3ECCD942BE12
:1037000035C6573D6C1D303EEE6CC23DDA870ABDB2
:103710001363703D87822B3DDE6E363E5C91D63D55
:10372000DD6C69BCAE1E89BD855CDEBDF981863D60
:1037300079E504BE08D5B73D590FD03DEBEF213EEA
:103740009600863E076230BE6B79BC3D23563F3EF5
:10375000859F4EBDA210DF3D35EF3E3EBA722B3C39
:1037600069B4193D97E6803DF3AC17BC51083ABEE9
:10377000749BDCBD11B1303E93A9243D54C4353D4A
:103780007F541DBC38900D3ECD83B2BD335A04BE6C
:103790000FCF23BD1201EF3C91FA413DB5CA903DD8
:1037A0002B1F513E678C03BE5CC232BE46F09D3D6E
:1037B000795555BC4432483E097A263E3369B73DB7
:1037C00074FA3CBED3618B3977EADF3CA22AA53E6E
:1037D000E17C4DBD240F263C622C513D8C9441BDB3
:1037E000A7927FBBEA50F1BD35E78C3DF3804BBD1E
:1037F000891F11BE3EBE38BEB22453BDB5AB6A3D73
:1038000018B4313EB3485D3E46A04EBD392CE83C6D
:10381000AEEFB1BDB2C9083D3A26CF3AABE760BDC5
:1038200057C459BC7E74F6BC975D853DC86569BDBB
:10383000DF5616BD73E38A3E4AC22EBD67A8BFBCE1
:10384000D29F763EB30AECBD9C0A17BC40BF403EF7
:10385000FE865BBB02C92B3EF6E0703E21A64E3CC5
:10386000FA0117BB766E23BD37FD8ABDB51EE5BDD7
:1038700096E386BE853F383E81412C3DC1F7203D11
:103880003E84C13D69E41D3EDAB5F0BCA9EE4CBDF5
:10389000ED3E643DB50B54BD08722B3E88C51BBE82
:1038A00075162B3E9B9D6CBE21BB6EBE217D1ABA48
:1038B0002FC7653DE6318A3D5665023E42CA36BB9A
:1038C00035297F3C2603463EE4E7CE3DFEBCC53DA0
:1038D00029D6D43C221BA3BDAD16ACBD2F82483ED9
:1038E000ABF5173E5D787EBDC749F73D0155B83D44
:1038F0002027CDBDEEDDC4BBC63353BDF4244E3C02
:10390000373E82BEF18425BE099E733D023D713E65
:1039100031EA2E3E0AD6C5BB50BFFC3C915A2F3D22
:103920001FC3D1BCFF504EBD34340F3DB5698D3D32
:103930003FE98D3E3CDE2CBE2EACDC3D0D1385BD3B
:10394000C97173BC29E5653E694948BD5814F1BC8D
:103950007086953EC37304BE4F36B0BD6FB35ABD7B
:1039600064EE02BEA073B13C43ADAD3D1D183CBD3D
:1039700017950ABED69723BD5F7033BECCD9263DBE
:103980006324CA3DB53FC9BD6201D03DB6B2CD3D4D
:1039900041AC833CBC33C4BC3D384A3DF7789FBD45
:1039A0001EA689BD73F573BBB5847B3BBAA805BE63
:1039B00018BE2ABEA25483BCE6FF63BC2A0A97BD88
:1039C00097F2953DA390C0BDEF21CF3D6C3EB13C39
:1039D00020A80CBD48EF123D7688CABDF39816BDED
:1039E000015A82BE3962D3BDF3BC2EBE570ACBBC8E
:1039F0003260953DB4722F3C4B7756BD3C5E773DAF
:103A00005799093DED750A3C07AA06BE9AEE403E5D
:103A1000018634BBF4F4213DECF0DCBC06D98F3DCB
:103A200026C0843D4CF3443EAD21943D0833BD3D5A
:103A3000863849BD869A12BE6A8E143EAE9D45BD3B
:103A400082E698BD44EDF83C959BCC3ABE8F1B3E78
:103A5000D3377E3D14AA13BE224232BEADAF5C3EC8
:103A6000DEA2003E8640F7BD0301E3BD97FA033EA8
:103A7000C6F041BED5D55C3D4B6331BED4870E3D0B
:103A80009CC5403EBBE41D3E4593673EB690A7BD36
:103A9000B5DD273DBBD0FBBDC670353C633481BD71
:103AA000F73BB83D6BB149BD9FDFCC3D6A9F21BE5E
:103AB0000DBC8BBD1915CD3C87F99EBDDC8A52BD6E
:103AC0008DD3823DBD1F5B3D9025C23D2D62C2BCA2
:103AD000F47282BD15AAA93DC02387BC210A893C86
:103AE000C83C81BE78A601BDD896453D85BFD53D71
:103AF00068732ABE1B1DBBBCADC613BDD6B44EBE7B
:103B00001F3E67BC9C1EF7BD477AFDBD4CA61D3EFF
:103B1000296B2D3DB17F3C3D906800BEC0871CBE27
:103B200080AF093EDF051D3EA7B1423D6B83183DC6
:103B3000C4B7CCBB2F4C67BDAF5555BD7FF6793DA3
:103B400027C5CA3DCC8CD5BA3185473C302DE3BD65
:103B500011441ABE54AB17BE317637BE96266EBDE1
:103B6000A146543A9571EDBD454A24BEE24690BC4B
:103B70005F6DACBE3BDC7CBDE564BBBD87348BB9FF
:103B8000B7CA253E7B9E2E3E8EDC023E4D830E3E06
:103B9000268892BDF9EB4EBCD8A3A03D4E3DD9BDC1
:103BA000017E9F3D117E0F3DF007B13C9E170EBC7C
:103BB00045780CBEB01B543DAD11ECBCB14957BDAE
:103BC0009CC0B93D4017B63B6781513EFEC8B53D2C
:103BD000873B82BD2467893DA20AF33D13CD2E3E6B
:103BE00084896F3CCA4C92BDE931DABDE2253A3D89
:103BF000A6604B3C07AB89BB7E7024BE880F38BEE5
:103C0000CA3E77BE65A45E3E6090DFBD934E073E20
:103C1000EDE89C3D668CA1BDDD0BDCBC2510063EAD
:103C2000C927B23CDF6A973DF23BCBBC9FA760BE81
:103C3000D0DA6CBCA222AB3D74EA243E50ACBEBCD0
:103C40000F7E24BEE86180BC4B51DC3C7353403C8A
:103C50006D1165BC2E04A53D5A11073D9C8938BEE7
:103C6000292389BDB39499BDEE1AA53CBD802DBE14
:103C7000002C4ABE6BE8C53D573B643E7278643EFB
:103C8000A4DB3C3DEB79383E6CD175BE98FD44BD5C
:103C9000B8A1A93D1AA92A3E56CD463DC088953DFA
:103CA000E1001E3E78D7A5BE4F6B5BBE42D6A03E5C
:103CB00089E4583D076A283C8AE4C73CF9EF21BCF7
:103CC000D670FD3CD8A6853D607F46BDF43C173DCF
:103CD0008818D83D9D6694BCD9E23F3E790DE13C01
:103CE0006503C3BD8F5CA83D2499C23D749C113E01
:103CF0001E0A50BEF48DC4BC7961DABC9341B7BDD5
:103D000000983BBDF9FA773D860EB1BD346C5BBCC3
:103D1000A211E43C2A6E86BD58D70F3E8C34B7BD45
:103D200044DF823DE34E34BBEF50ABBD0E9413BE77
:103D3000C5EAF43D58B5DDBD668BFA3DB97976BD6F
:103D4000704971BE5ABC15BE84EE453E63D5233E14
:103D5000DEFF02BD19799F3794D830BD472917BEC1
:103D6000CEE719BDAF403ABE2F5175BD696D83BE18
:103D7000449292BE64FF7FBB9FB72C3EA1280E3EAB
:103D80009C3AFABC1BACBD3CA4793DBEA1A289BD46
:103D90005FE0AEBAC92E3F3EDA52523EB04C043E0E
:103DA000C5559E3D0E7F88BEBF0B94BE63FC973EFB
:103DB00024DF07BEC407153E74719F3D24B29BBC2F
:103DC0001E6463BBEBBB8B3E0D5710BEEE1E18BED0
:103DD0001033E2BD35CC82BD8079AF3D5D743C3E91
:103DE000C65CDFBD8431FF3DEA9132BD4FDB403E12
:103DF000348971BE2F85A7BBBC6E1A3E41038D3D31
:103E00005BA775BE8230593EF31A3F3D0D9D363D8E
:103E1000AD10173E0CD5813D49C4B13DA2B9103D4E
:103E20006B35013E1F18A0BD7274A8BD57E66FBD6B
:103E300006D9CABD6D502A3D8854473E1B521C3DD1
:103E400032E97DBE24C4AFBC6DA1813E1FCE69BDE9
:103E5000AA94C2BC943A0B3DB8DAA13C39FA05BE2B
:103E6000180800BE843B033DD92764BD191875BDF1
:103E7000A3511EBE00C505BE1F14F73B0E9E203E7B
:103E8000D652653D96FD05BDE78FA8B765FB21BEFF
:103E9000BCCA033E56EE353E332393BC6FB7AB3DF1
:103EA00077E8B23D635A8EBEF0AA8FBEC0DD663E93
:103EB0004334863A60CE973D5109B13C74FBA93D2D
:103EC000B312C1BD763BE23DFD29853C18905BBD38
:103ED0006A0AFFBC085EEABD20BF463CFF391D3EB2
:103EE000E57A843DCC32B83C59CB273EA2B901BD1E
:103EF000FBCFA2BDD7A509BE6EE7603E346D933CF3
:103F0000DC1C1DBD595CF43DBEE30BBD8B83A6BD1F
:103F10004466ABBC4F2D92BE69FBA4BCC9932ABDBD
:103F2000A6E4D03AC5B690BCC8286FBE61DD35BDE9
:103F300055F3013E6C7DDBBC0CE01A3CEC44BEBC8E
:103F400075F4313C6C957DBD5D27373E39193BBD1D
:103F500028200F3E6D0E1A3E54C9433E3B96CD3D80
:103F6000F0DB08BE69832D3D493527BEC33E00BE48
:103F7000702D073E3CB7BE3DBF2C7A3CD7681D3D37
:103F80009F559CBD0092EFBD4C1672BC906E4ABE10
:103F9000A374913CB3D4673D19454FBE376DAEBE97
:103FA000201D0CBD3215B33C09EEEDBD0AFB333EBE
:103FB000C5F4F9BC77AA24BCBC91823DA050573E01
:103FC00089573DBE1576E63DA2EC20BC409A14BC54
:103FD000E5F980BE91BA893D966AEF3C99C92D3DBD
:103FE000BC68B63CE5E435BE18F62BBE7CBA01BE13
:103FF000E9E95EBE1CA4B0BECE2D243EDD30883B78
:10400000244DC43DF5920D3E0EB6803DE103FE3DCC
:1040100082FC0B3E3D8A1BBE2955353E79D6CB3CF2
:10402000D9CF36BE28FDB6BCBA8976BE4DD65D3D29
:104030000026B43C6DF2A63D21577FBD82E4463E8A
:10404000E65665BDC1B1C4BDBE141E3E2BD4F43AC4
:10405000D241C53C848A03BD741A183E629E183E44
:1040600032E435BD2F04183D4C6780BE7151D1BC80
:104070009824E3BD8B6D8C3E710227BC93478D3A2B
:104080002F9096BEC37C2A3B5DD5B9BDEA7E74BE37
:10409000FB3A9CBDAA05D0BDA52FA2BD81117CBE57
:1040A0002883E8BD05F69FBDB7EF38BEF7D7163EAB
:1040B000661AD73DA2976C3E3F0E553E96076A3E64
:1040C000487F57BED6CD5BBDC782423BBD78B63D6B
:1040D000F7486BBD9EAD92BDDA47EEBD9CCE953DD7
:1040E000E33948BDC250F4BD1370BE3DEE9B82BEA5
:1040F0006A6E01BEFFDAB2BD721BF73DF26A71BD96
:10410000083693BDDC238C3E18B2BC3D1A75DABC70
:10411000BE75513DEDD81BBE3F6F083D14D0D63A59
:104120006E39BC3D58A43BBD473F933D9796DB3D60
:1041300069E1BBBD035B333E04EFB73D75D1593E2A
:10414000950229BDEA432DBEF11F9B3D1D458C3DC7
:10415000E95800BE7F2E333EB8BBEC3CCF4B4D3D03
:10416000E946D5BCD376ECBDEBB1FFBD45A9F5BDA5
:10417000AAB59E3D1BF0753C81CDEE3B0527923DD7
:10418000B16855BEE12EBFBDEC56CC3D6E4B75BE41
:10419000E88B2EBDB8F76EBD982078BC79D427BEC9
:1041A0005ABFD9BC86B3D7BC2E69913D5E100D3C79
:1041B000DCF17DBDFDD1143E429F623E172C553E81
:1041C00067A888BEBB0DB53C6BF93D3EF50DCE3CF6
:1041D0003EA417BE08F70E3E45618ABD666D7D3E62
:1041E0008928BE3DD03F84BE6F709B3D83D80FBEF3
:1041F0003EE1FABBD32821BE234F91BDB8E29EBD5C
:10420000AAD875BEDE59033E0399023EB7C3363DB8
:1042100085E720BD462C073DAD7B6E3CDAE3393E99
:10422000AB9859BEE18805BEBB1CECBD818B69BD56
:10423000AF704CBCF69CCABDC5341DBE14D5613EE2
:10424000F8DEFABE2023F43D5B7E223DCB4E6BBEF2
:1042500082B2383EEE4799BED2F728BE9862D63C6D
:104260005594F9BDC1F94CBEFAFD863E59EBDC3DD3
:104270003E4D1BBEAB2089BE75F8F7BC7A3291BDAE
:10428000B27867BC7FCA49BCFF12CC3D05435FBD15
:1042900091856EBE51F8193EFC7B07BEADF46B3DB7
:1042A0007BDA4DBC0E97F03BB1B10B3D4A9F803D90
:1042B00013CF84BEA56AD3BD910587BDBE1BB43D97
:1042C0007D02CDBD5F641C3E70448DBEC8FBAEB99F
:1042D00032BE0BBE11A935BE637948BE2ADED0BD01
:1042E000A320E5BEF625343EA50A343DA4D571BE13
:1042F00026F4EA3D910D003E3AF432BD155E8A3D4A
:10430000578E7FBD5D863B3EE9F925BC9F01B93CD8
:10431000C588563C4DB631BE6913DD3D26ACDBBACF
:10432000D54DCFBE15D627BE5E4528BD99A7DB3C2F
:104330001D1C5F3DF49670BD2A3C97BE841E70BC68
:10434000EFA9D6BE7ADF563E9039633E25FCB8BD54
:1043500078B24D3EA4ED0DBE5802F7BDAA75BEBEA3
:10436000DC6833BC1E211BBE126F943D249207BE35
:10437000BAB594BE84E77CBEB7CE0C3ED2EAA53C6B
:10438000957F03BCFB29743C07011BBD6E1BC83D18
:10439000732F4BBE214420BB18E7CA3D78F0B13DD6
:1043A00038CC18BE3EDA17BD360803BE92AB133EBA
:1043B000E74DDEBD6DF81E3B089885BDB33DB53CAD
:1043C000B2A888BEF86A133D7496EFBD596B11BE52
:1043D0003DA805BE41F629BE11361EBEF8CB26BE4D
:1043E000511B14BE4DD19E3DE3731EBD2B5E9BBE83
:1043F0000717733D77DB31BEDAC22C3E67F663BD2B
:1044000013073ABE0F4B523E0F337EBD970E96BC3C
:1044100069D7FBBD1E5A743D5C120D3E6CA4293E4B
:10442000F767AEBE1222A1BECB3EDABC7C80D6BE00
:104430004BC7E23CB641DABE25FA6FBE85F0EA3DD5
:10444000700C52BFBC5AFB3C8BBB043E29C7DFBD7E
:10445000C616953D834B17BC052985BD845221BEE8
:104460005ED78CBE8AD910BED32FCEBB980522BE94
:10447000BE7550BEBF53B8BEFBA8BFBBEE4C3E3DA1
:104480006D7A92BD4A8A67BE8007D4BD8C3109BE61
:1044900045A782BE78229E3C3B4010BD015D2BBEED
:1044A000496A18BF92268FBE86FADCBD1C96263E4E
:1044B00065E026BEAAE1E7BE4FEE093D8995423E82
:1044C0007BA867BD15EE9F3C859EDABE3D1C3BBFB9
:1044D000E76490BE4374BBBEAF34D6BC6BC1E7BECD
:1044E0000D15C6BDFF21B43B2134E4BD892829BE8A
:1044F0005BD505BE97723FBE261725BC56F3213B00
:1045000001EEC23B7C19133E0C84F13DB245A23D45
:104510001516F13C2D9A4DBE6F348C3E3AE5F33DB5
:10452000EDF13CBE04F104BD7325A1BDDA53CB3DD2
:10453000F09E3DBD323687BC43B484BDF0DF843D80
:10454000C316EB3DAEC6A13DB263143BB5C0483DBA
:104550003C23953B28B7BA3D939B763EE7BDFEBD15
:10456000943B843E8F7B4FBD65305ABE87FE07BDAE
:104570005FCB47BDCCF21E3E4E17A8BDCA5683BDC9
:10458000E8F781BE1459923DFE9F363DDC679D3CA5
:10459000E9BC9CBDDF6B0ABDCC22B9BDF6EB80BE89
:1045A0009EAD263CAF2FD0BC2C1A27BED9C336BE39
:1045B000B8EE6B3E5534F5BD5C2317BCC4457D3E5B
:1045C000CC3B11BE6AD199BC78F2BDBD7775483E2F
:1045D00082DB81BE78FCD3BBE556E9BCC746973C7D
:1045E000D0E70FBD062D5BBE0EC1753E1BD8B1BD19
:1045F000D6A28EBEFF7E93BE68B36C3D64AB283DF1
:104600003D4F6E3ECD9B1B3EC9B7D33D833ABFBCE9
:104610005F447ABDED4A23BEA26ECA3DBC9A34BD4A
:1046200069A1013DF56EADBD7FF855BD2F4F693CC9
:104630008171E4BD4EDA08BDBF2148BE8EF4123E42
:104640008AD55E3B5263C7BDAE34A63D11E27A3EC9
:10465000116E2ABDD69B4C3D0B6DA13B8CFD4E3D92
:10466000CBCE0A3D560D2FBE23F4ADBC71C71E3E06
:104670006AB1B93D9AE25E3E931EA6BEFA027EBEC4
:10468000D43388BE5BE6FCBDE318FE3D97D735BC4E
:10469000F9BBD5BC3C650BBE01872EBE3CC8A8BE8D
:1046A000A55DEBBAAAA1DD3C39C11BBE2B8541BE7D
:1046B0004DC5233DE91AC73DAD14E33DBA6B7C3EC1
:1046C00019B7A4BDC248B6BD0365B53C415FC0BCC7
:1046D000D1FC5FBE4B6A2C3E82BC163ED719DF3D33
:1046E000D532D9BD1FFC6FBEBC6E343DF25456BEF0
:1046F000A7FA6EBE738E5FBE43E589BC3525743C58
:10470000E2A57C3ECE744C3E2F0E02BECC46DA3D76
:1047100001DA4C3DAA90C43CFCDA5E3D0154F03D08
:10472000E0BCEEBCE25614BDF46F32BE0363303E13
:104730006598B2BD1A332ABD64B8F7BDC1AAD33D8E
:10474000DF1D253EB47069BE3F43CBBC357E52BBF6
:1047500068658D3D63319D3DB299423E41A5E33D83
:10476000E793533EE12977BEAB5278BE7E57DF3DDB
:10477000A224BC3D8FFC803E426848BE3FE156BD4E
:104780000A791BBDB912D53D95159EBD16C0A9BDB0
:10479000C865093E5CF3C63C45FFA3BD678F2EBECE
:1047A000124E1C3DB9D4063E6C26F73D77861FBEDF
:1047B0006FAE4D3DCB08ABBB8F7701BD0059863E38
:1047C000DEE5143D023EE83C2FC1973DFD65003E0D
:1047D0001CBB8D3C9E5A403EAAE6EC3DF6141C3EA6
:1047E0007C0FF73DCF1253BE5C7E333ECBADF7BDA1
:1047F000BBE956BEE5FD39BE7472E63DF81612BD42
:104800005A2E923E7F3340BD2CBFACBD1F1FF739DF
:1048100015C0773D2D92B73DA73696BD5E1BD53DA1
:10482000D04CC9BCF45C143EC02B043E457A633EB8
:10483000EC20B5BD7B03D53D4D7C633D3E5047BE6E
:1048400062220E3D324C93BDB3A52CBE81FC1EBD31
:1048500066E2773D542A043EF9D212BE9DD0903CC8
:10486000C73F873E9AF4D8BC21AC733CBF656E3D10
:1048700078B9C3BD51AB263E180D70BE657563BDDA
:10488000D673D4BD699A8DBD7F25BB3D5A51173D66
:104890009ADECB3D69006BBDE61910BE3A4E4CBDA9
:1048A000AD48C5BC08F9513E5AFD66BCED3B43BE60
:1048B00062CC543D3E1838BC1B56C0BD49F31E3D6A
:1048C000F4E61A3DAC728DBE1386603E4467783DB7
:1048D0007425FBBCD4E8993DC99591BD112258BD02
:1048E00047420C3E5778A73DE2C82D3D72FE25BCDD
:1048F000E91B1CBE73FB16BD89E5E6BCF938273DF4
:104900004FF28E3E4A05403D395F25BD48ED0A3DD8
:1049100018EA36BD60BA063E4558353E49807D3DB1
:10492000C0538E3D6BEEE93D36F9ABBD4D9DDC3D90
:10493000DC0FBFBD22C2C03C9D8F66BC0DB541BE21
:10494000C73EACBCCE6C92BC2972B0BCA0C7B2BC96
:104950005D77EC3D20F98A3D482C03BD3DCCAC3D54
:1049600097D2643ED355783CB1E638BEBC544B3E3A
:10497000E38D1CBE9DEF52BD573AA1BEFEF60CBEA4
:104980008F7FB33D071217BD358B563E5F3340BD59
:1049900043794B3E569606BE329C88BDB24280BDDE
:1049A0001762CA3D73B5083E209A3C3E79A08EBE80
:1049B0005722A53D0B01F4BDBC040FBD39FE97BDC8
:1049C000783153BD77DE96BED117863DB133E03DD9
:1049D000CC0E023D5E1A833E876D433CC2E2273E09
:1049E000CBA9823CADDFD2BC48D8013E961EF93B34
:1049F0002D40F5BDD9D4AB3CC699E0BC6F4198BC05
:104A00007F70503E6432773D3C1B7C3BB15484BD8B
:104A1000EDBCE23DD51D50BE8AAE943EF663B73D77
:104A2000444A43BC2A4B10BEAD17F43DB11EE43DD1
:104A3000F844023E99F8B0BBC1DCD23C69940EBE8A
:104A4000660D1C3ED9F5B43DB6B3D5BB6E48553D99
:104A50005E08FD3D951B3B3E6D5C14BE6928333CF2
:104A60008FE0543E70A598BD4B1515BE6FF1C43D47
:104A7000C0C3CBBCF565A43DC18559BE78C1DEBDC0
:104A800005FB11BC4CA085BD5D25B63DCFBE193DD3
:104A90002B82593DCB7C263EFC2ACFBDCCA039BD14
:104AA000FBEE19BE8791BEBDB66C153DB3AE28BDF9
:104AB0007CBADB3DE14DECBBF7C305BE8C86E43D23
:104AC00053E52BBE18C0ABBD6A63E83D7309A1BDB9
:104AD0000D7543BA2818103EA130B33D994472BDFC
:104AE000C959C23D92AA7FBDC6B505BE082D84BC7A
:104AF000F951723D498F53BEA809CB3DCF47343D94
:104B0000C1EE8C3E3525823E5E1E1D3DFCC4C13C7F
:104B1000BA7B0ABE01B03A3E7BE81B3EFF1557BD8B
:104B2000A52E13BB466114BDFB1B49BD9EC24F3D64
:104B3000F44EDBB970E0203E51A4F33C3E12C1BA02
:104B400019B4713E6635093E3960D83DCDFF1DBDB3
:104B50000A9A7E3D0334E53CF51E413D0B1DF53CB4
:104B6000E8F9073EFA0A67BE6915833D876D603D27
:104B7000B90811BE0EDFB63EF2BD9FBDE7F580BE9F
:104B8000ABC20DBEF738D03C7758613DD091EE3DB9
:104B900079630F3EE58EDFBDF1D936BEE6A7A33DB2
:104BA000FC25283E3DB20BBEA026B7BD953A903DF0
:104BB000A4F6913DC76247BCE0D7373D268539BD95
:104BC00061729FBDAB0C0CBE6FA98ABC6595343E6B
:104BD000A91A093D5D52933C07F1093EF4B1423EEA
:104BE00089D9EABD498FCD3C67C1343EF25CA5BB93
:104BF00024003DBDAEE209BD0A28E1BD38B7E6BAE2
:104C0000E3D2833E23D9E03D765595BDAF29103ED2
:104C1000300480BD572C373ECFB5F13DC6366ABD56
:104C200018EE403E4416D53CE73F70BD4D9DE83C34
:104C3000F42515BEEDCD6E3E0C1CC0BD4106A83D51
:104C4000A9BB5E3EDF71EB3DF98962BDA49C013ECC
:104C500064363ABBB18CF9BC371B673C87C5CF3D86
:104C60008AE63F3E62EA9ABE8074A63D21A711BC47
:104C700071D592BE1630AB3ED7B0283CA2432DBEB4
:104C80005ED520BEDE8E283EA7B138BDCE96983CBC
:104C9000386F0F3EBDA546BD157BF2BD40A6B3BD26
:104CA000DBD5263C7FCA1FBECD108DBCCDCB563D7B
:104CB000E5EA423C8038733DB74DB63D5F5716BAC2
:104CC000451AC23C318214BD3CAFF13D00D3953D45
:104CD00008EDB93D59251A3DEDA3FF3DB8F0DC3D87
:104CE000AABDB7BDA0F75ABCA1B3373E9D1958BCA9
:104CF00005B9AF3DDE3A023E8A6E1CBE31D3ECBB35
:104D0000A6642C3E9D5C723C0B7176BD21E6CC3CCA
:104D10000B845F3D8FEAFE3DC1D6B03C6228D8BB14
:104D2000EA91473E4D9CCA3D518E36BDBB51003D78
:104D30004B9BB83DE255E43C7ED361BDC6FB5DBDF7
:104D40001D27393EBE8CAF3CB471E6BD23D90B3E66
:104D50006ED8193EE814623CB82E493E23FA66BD6F
:104D60001934483EA5206ABE72DFE6BD43F3043E17
:104D7000622B99BEB08C1A3E80DD153DDD2F05BE3D
:104D8000A40310BDF89E073E6BDD75BD3DED0B3EE7
:104D9000D614DA3C801192BDDDB9F63CEC96B8BD74
:104DA00076D50E3EF18E81BDF4355C3D689CB0BD7C
:104DB000B0E4AFBD1FA6DB3D9F6620BD8AD2DD3DBE
:104DC000F501CD3DEB69F93C560E713DCE21633EB8
:104DD00056CCC6BD2BCE3B3DEBB50D3D946A3B3E5C
:104DE00058C05ABD2F5AA63DCBA48A3D070E70BDB0
:104DF0001C5A1BBE645D933D523E28BC91B0463D9B
:104E0000263FE3BB49494FBEBE81DFBDABA777BD9F
:104E1000756446BD310CB53DD21A8CBABEB2A63C03
:104E20002A75C5BB57AC323ED1A7A33DBFA7013EF3
:104E300059B297BDBBD2E0BD35FE083E5F9A02BDB8
:104E4000FAEC463D6F424CBE9C558DBD89ADED3BA5
:104E5000AF814B3D4DAD643D8543923D2654CABD67
:104E60007247B7BCCF74D63CB8E0823A5F163D3D7E
:104E70004C4772BE714447BDFFE6E93CB607963E1B
:104E800052B5493E79D78DBD933E6A3D4E7D383E41
:104E9000B8F9E63D3C54153EB4423B3E878CBFBD5D
:104EA000BE130A3EFF920CBBE1E7D63D0166BC3D56
:104EB0004CEA95BD2DA088BC48E2093D9A034E3DC1
:104EC00024972CBCC748DEBB7EB98CBD03C9A83D66
:104ED0005712FF3DC25FAE3D254E063E30090E3EE5
:104EE00042A20D3C3ACE09BE291E61BD189B883EE8
:104EF0009EA31BBE7B95D7BDC9248ABCC183F1BDCF
:104F00003A6A5CBD73733BBEB0B8F4BD687F2B3E9C
:104F1000175A143D9FAA063E4D1629BD59BCF53DB2
:104F2000A093173E60472C3D53E0923D265F9FBC07
:104F3000896E1CBE51C518BEDE37113EB1FF17BCCD
:104F4000F569B1BCEE97FABD02E9643DC72DD3BC4B
:104F500045873DBCA154933DA2D43DBDEFA090BD7B
:104F600034469BBD63D9023ED51975BC9641923C2F
:104F700059A2B2BE865421BE3B4CC93D1A0D533EC8
:104F80004C4BBA3DD87FE4BC722524BEEB503B3E6F
:104F90004055073EBFA82CBD4AB15C3D8590C2BDBF
:104FA000815A983D4712FC3C5D53523EE83C523ECC
:104FB00096B6DFBC95F242BC603EB5BD323695BDBB
:104FC0001CA4F5BCC69FE53D609F603EAAE4D63DAB
:104FD0006E4B373E3A88533D01D419BC0A66953E64
:104FE0003613373E09E94B3D6D66D4BD060D603E74
:104FF0004C81CFBDC0BBCBBD4115D83D4039F4BDC0
:10500000D3F825BD84AB40BE97DEBEBD8CB59A3DBE
:10501000ECFF4E3D07F27EBD67C69C3DBF3D01BC27
:10502000B1B3133DF216313EF42D883DE67D80BBD1
:10503000FED0A1BDCE1B813D3C86543ED007683DCD
:10504000ED652EBC08639B3C321E5FBB6690ACBD19
:1050500032A8E6BC97FE97BD024E123C2EC00DBD95
:105060009E7003BDBAD5283CCAB5C9BD6837E4BD3A
:10507000A78B81BE6C42003E4349243EC98DAD3DA5
:10508000992E6D3E6441F23C2DAAEDBDC197163EAE
:10509000408D00BD94B6993C06E72D3E1CACF2BD98
:1050A000EAAF4E3DB490C9BC672864BB14B4803DE0
:1050B000AE1FBDBC949C29BE0A662C3E964549BED7
:1050C0001A33E4BD0A94CD3C40E5CC3D953A8E3D83
:1050D000E8D6453E3CAAC8BD61E04F3E03E2B73D7D
:1050E0009812693DE2F412BD420F193EEFD3903E93
:1050F000B7FA02BE56F3193D2D1618BDCA5E22BD81
:10510000EEE3BB3D1788B53C4711ADBD891023BE0A
:105110006488DA3DF83B25BE088D8DBC68C4183E16
:105120003AD8A93D6C757BBEB0ABF7BDB1277B3ECD
:105130008CE1D33D47031A3D60208D3CB440C8BD8F
:105140008E6F733EB720ABBD0956B03DC69BF43D94
:105150004E7D67BD1D916A3E5F90BB3D481C9A3DE8
:105160003FD1993D5CAF6DB8C6CD2F3BD0F1623ECB
:10517000D9C1983DF623B63DBA5CB0BEECD9AABE03
:10518000FB18B6BEEAECCBBCCD4BC03DFE9FFF3D4D
:10519000C00E5C3D2E8E07BE41EB72BEFA6A43BE66
:1051A0009BBDB83D895B533EBD9D18BD9D1995BE05
:1051B000681DDF3B1923693C6720C53CEDF4553C75
:1051C000638D06BEB19254BE069D7BBD14264FBBB7
:1051D0008EE07BBE37EEB93DFF5AC23D6B91C23DBA
:1051E0005B5EB4BD366B96BEBD4C2F3DC21F31BE5B
:1051F00078FD7DBE9ADF35BEA0C70DBD353474BDC8
:1052000050C6A83DCADF373DECC87FBDE173DFBDA6
:1052100003460A3D985EA5BCE6D1E93D68ACC3BD36
:105220001BC407BE2DA39FBDD796243DEF25613E2D
:10523000254A26BE68F7D5BDCBE9C0BDB2A4FC3D6A
:10524000912FBE3D5276173DE59DA2BD9C4E393E45
:105250000D43DB3DFB03733E4DDD64BDB48701BCF4
:10526000D9BE5F3EC5BC02BE17475BBEE2D9C13C9A
:105270008344E0BA2B0C853E30F99ABE2D1B82BECA
:105280007C33DBBE820B843D8A686D3E379401BE61
:10529000319610BDC62707BD5A0192BE9B9B23BE07
:1052A000F9E5A9BD13F5EB3CFA0D9B3D55077CBE16
:1052B0004BD54A3D79F7E73D1181B33D311883BDA8
:1052C0008E01B5BB640703BC6E67933DB448493D8E
:1052D00022B681BEE33015BEECD4163D80E3AB3D73
:1052E000BAC4D33D2E727ABE22A51A3ED85275BEDC
:1052F000D204BFBDBE2191BE25C3033E15CBD53A16
:10530000DB5EA73D52B7183E5E5B67BC60E86ABED5
:1053100045FBC63DDB5FDDBD75A4BCBCE07002BED5
:10532000D25F3ABE537A01BEE6C9CA3D7976193ECC
:105330003CAF39BCDCED133E2E04043DCCAEEDBDDC
:10534000A2E72D3E01CA35BEF201453D5571103E22
:10535000250C9CBCC558323EDC18123E4CA52D3C99
:10536000AF7C613DE3083EBEF06B50BDBC6B463E7A
:10537000B1823E3C2861883E192559BEA00598BEE1
:10538000F932DABEBE81BBBD015FBBBC5E1ABEBDD9
:105390001E33C63DC32A44BE491777BEE7CC04BCC2
:1053A000C144C6BD55496A3E77F2343E15748ABD84
:1053B0005B941B3EFF281F3E8A28D83DD846963C6A
:1053C000C369F4BC76B081BEEBBE68BC96DA673DBB
:1053D000DC5280BDD687D5BD298B1F3E0365263E96
:1053E000857A363EAE2288BE5B03903D2D254DBEAC
:1053F00079B6D9BDD1C52FBE81B589BD29A7BFBD9D
:105400008446293E4DE82ABDD2B03DBEB910743B5A
:105410008FB80B3EA69D063D5D00A13D383E0BBEFC
:10542000170C543DF0D6CFBDDF8A963D5F56B9BB11
:105430005C81753DD93D2F3EAABC49BD08ED68BBD6
:105440009790983EE5D914BEDA822E3E90027B3EBC
:105450005862F43CC62B32BCCC127B3D63D6013E75
:10546000986DBDBD7DDC2EBD9CC647BE8F6C55BC06
:105470004892C6BE401FB23E2F120BBD305FDFBA4E
:105480007BFDD4BDCD91973C9713E13DE207223CD3
:1054900055C18BBD1B65E33D7EA9453DF46E28BC1F
:1054A0001F2F553E45CBE9BD33FF18BCB6C417BD11
:1054B000AFCB7A3CE2E8A03DFC7BA5BDB9EFB63DA1
:1054C0000448B4BC6961113E9A9E82BD816DA53EBF
:1054D000FD1CDD3DE030AA3CB3848C3D2961C33D19
:1054E000F956E03DC592FB3C5F392C3E80D483BD2C
:1054F0004B00D4BC7962C03CD54E0F3EDF961A3CBF
:105500009AC9C83D3211B0BCB9004ABED707A7BD81
:10551000A326683D086191BDE25D7D3CAA1F95BD53
:1055200055780E3E05BB9C3DFF5E0F3E924C783D8C
:10553000796C31BE99D8923A8ED1393DCABC65BDDD
:10554000D6A5A63E449085BDD1846CBD8C2D60BB94
:10555000DB04193D719F97BC8E19BF3DB8A05FBD9C
:10556000CB5BF03DAE69E13D1BBB63BE5669DC3DE4
:105570004E965ABEB81B293E905F2DBE77923EBD17
:1055800098951C3E9906843E78C2143EE608FC3D80
:10559000F70D803DC9C299BD6BF2453C1178F0BD55
:1055A0007FAC3EBDD80407BE4C7A7D3EA0CCB13C5A
:1055B00028E7863DDFC5033EFF9A583D75496E3D9D
:1055C000A938263E1E95EB3C6E04773DF07C283EC4
:1055D000A39D9DBCBACDE43DF3E2AEBD3AE1FF3CF4
:1055E000F1B6593DC78C6BBCD39D793E50082C3E1B
:1055F000455D543DAC8AD4BDF61E7ABC4623F33CCF
:105600003D418D3E13BEE0BD4F7DA3BD25E52F3E40
:105610000352E23D25E0023DDF82BEBAD3CB50BD4E
:105620009E4D223D71071B3C6599BC3D9319893DF8
:105630004A05443C3D1796BD0EB9B2BDCD7FACBD09
:1056400016C5FE3C8ED3E0BD1838903C78AC1F3EAA
:10565000CF6B2B3EC5448E3DF94EB3BD4C60CBBBEA
:10566000746ADABD0AEA073E2A2B2CBEAB50343DE1
:105670003852BDBE007A5E3EF48777BECC52FDBC88
:10568000C296843D824917BB1E367C3D51F2AC3D2B
:1056900028D4C13D525A643C9D3B003DDBE417BE1B
:1056A0003189E9BD0349DABD8E83343E329CEA3D3F
:1056B0005A77913DD67892BD78B42C3E7995A13930
:1056C000D29DF2BC25C101BE08FFBB3A45328FBD59
:1056D000AE3DEB3C05172C3DE2EE473ABAF254BD25
:1056E00070EC99BDB5AB2EBEC5A49E3DF43C3A3ED0
:1056F0000706C9BDF885863D0FE90B3E892807BE20
:10570000343785BD4CA4823C9B3DBCBD5B954E3D72
:10571000392CFCBDBF59C23C1455DA3C2B7D27BC4B
:10572000E73C053E5C95083EB6B40DBCF63291BD33
:10573000E05F17BEDFA4A93D61BEA13D06CCA23C3F
:10574000B6F1543E5A0F87BD1F95023E2878273E7A
:1057500034DF5C3CF703CB3D007E20BDFEB9BB3C93
:1057600049EFA23D1F9F29BEDC6D2F3E9D1A823B53
:10577000D8DA9CBE9A5AFA3DB2441E3C9F765E3CF3
:1057800012910F3E8B90053E5747B7BD6A2254BC1D
:1057900075CD193E9BADB2BB9EA42EBD0203453E06
:1057A000695A10BD237E4CBE681F143CC8C1EA3D37
:1057B00061BC76BE2057343DCCE4453C9958B03DA1
:1057C00066362B3D7E0ADD3B5E742F3DFFF0393E91
:1057D000342672BB9F32DABA3135E73DF8A9123D63
:1057E000A05B0E3DADAD3E3E2A80343E9FE7FFBD3F
:1057F000BBEC733B1EEAAD3D8D9E153DA0CE89BC32
:10580000D8ADE73D25BF0F3D528C2FBE72F7863DC8
:10581000B834863C3ECD4D3E9D8F28BD7BBF44BEF7
:1058200025B4663EE2F6323E6A6314BE3B0575BDA2
:105830005168C53CAE69A13C92D0063D30C5453E9D
:10584000A437B13C03F2E13D863DC73CFB74AE3C5E
:10585000B16531BE4FBE9A3DA8050B3EA94D5FBC58
:105860003CBED9BDDA1D9DBE48302BBD789356BED7
:1058700034C461BEB601093E4FDBD03D85E1EE3D4B
:10588000BFF8AABD218F48BC6C4AFDBDAC8595BD53
:105890002BAC333E931F10BEB71A3DBE7B6B8CBD45
:1058A000D71FD43D8DCB54BEC6133EBEB529033D94
:1058B000ACE3BBBD07D43DBD94C92A3C896AE83D31
:1058C0000E0FD63D67A43D3E81BC733DDD22F63D03
:1058D0005A6B02BD454D523D78E2133ECC81873C68
:1058E00062B169BEE250B43DA6AFF73D8BC888BD3A
:1058F000D433FDBDAC608F3D058F9D3DDFF28EBD85
:1059000028140DBEF9507FBC49DC52BEFE5432BE95
:10591000BE88FEBC78A1013E41CF39BE61A98FBED1
:10592000FA0A823DBCC3A03ED5A3CCBDDEC90D3E64
:10593000A87649BE2B96963C5C2D393E88BDF4BBBB
:105940002939943D9A62E7BD09AEBBBDE36ACDBB80
:10595000B38BD3BD2BA9E23D7AA13F3DFFF50E3EAF
:10596000B38B3C3E90459DBEAE4D8D3B24731CBE1B
:10597000A0F6B0BECADBCA3CD3E3583EDBDA07BEB2
:105980006CF698BC7845BA3DB07D8FBD77C71D3E9B
:1059900001FAA83E44DA41BEE9EE65BD11DAA03D48
:1059A0007941503EEC1395BD6A71BBBDDCB4593EE4
:1059B000CF6528BE1168583E6EF1DEBDA3E0853D7F
:1059C000F11C1F3E3A5B033D61DF153E95B48D3EF1
:1059D0003C963E3E6ACF7F3E9AD6203E60C8A93CA8
:1059E000507499BDEA8C103D893C653EC60534BEB5
:1059F0001373993D0C8EB83D6E071BBD7694D7BDD1
:105A0000AE5367BEB80F8D3ED2A4C7BC46DC4D3D39
:105A1000A95D0B3EB14A50BE541BAEBC84291F3E4B
:105A2000048DF9BD6A5E3EBDE05BEFBD3D39133DBF
:105A30000065B2BDEF3D12BE111A60BD7081793DA7
:105A40007A4C88BEE88022BDAAA21E3EA75FE63D32
:105A5000666E03BD890D113CB8DC143ED2729A3DCE
:105A60009DFDCF3B5EBA32BEAFF62D3D6B9628BD95
:105A70001B12FA3DF64E14BEAE4807BDF974C4BD04
:105A8000609F51BD99C1ACBDC9465FBD5EB272BEDB
:105A900003CA233EDEEBDABDEFC9923CC3D12DBE73
:105AA00062349FBC6B373ABE0B61853D7AB3ACBCA8
:105AB0008B2DE53DD31AB53CFE93FABB72B4273D5E
:105AC0000BE7BCBDEF98CA3D45522D3C216BB8BCDD
:105AD000201A1CBC7FBC143E29FCC43C2AD2C33D06
:105AE000DE8306BE4F4A5EBE86E23BBD4211FCBD70
:105AF000ED0657BE42A04ABECF6E0D3E0F25193DA2
:105B0000A20520BE4433853D7A8263BD15C6E03CC4
:105B100088E2DBBD3CE23CBE5C518FBD3ECBBF3D6D
:105B2000B31A46BE98FD813DA97829BE0E39CF3CF7
:105B30005741CFBD4BE68ABD59BDC4BD0D5085BD93
:105B4000B25C4CBEE36CC3BDC19F223E7C04E2BC90
:105B500029ECC8BC868DDB3D728CD43C50FC1A3DD0
:105B6000A159B43CEC84383D944B75BE0EBD55BD77
:105B700060D89B3D133B5FBD84907D3DED9627BE75
:105B800005FBF3BD8923B8BD4D37133DA65D39BE76
:105B900084CD113EC83C323D4833523DFDA6DABEAD
:105BA000CC0D58BEB30E05BE7237E63D29F18E3DD1
:105BB000902B5E3A384907BE161E8B3D69C487BCE0
:105BC0002D570DBEB86B313EDAAB6B3D0379283EE5
:105BD000FA72EBBD80099ABDBCAA02BEBA4F093C5D
:105BE0005D452DBE6A7EE2BE096B24BEF8A767BD87
:105BF00012281ABE08524EBE6E63343EC34E58BBC6
:105C0000ABC5EDBDB8F7AD3D6347393C224890BD0B
:105C100019C0203E928255BE59F19CBDDF371FBE90
:105C2000FA99F93DA8121D3EDA3DDE3CB249863DA7
:105C3000A0F1AEBC714ACABC2C4F883DDA9A293D0E
:105C4000CFE16ABE0E7BF23CC416403EDB17773EC6
:105C500076AE9DBDAD7E033EC41D863EFB726F3E9B
:105C6000832FE7BCAA15773A4EAF1EBE3B5AE4BD60
:105C700004D91E3E6F3027BD21CA7D3D077EB5BDCC
:105C8000108832BD94CC17BE18012A3EB9229CBEA2
:105C90007A4C703DDF87973DBE6C25BEACBC3EBEE6
:105CA000B64C1CBECAFB87BDC66F853D826A483EA6
:105CB0005B6E333D2AC8ADBD8814143D1886F73D90
:105CC0006942813CA76B08BD270F143E225E843ECB
:105CD000FE1E83BD7511C43D227D563E4143803E6C
:105CE000817641BE4EB3DABE9A746C3D675F26BEC4
:105CF00084595BBDE8509CBEAE8402BD6D7FA8BDDB
:105D0000999C283EA2A2643E8DB403BCA05B2BBE2E
:105D10003853BCBDE78AF93DF46E56BE0A5AB8BD89
:105D200004B51BBDF60DEBBD181225BE900EE73C69
:105D3000C9B035BE0134053D1C8B67BD9E1A2ABA19
:105D40005783743D0846BD3B1E2DBBBC4464833C59
:105D50000D88D5BD87AE0D3DA60F0C3EF94131BD76
:105D60000F531B3BF6033F3CA88719BBDB74283D50
:105D7000F625673E4E709C3CB463C1BC1F515DBDAF
:105D8000A536FDBEC7A9FC3DAAB1A83D9674383E14
:105D9000D430AA3DF0120EBE413EEABC4DA3823E75
:105DA0009BC2773D4FDBA8BDD6A3A6BD8CD638BD20
:105DB0008554693E3D36783E0BE5283E57A0D33DDD
:105DC0004786873DE7ABCE3DBE74EABD150F5E3E0C
:105DD0007CBD313DBBD588BECF76B2BDE34688BB26
:105DE0000AD9313EBD5291BC3E3D6B3D39562CBE69
:105DF00060480C3E40773F3E4784243ECC0F0E3D2A
:105E000041FD743DD7B5403E07A0EB3D8BC96CBD4D
:105E100054FA283C27DEA8BBFEA610BEC2B128BE9D
:105E20002A6847BEF03C8CBD6012D8BD28C1DE3C5C
:105E30006C53DCBDA26C893E10DC96BE904FA03D39
:105E4000965BEA3C88D674BCFBF8BB3D23CBEE3DA9
:105E5000EE2829BE80D5103EDCF6283E00A38D3DFD
:105E6000C832C0BCCAE4373C9CB14C3DC8930DBE9F
:105E7000651C703ED9FA833CAB09AD3D3465993D54
:105E8000C256BABE6C64373C5E65863D8480113D67
:105E9000CC374DBE34BAAEBD1C5703BE3222273EAE
:105EA00020C61B3E7185963DB066FFBCFD4F12BDFE
:105EB0007C1AFDBBA41F343E17A912BC90B14F3E03
:105EC000C496173EDB2CA13D6C2B4ABDCD02D23DC2
:105ED000617C97BD4BD405BEBFEB02BEFDDCB23D7D
:105EE000179438BCFC21033E910BDB3C005566BE89
:105EF000B46BB43DC723B13D40FB363D4D548F3D9F
:105F000058736DBDF53C123D8F2208BE1C16AFBE06
:105F100087A3013C7B1EAB3D014E8ABEB47C3FBED5
:105F2000DB009ABB6AB674BE58DCBDBB8742953DA8
:105F30006BDC56BCB4DD833E3A98B0BDC937323E07
:105F4000A4CA85BD2F5CF0BBB251E93DAEB37C3C29
:105F5000F3768FBE4982CF3C29DA5D3E94D6BD3DB3
:105F60005E61393ED0CB5D3E06AF693E8F77E03D46
:105F70004BB7543E1A8F1C3ECA7B903D863239BDCA
:105F8000E7C7BABEC91A9BBC245FA6BDF241D4BC08
:105F900055EB983DCD9EA4BEA19EDFBD459CF93D2D
:105FA0007748DBBC730C443EDA2B3A3DA570CE3DFE
:105FB0005084383CC986683DB4C2AC3D9F6F0D3EED
:105FC000C49428BDCF989A3D32AE21BE67634B3E44
:105FD000F3850CBEB6C09BBC737809BEEFF060BD04
:105FE000561597BD4EC8183E03CB9F3B63BAD9BD2B
:105FF00067C68B3E75E6D93D4759093ED54E1D3ED5
:10600000F9A611BD41054B3E3EA3AABDA51964BD2D
:10601000C7D2BBBD6C85333D6DB5303C2C1B9CBCE1
:1060200094279CBDC8690FBEF267E3BD91BA813D5C
:106030005485563CB9BB603E9E33533DECD7093E78
:10604000D4DF773E5570FEBBABAF1B3E9F7F673DF5
:1060500092F64A3D7402A6BD8750853EA24DDFBC34
:10606000B997BEBD6322163CD84A95BD1C7B7FBD47
:10607000EB06F4BD379AD83D42EC813A86AF81BD3C
:106080002726A8BCCEFF9C3DC04F25BEEA9C85BEFE
:10609000C841A13DCD51383EE017B3BD7305263D43
:1060A0005BD1073E15377BBE0A3B1FBE943DE73BE5
:1060B000D3160EBE1E94833E359B253E6E6D9F3DCE
:1060C00042326FBD1E59173E4C8E0FBEA5995E3EE3
:1060D000C683FDBDE76429BE2E7A5B3D727F513DCC
:1060E000F69E8ABCABBFC5BD0109AA3DCE9EF5BDDB
:1060F000F8D14FBEF2E9C63D414B6FBD13FCAABDBE
:106100005C4FF03C6E53903D4B260DBE946C40BDF1
:106110003063553C6107AB3C3184083ED52BFF3DD5
:10612000A8BEA5BD551D51BE3750923B61724BBDF7
:10613000901BFC3C218EA63E2E1FD7BDE2ED2F3ECC
:1061400083CF843E6724943DF1F7853DF286183E67
:1061500074F0BEBDC9ED0DBDAEF9953E66245F3D40
:106160004384C2BD100F90BDEE414BBE9ED792BD81
:106170006A2C13BE97F1593E5953733D2897AABD17
:10618000D6EC80BE2BB1883E1BD3AEBDD95FA5BE79
:106190003EC1C5BD180B85BDCCD5FBBD22E2063E78
:1061A000D5C82A3EF3C48FBE5152A1BED209383E93
:1061B0002793CBBDE636A63E4808013EFF124DBBF5
:1061C000282B9C3DB720393E30709ABDA139653DE2
:1061D0007CA90ABEE782193C53EA2B3E79A9B53D5A
:1061E00010AC653CC7FBCEBD62C8B33DF3316EBC9D
:1061F000AA9E83BD858EF6BDE10A1FBD778BDCBCF0
:106200002153BB3D2FE7693E1F1309BE0CA453BEAB
:10621000149BB13DB20821BDAE42C83DD0123FBE75
:106220002D5C253EA39C85BD394C663DB9A5CFBDEF
:106230007EABB53CB834883E395496BD2EF2BD3D98
:10624000AAE1A43E681C1EBE864A1F3E42CC1A3EEE
:10625000680A18BE5508323C90ED2A3EBF1B2E3D01
:1062600057A38FBBA5C030BDAF5E98BC6DD750BEE5
:10627000FBEB56BEF03E953E1BA58D3D822A483D68
:10628000725874BEC796773EBDAA31BED4A8EEBD83
:10629000330A673B73A4323C4A019C3DB5390DBDBE
:1062A0001990AC3D810100BED1CCA53C9138CB3DCD
:1062B0008B76CA3DC1520C3E95426A3D63F2643D05
:1062C000D9A6C83DD1EE263DA701803D024D8C3EAA
:1062D00014AE66BEA5483F3D81C4C8BC99E4193ED2
:1062E000FDA32EBD6B6A8F3BDE85713EF18F5F3D56
:1062F00007204EBEA6BF0DBC97331DBD3A908DBD85
:10630000BE04513D1B37333E13A3223E8E3F8EBD4C
:10631000E5AC1A3EF45772BE45DC473EF197443E69
:1063200011BE83BE59C660BECA16D6BD4AB4983DDA
:106330005585B23D31EC02BD252E5FBE40F2DE3DFB
:106340004391493ED563743D2B9D133E94D9DF3D67
:10635000F765603E6045F83DCBDBFC3D3055EB3CDE
:10636000857E8CBC9570F3BD2897A63DAC487FBD5B
:10637000F0C16F3DA71BC23E2FCC83BD594898BECC
:106380006BD627BEE746213E0B91D33D0DECBFBD3A
:106390005FA611BC5BBCBB3D897D41BE46C0A7BDAD
:1063A000A1EA043E0AA2BD3CD8C441BDD2EADA3C0F
:1063B0001B841A3E23DB683DF007323EF18B313EF1
:1063C00071D714BE5D0581BD712E7DBDF4D5923EA1
:1063D0001B137ABE1686003D267523BE8D13B9BCED
:1063E000E27D40BDF013A2BEF065BF3D067598BECC
:1063F0003A4B5ABE771943BE1EB41E3EF970543C48
:10640000FB025C3E9C60063EDB061EBE387733BE58
:10641000DD2CDA3D7A32B0BEA069793ECCD3EF3DB7
:10642000882157BE740484BD0C0DB53CC6C8343EEB
:10643000F0B41C3E8DDF05BD70D7BBBD0EA11E3E66
:10644000893F413C202BB1BD20F7E03D3966F13D4D
:1064500057A5A0BD1A9E463E154A123E1937E83D83
:10646000A395263E722212BD793DB3BD4EE56FBDA8
:106470009AED1D3DD4D18C3E326CB1BDAF7617BEC6
:10648000737BB3BEA41012BD8D52353E665930BE2B
:1064900090A0463C2EE79B3C6C870ABE1C5879BEF8
:1064A0002A1F13BE9F1D5DBDDAB31BBCCDAD843D5D
:1064B000A5014B3E6501333EF46A173EEB5E7F3E1D
:1064C0000C872A3B74E89EBDF48B293D5BFEE13DC1
:1064D00059C367BEA718A83C277B70BD7ACC8F3DF7
:1064E00028B3B33D604AA0BEA6ED8F3D27A5AABD47
:1064F0007FC61CBD8C7234BEE49E85BD0A2A20BEB8
:10650000BDE7F93D4EBB8D3D5C5631BDDF2D6EBE06
:1065100003F3A3BDE6E68EBE61330C3E539E253CDD
:106520001646DBBD698DFFBDA4C5D8BDD8DF793A5D
:10653000399B13BEE4851D3D757701BEA1FD403E2C
:106540005AB3883EC57D4ABEE6A78E3D453D383DDF
:10655000D029E6BD4AE81C3E4760843E3F6C873C3C
:1065600015EAE83DCC3202BE3D7A39BE92C0A63D66
:1065700087D5723DB7F8F63D89EE4CBE7B75A3BD5D
:10658000B94A62BE2CACBCBD48FD703CD806B0BC5C
:1065900010889A3D19E526BE170961BE456268BE9E
:1065A0003E1D613D7639C63C183F7C3DC3C901BCE8
:1065B000C36E11BD6DA60F3ECF2618BDE2563F3EFD
:1065C000AD8D783CB9C3B53C8B548BBD6963753ECA
:1065D000CA7B8ABD82DFF63D78843ABEBAF9073CB1
:1065E00024EA44BC8DD2E6BEC8F5E63D937810BEE1
:1065F0006E0CDFBDD32BB0BE016AA7BC1C0010BE61
:10660000F202BB3D51C3193E97C0063EEF2A1C3D26
:106610000499963D0A9FF2BA3C08B6BD5D51693DAA
:1066200086E2D8BD154C81BD17C0853D9D21013D39
:106630003FDEFA3D94199CBD7BD31B3D8D7D20BB75
:1066400032EDEEBC17A8B83D8E59ED3C80002D3DD3
:1066500093A8F2BBCCC026BE90AA7A3DF1848A3EB4
:1066600003BDA5BDF42E593ECE420ABE5CC3013D1A
:106670000801983EB4DA483C8C8F823D50510F3E61
:10668000A4090BBDEAAD503EC679213E56D6D43D95
:106690002C60A4BE246935BD4ECD653EF874713CB6
:1066A000695B01BE721ACE3CF119913EB148443C7F
:1066B0006601803EBCA4423E64D2B6BDAB6207BD5B
:1066C000C11126BD105618BEE9A50B3C69E94FBEA5
:1066D0009D4505BE182AD53CEA4F55BE7B8580BE38
:1066E0005562A93C314BFFBBCC2230BE14AECD3D30
:1066F0008DB4D33DD2B0613D08652D3ED2D4F03D7E
:1067000018D7F63D41BC3BBE702B653EBA2D9B3C75
:10671000FED58CBD419A333D06595EBE63CB543DD8
:10672000C41D57BECE5217BE7FA50B3E99174B3ED8
:1067300040B64C3E20D9C73D619C6F3CB908CFBCE8
:106740009B62983D0094613E5E6A2DBEB95840BE82
:1067500025F9FBBCD6F800BED656F93DC5A69F3E2E
:10676000A76196BD5F838E3EC0420ABE37E4E83D16
:10677000FB80473E3B0E04BD6532BCBD3FF3023E8D
:10678000D37803BE254F2A3EACDF373DD3335A3D85
:1067900059F3A9BD9107CFBD9F97003EA317263E91
:1067A0002DC7EABDF850973ECE08993E00BED73DB2
:1067B0009F55823E9F786A3EC65951BE083BEEBD4A
:1067C000140698BDA83355BEEBEF8CBD5608233C8C
:1067D000AAC2A0BD03319ABD38620B3C728D7BBE4C
:1067E0008448AF3D8BFF2D3D3D5D68BEA9D2553E2F
:1067F0008FA7C83D000B9D3D0E0CD63D13B6073E3E
:106800008DBF413E93CA70BE9EF6CA3DC94209BEC5
:106810002925023E55EC473D14F2A2BE1E5897BDF5
:106820004C6ED3BDF13C20BE30424D3C0F09B23D11
:10683000861E2C3E72FC56BC7158953CAF9FB93DEC
:10684000EFCD42BDC74D11BDD1EF40BE926E563C5B
:1068500068EF32BD1ACF34BD38F9CD3DA407763E7E
:10686000C9F19EBD367DD53E9F02B5BD9B3A7A3EAD
:10687000DD583E3EEF65883D39631CBD9B2A823C56
:106880007D02E5BB5F83163E82CBA93D60902A3D29
:10689000A96C77BE54197DBE74DC383E0AD9333EEC
:1068A0004D12063C75AF913DE29A0D3EF7C081BD99
:1068B000D22C183E43E65B3E0E2452BE7B677FBE61
:1068C000C5B50A3E9735F1BD00429DBD6B2902BE9C
:1068D000C229F03D6B5331BE166FC2BB016E81BE43
:1068E00088A8533E842C943DB0453ABEBE6E3A3ED5
:1068F000818C513C05363E3E773D21BE508687BC9B
:106900005DE0F13DB6588EBD8FCB463E804952BE0C
:10691000D7AB12BE4879723D2516EABD6B38E3BD90
:10692000F4874BBEF2933ABEBB5FD63D9AF34B3E23
:1069300092542F3EF938163D38E93DBDDB18063E2E
:10694000F686BB3DE7ECB43DC61173BCF243B8BD5F
:10695000338508BE812F80BDA9E9DBBDB7D9113EC3
:106960002B17403EF34C783E4E8FC9BD8CA05B3C4C
:106970007DD8B73E6AAD7BBDCD1382BCC42F443DEC
:10698000454866BE13633A3E6084CF3D1F84973D01
:106990004221A3BD0037253B702A563D58FC593D86
:1069A000CCE5B4BDA4CF463EA98F0D3E69012ABEF9
:1069B00097A8873DE4BB553E0C4AB43DBC4B56BD41
:1069C0000E24823CDCEA42BD9CE5063DC65E973D56
:1069D000F5E5143D87F427BD394719BE00B221BE45
:1069E000D8F4723EDB6A28BD647239BD2B0B41BB03
:1069F000EC1D473EBA3D0C3E0BF6E13B674CB1BD8A
:106A0000BCA3073E8D64A7BDA34FED3CDFE151BEA3
:106A10002F5CD6BBEE71093E6C6C523DB3A60BBD2C
:106A20006C0BFEBB059D84BECB74963D3CC5023EFF
:106A3000AD8F143E7950393C032AF53D2F4656BDA3
:106A4000D6A63ABD54EE183ED86558BED701CFBD84
:106A5000BA4039BE9C2EFB3BFD4AABBA4B6C013EA3
:106A60008E7B113EBF3E653E9D2FC53C5E056A3E56
:106A700000CBA33EAB5F943D04ADF6BC3BA7D03D3D
:106A8000C0D84DBD20FE7C3E8539723E2CF0D5BD70
:106A90006F0E24BC78BACC3C604B86BDDDA6CFBA65
:106AA000F42A263E5B6A733E8BCD9EBC326A1DBDC6
:106AB000FFD60A3E607694BBD585CFBDC39209BD93
:106AC000D125F9BC85024DBEFE976BBCA54B8BBC96
:106AD00083AE03BEED181DBE2BBAEBBDF32027BE5F
:106AE00098021F3E71C8B3BDF5BEC53D6313353E68
:106AF0007B09BB3D35F39F3D86BF5CBB30F879BD5C
:106B0000E5F3293EF3CB353D3800A43D9A017CBE28
:106B1000333856BD25FEADBD738C7DBDB82A84BD0E
:106B200083FDDABDA13F24BE280D653E90E6B13D50
:106B3000819ED1BDAFED95BD7813C4BA68D4AA3D8E
:106B4000DCEF173E3820F03D4E0F25BE373066BAD9
:106B5000CBF464BC685BCF3D0269183E2DE6163E5F
:106B60009F9F1C3EE9318A3ECDD1BABD490ED83D2A
:106B7000B799963E23DDCC3B700028BE6E0F0DBE4C
:106B80006D7385BE2D296F3E8658C33C2539D23D95
:106B90008ADE37BEE32A68BD0784763D780C0E3E58
:106BA0007414D83C9137953ED87429BA8DB534BE4B
:106BB0008913193E8BF5E7BCC485ACBDA7B27C3DFB
:106BC000CE45463EF78A21BEE8ABDBBC51B367BC7D
:106BD00036CA7EBD167188BD6161AD3B499906BE5E
:106BE000868D473D297571BD6F7CB83DF8B8433B34
:106BF000F6E1233D22A8CF3D3FA1023D5E72CEBC0F
:106C0000EBE5D83DE31C2CBECB5806BDA1A5B73D96
:106C10005425AABD9D772E3DFB01593EC54C153E1E
:106C20002E7603BD5D9DEB3DC8214A3E6C891A3E20
:106C3000E1A783BC62EC21BE8A4F4ABC3EC27ABE49
:106C4000AAF08B3CC8F57B3E4371173D8589B7BDE3
:106C5000F0567E3DD1CEE0BD1FDAB03C20C3823D70
:106C60006A066D3D1DC44EBD7F2B06BC79005C3E9F
:106C7000DF38DCBD2A7949BD91C517BE0E4409BE77
:106C80008F9AB03E771DFFBD661C9F3BAD47353EDA
:106C90008698223CB071733DAEE199BDDCB4B43D41
:106CA0004033D5BD1A836D3E8C80403DCF2808BE51
:106CB00015BB4D3D26F3AE3C27F2273D968ED53DC4
:106CC000A39824BD71F827BE24E2D33CC428743DA8
:106CD000719E8B3BC34C77BB61B9CB3C561DBABD93
:106CE0004D343A3C01DB6B3E0ABC2ABE1D8E85BD8D
:106CF000DC2B1C3D9A09293E87C1F43DE1BC3E3D99
:106D0000D01DC73D20C159BEF916B13DA95C25BDB6
:106D1000D5EF1B3E74D23F3D5FC12D3B953ED9BDA3
:106D20007886E53ADAF1813E2FD3F23DAC1D8B3EF9
:106D3000EF97753DA1AB53BC8F7D423DCE2AD8BDA8
:106D4000721815BED780293D871405BEE722DF3DA6
:106D5000D8B96B3D0275073D7B4B33BE5859FDBC1E
:106D60007631923D85CB31BE1C841EBD2AFDBD3DD2
:106D7000E122ECBC255513BE71F727BE6F46B6BDA8
:106D800044F8873E69D37CBDEA99363E72BE853EA3
:106D9000DB2F6D3E567A7CBDDFAE13BEC32EAC3DFD
:106DA000CCCEA7BD92AC2D3E16CAA33EE0C96FBEA5
:106DB000A123293DE0235DBEEA2997BD4EBC1ABE42
:106DC000A417303DD579423D499EA43D767B9E3D3A
:106DD0004D52493EECC9E1BB82641C3D75AEFCBD21
:106DE000C95090BDDF6DF43C2450F83BEC97F63D64
:106DF0007F57973DCA7CC53D39D62BBC59FE793D9E
:106E0000AD6CB13DE894D3BC00E5CA3D3C01113EF8
:106E1000B8CC813D2D2A4ABC0622BC3D0DB32A3E8A
:106E20003D46D7BD0051523E722EEEBD3C0363BDC0
:106E3000FD21AABD509B3BBE8D84373D01D626BEA9
:106E400076D0523D5A6B443E8D18E4BCF4DE05BC4E
:106E50004E9307BCC2973FBEA2BA09BE4A7924BB73
:106E60004B3225BD0AD8153DDADB8CBB77D9D93D2D
:106E70009C4EEF3DF463373D6A5C11BE6CAC13BEB3
:106E8000743D413E358931BE4641F13D25BAA13EB2
:106E900065462E3D8DAF893DD9CF88BB82F1133D2C
:106EA000162766BCAB10273E7A56293E30BA8FBEF5
:106EB0006B8B8BBD9A561BBD66ADB3BDF903EC3C25
:106EC000B05A033E3B0C18BEA2A2353E6A30A53D27
:106ED0008E7EBF3D6B441D3DDA36BFBCA45870BDED
:106EE0009992173D6B57BA3D6C9F34BE840BC93DD8
:106EF000197B0C3D52A706BD41638FBCE9E4D03D30
:106F00001F7929BECBE2C13D30E9423D43FAE3BDE2
:106F10001D6AEF3CCB26203E3DFA8A3CAD6C023E1A
:106F20004DA2693D8804FCBD1128323D022CBE3DB6
:106F30004D3395BD291E863E506EA03DEF135E3E3B
:106F4000F9C62A3E27DE23BE535B403E536EFD3D0D
:106F500056017C3B25B25F3D1260643E64916EBD7C
:106F6000C3A932BE70A1FD3D42C709BD93FAF1BD70
:106F7000479D713DBA47DA3D8261723C3114043E4F
:106F8000BFF948BE7079603ED4317CBD8AE0C8BD8F
:106F9000D5DB3CBED182013E68C03F3E417F13BD80
:106FA000F6E1253EE9C31EBE0041683DBFC88F3EE5
:106FB00094AD1D3E06F4613E86B2CF3CB028B43D90
:106FC000D17D75BD6EC88E3C332D54BEE392E33D3A
:106FD00085D790BEC84F89BD7DAF973D52B4333D34
:106FE000AC1F5FBBA2F0F33CFB59E83DB81D093E66
:106FF0001F7AD7BDCD7BAF3CEC0C2E3E007F68BD29
:107000000073363DC7219D3DE4C48DBC95B041BDA4
:1070100092D893BDE651DDBD728AD0BC5D00C6BD7D
:1070200078F66C3D2CF4B1BDDF7450BED70C28BE91
:107030007BBC85BD62541F3E5C275C3D2DB75C3E2A
:10704000C3D52A3EAAB1CBBDF17CCABB5F1B153E9E
:10705000D9E91CBEE6FE013DA7926B3E8F5D8ABD5D
:10706000EDA431BEAAE5A03E72C71EBEB197A0BD79
:107070003176493E5E22343E96AF143E4B0F6B3E56
:10708000564C58BEDEF05B3E4E0784BDD27DE5BD5A
:10709000F21E3DBEA9C502BC47B97F3E1A5A2ABDA1
:1070A0000FE6303E6763933CB9CA32BEB8B81B3EA8
:1070B00073FF133E91F95B3EBE14403EB636E13D90
:1070C000A79C843C83CC183EE90A88BE98A1583E10
:1070D000728D18BEF552E6BD845CB73D75A850BCF4
:1070E000D0EC6B3E517A9E3CB2CCBA3D5A2D853DD8
:1070F0001B8AA8BDDE16003E4D0F243D0B1086BD39
:1071000030244BBEDC56753E969DC7BD86D6E5BD88
:107110002F416A3D3477DEBDC9B5663DC10536BD38
:10712000739063BD281C89BCDF24973DCC0324BD2C
:107130005A27F7BCBE7F413E4FE1143E0D701ABB8B
:10714000E0382A3D54AC12BE55A4393E3ABAFA3D55
:107150009264D1BC8C290B3DEF8FEF3D801C523CDB
:107160003BEF713D00DE353EE50DDF3CDE9420BE99
:107170002ACDD63D10271D3E4386EABD5C72D23D26
:10718000D46C2F3DF886BB3D72F743BD80B38CBEF7
:107190003E9D87BD326B243D4E3B813E7D7A2A3E2B
:1071A00019C37A3EF78105BEB53EC7BD5D9E373E29
:1071B0008AF5FBBC4E5C833E8644493E1A3CA93DA1
:1071C000ABBE493DED6B4C3EA21D52BEE9D38C3E99
:1071D000FFE6F93B684583BD40D4B43DF1A8573E76
:1071E000A6FFF73D2C1F61BD46369B3DCEA447BD93
:1071F0000102BBBD014EE9BCB40196BD3723F2BD0F
:10720000AA08483E8B52BA3DA37E73BD00D5283DE7
:107210002603EE3DE8F4FBBC1683073E9E9AE93D4B
:10722000BD5922BEC225F4BD55D20F3E675B193E43
:10723000DF5009BC233E9FBD7B57F83D4C21A1BECA
:1072400096134E3DF1EA163E527C26BDA0F1023E59
:107250005FAAD53D033071BBEB5AA83D2BF2E83C49
:107260006ADDD53D1EB842BE91DAB9BDDE39243E95
:1072700030445EBE6FE0D73CB51BBABB95C8BFBDFE
:107280008F00363EEDA88CBD58252A3EF183F7BD10
:10729000C954333D3CB09C3D03B034BEC29EBD39A1
:1072A000FCF420BCDE3F973E81979D3EDAF7453CDB
:1072B000B627FCBDB03418BED51FD0BD0E19923C08
:1072C00061D490BE0A1B39BE6E4E7E3E38E1E93D68
:1072D000CA4305BBD66C263EBFC3E1BD2D097DBDAB
:1072E0004977363EF0444DBD1DFA05BDEB09463BDE
:1072F000DE7DCDBDD5E3E8BD1EC29D3DB0B8F23DFB
:10730000D1CD683C00C300BDC23FEE3D835986BD70
:107310003BA3F7BC92E1F9BD2A131B3D95396BBC29
:1073200028F7EBBDCF8EAEBC6A014F3D24AF5E3E69
:107330003F94023E796A18BE3168E1BD67369ABE55
:10734000AF542B3E0559023DEF7CD9BC90F5F6BDFC
:10735000F985333E2699AC3CEB60A6BDB663A73DEC
:107360000E52823E618C5BBEB877F13D84D30CBD7A
:1073700077E722BE47C61E3E4AC5BA3D88298BBD67
:10738000673DD03C40C614BD8FA9793D3B060BBD7F
:10739000B935E13DC619283E4ECE84BE9800803DE9
:1073A00090F550BD48646BBC72B2B13C6148A2BD5F
:1073B0002DFEE7BC0205DBBBEABB363D5D92203DFE
:1073C0008D1B83BD07E97ABED97383BC81BAD93DD1
:1073D0004B3D23BEA6639EBCBAC8DE3D1E118B3D4D
:1073E000951B193DCD84E6BD608FE63D67B89EBD17
:1073F000BB4013BDE0D818BDD3350FBE5E00413C85
:10740000E6765F3E906C83BDBEA7693E81254C3E0B
:107410004F8C103EAC091FBE3ECC323EDED64B3EFA
:1074200090BD423D6D2F9A3CFDCDDB3B263237BDF2
:10743000EB2C6E3E8179733D7C90083D2FFDC7BEDD
:107440004FA85B3EC63A803E892B83BC7BEFB7BD1D
:10745000C6704A3EBAF098BDD3AA9ABE280AEFBDBC
:1074600024E2ADBC56B667BE68004D3E929F223EF8
:107470004E9B8CBB513F883D108FDA3D9632F3BD59
:107480006FD67E3E5EE91BBE348528BED03C983B5D
:10749000F697953DE736583DD7805ABD59EA213CCD
:1074A000CDBE32BD5F86B73DA47237BE685FE4BD16
:1074B0000B413B3C6CB2413C2C670BBD1E73B4BD11
:1074C0000E1E8CBED72D15BEF1EA1F3E48E8433E86
:1074D000E6DCA3BDC9F0A6BC645923BE686ED1BA70
:1074E0009EE60D3D34F2333D6CED12BEB96A98BD97
:1074F0007A79153E978EA0BD9969E4BD8878173ECC
:10750000E46DDF3C57CE29BE6D874A3DF644223EEE
:107510001FAE883DA22AFE3C65B6853CAA5FB13D00
:107520009893233EC846353ED204B43DC9A02EBC34
:1075300029A042BD2CBB8B3D6A1DBEBD6EF5C7BCEC
:10754000EBC1383E27C9E53D9958CCBDAE53113E3D
:1075500014F9CC3C1355813D663CFBBDF5A515BD2A
:10756000E620653D8E4441BE0A8C03BE4EAF1D3EF3
:107570008353CC3C8F487F3D997861BEF79CFBBD1F
:1075800083E686BDF76DB23D789E073E852B393E7A
:10759000C96FD13CB0241A3D2B4B90BE6D26D3BD94
:1075A000501E43BB1EFE5C3EAEE99DBC975D8FBE88
:1075B00028EA1F3E8491EB3CF7B4F5BD24267EBC3F
:1075C000158DE2BDE90287BE7F2D343DD012143EF9
:1075D000DF5C8C3CD3442E3B05AC82BD339F353DF4
:1075E000C27A193E5C4913BED9BF7C3DC597A43D04
:1075F0001F203DBEB7BA2CBEDCF9AF3CBB70A5BDA9
:10760000B468353E63C1ACBC01C279BD4601A7BDBB
:107610009C0EC53D9E5ED53DE12BFA3C2181E5BC2B
:1076200057844F3E02DBD43CDD2F003E80DD853E9B
:10763000B94AE23CC293AFBDBA134FBD9BA941BE4C
:107640006B4B5C3EA0E83BBEAC4518BD2A77CF3DF6
:107650007F8A9B3D8166FB3D62A5D63DE3FE9ABCD9
:10766000B3B2823EA27D263D405315BE03BC703EA0
:10767000AF105BBDD4F1B13D4A5E0ABEE17C1FBED6
:10768000A1F679BCCEB7FF3DA3357B3ED805863D3C
:1076900009E3673E71592A3D87D123BEB25220BE0D
:1076A000124B95BDDD3AB23D0E04233EB911B3BD78
:1076B0002B44153ECB5FD63DB8011BBEF6BCAB3CA0
:1076C00084DEB03D10C05CBEEBBE303DD32D1FBD8F
:1076D000B768FFBCC841473EB880073DB9D9053DF2
:1076E00013FD40BC17D35FBCBE5A2D3D31F44BBDDA
:1076F0009009D5BD046D2FBE2FD7B7BDDDE0943DF9
:1077000036A9953E13D29C3D2A0DDB3D2CA6403E6A
:10771000A328EFBCC04F71BB85D5B63C05C4B1BC36
:1077200060B5C9BBBE6386BD0290D23CAD5FD93D9A
:107730000256DD3DE096B7BDDF5D01BEB0560EBE20
:107740003F09EE3DFF437CBD4435A0BDA3EB9EBC8D
:1077500073E2803E38AEDB3CC08111BE27D6053EC9
:107760007D0C653E74722ABEFD4353BD3A2B873EA5
:10777000276CE33C4206593EF89C9CBE7D5F65BE8B
:1077800043A310BE8AAE963D093D8A3C0F7EC1BD23
:107790005910383EB3EF2B3E7DA44D3C092828BE3E
:1077A000B23785BDB749F33D99EE663E31C48FBE11
:1077B0008A454A3D81FE993D1D75C5BDD3430B3EAB
:1077C000C02215BE52B750BEC929743D829FA2BBCC
:1077D0009F9DD23D05BD63BC00C7113E15209E3C58
:1077E000ECCE6B3DD472DFBD1BAADFBD8E1A42BD4D
:1077F000A38A18BE50F468BECE40263E8EA6A6BD13
:107800007693BDBD7BCC7E3C4BAABBBDECF026BEC7
:10781000941C6EBD0105A1BD8827E2BDF99EE13C27
:107820003C4940BE345333BE2557323EF90F0A3E21
:1078300030C3D43D4D230A3D9FD5103E7CA6AD3CC0
:10784000BEB3DD3DD69E073EB6C215BC6627DC3C06
:10785000FFED29BDE41E8E3CC8F11B3DD7157D3ED2
:10786000C6132A3E12123A3E5C941FBE1BDA863EB5
:107870004CC37B3E127094BD5D6FA53C919D8D3DC8
:10788000BB1A4B3CE65686BD03FA223E5438563DA1
:10789000430F2BBED09DAF3C65021A3EBED1B9BD91
:1078A000A742B73D97A6423E4080E03D6FE84ABD03
:1078B0007167E1BC7711863DD6752D3EC6C7E13DA7
:1078C000FEB76A3EC36266BCCABD2C3EFE321FBE16
:1078D000F5CB243E8807F1BD6E5B83BECEE8B5BC18
:1078E0002A8A663E57A9C93DD8A8FD3CC3EFED3DA5
:1078F000A3B41DBDC582323E57F88A3D24531F3EB6
:10790000D982F63C88367D3D26FE133E3EA6603D7C
:1079100087E295BBAD5A71BD8F49C13C47E1B33D8C
:10792000C1FAAEBD4B5F38BD3398993D3070D13C44
:10793000E142843D020D0DBE10CE013E9A3CD9BC01
:10794000A4A1A8BDACEE7F3D4BE50FBE2E18853D32
:10795000984228B96A38D03D737769BD8572F63D83
:1079600077B5863D1E96623EB9232C3D7DDC793E7F
:107970005421FC3DF2EDDDBD8F6704BE0C50363E58
:10798000F4A2593E998B4F3E9FE48B3E0DE2BD3DE4
:10799000CE2BF0BDB34C9EBD379A173D9CB9F73C3A
:1079A00019E092BB5F5E4C3E55AA9D3E96F902BE21
:1079B0003623233E8ED07E3DB8D0D1BA71EE93BB34
:1079C000A2AAFA3D2842A1BB46C2123E146A9E3DBD
:1079D000E455563E642EDBBD462227BE4448E03DBA
:1079E000B57E523EDA28313D0BE756BD8EF14E3E54
:1079F000578FA53D6F51F53DD03EE73CC0B9903C57
:107A00002919153EA089FF3D7F2B0EBD0D0362BCD9
:107A10005D730D3E63C5783DA302B0BDC7D9D83DA7
:107A2000FB967EBDA6501ABE580A4B3ED046103D6E
:107A30009E9DBDBD8C1C273E0F082C3DDB0149BC23
:107A40001D893C3EDD32C63BB5E9D7BCDE02453D73
:107A500005D1123E76A90E3EE7FC52BDD6EE49BCDA
:107A6000767DC3BD44E5A33E242E0A3B457E593EA8
:107A70000BBE883E79C924BEBE74B0BC640F543EB0
:107A8000B6008FBD6E8D7A3EEBF11E3ED3ED483EC3
:107A90006C306CBEADFFA93DDD2293BC8EB45E3D63
:107AA000D883AABD9BC0673D7397FB3D3AA7AA3C0C
:107AB000BEF7D83B3013643C532C193EC6803ABD08
:107AC000A9B02F3E041942BEF47A3CBD757D163D27
:107AD00001A34F3E10A7A6BDCB11D6BDC937A9BD86
:107AE0007507103E16D8063EA88497BD675A653EB6
:107AF00041F4ED3D16F4D03C552005BC5B1FA93D7B
:107B0000F15DE9BD4E0452BE5590703DB439A03EC2
:107B100039209D3DED7C223ED355F23E4AF9863E0A
:107B20001592B53DBF195DBCECBAAB3D279B8DB935
:107B30006A38733E27E3E9BDD8CB233DE3279E3D5A
:107B40004639B9BD091BB13D38A60F3E74E463BD8B
:107B50003062353F284DFCBD6E3B50BE423B853DFB
:107B60005DFE3E3E39BA78BE08CD20BD0B92913DF8
:107B70003BB08DBEEE217CBD167E96BD9D02DDBD67
:107B80007DEC3E3EFA3CEFBDD01F8B3CC081F33D07
:107B900070083ABDC1F4E6BD4F2F16BE11BF65BDDA
:107BA000294D543DEFE418BDE56F363E058520BEF6
:107BB00096B634BA44D1153DEB2699BEBC8608BEB4
:107BC0005B090A3E70A7E5BD5CCA893E59F500BE57
:107BD0003FC0FF3DA08F113EDE2C0E3EADA42339E9
:107BE0008D7A36BE78A1F2BD92BA5DBDBB61E3BDB0
:107BF000E88587BDBEC7C73D3E1449BE345EB9BDEA
:107C000011B6333E2FAE79BD04ABE9BD1688F83D01
:107C1000F7CAC43D4FDA5A3E9E870EBE1C10EABD1D
:107C20005340823EAAAEB63D067C743EB85A4F3EE3
:107C3000385622BD18C910BE07720E3E1B29CDBC96
:107C4000D6BF1FBECEAFB53C1CA1B2BDD9F91C3EFC
:107C5000545E2B3C8E8EC0BD101F0DBE406E413E4B
:107C6000B32D953E5ED954BE1CDB47BE62FD933EEC
:107C7000C6B50CBE822FF4BDAAF79ABE0F4087BED0
:107C8000022BD03D2F01323DAF6F233EF9BC633C48
:107C9000CD918A3EAA9D31BDB9F6153DA26616BEAC
:107CA000B66F5E3C52933A3E0F3C763DEE178FBE68
:107CB000A15823BEC2FFB63D5FE8BCBDF4CC143E64
:107CC0000405D73D0588963D6420923EF0A8F4BD9A
:107CD000BC6CEE3DB1476D3EA43D533EF6670F3E92
:107CE000FC3114BEEDB6BFBCC4C1C5BCA0454E3C02
:107CF0006ADD193DD5C6283DD1B208BE5EB4FFBDD0
:107D00008709733EDD89C2BDA3AE78BE026AE03D3D
:107D100022C8EF3DF1F788BD807BAF3DC9F20ABEB6
:107D2000D3225A3D0557773D0FB5A6BDFE56813D7E
:107D30002CDD89BE9536E0BDC70E52BDD3E75C3C55
:107D4000F556C03D5725E4BDEAB58C3C4679CDBD1E
:107D5000CD59313EC857493CCA9536BE9C2CC5BC4E
:107D6000D2701ABBAA063FBAEE1637BE750F713E27
:107D7000194AADBED373B1BD0EB080BEEBB14EBEDD
:107D8000FE49783C9D7C9BBD7B2B49BD42401DBD7F
:107D90005BED063EDC7D61BE1AFE5D3C412900BE06
:107DA000DE29BB3C62F281BCCA9B063EEADB50BEC8
:107DB000946E21BECB04043D053410BECEC4EEBD8E
:107DC0001DDECF3DA8232DBD593B853E455FF0BB51
:107DD0005932363ECCE43B3E9CD4433EE34F263EF4
:107DE000FB1E5FBD031F0BBE8A6A3BBD4785A03DDE
:107DF00058AB57BDC26AF63CBE94F5BDECBAAEBDF9
:107E0000B0CA1B3E9F6AC4BB9AE4163E67E3743C4B
:107E1000F639F43D0EA9143DADDF873D547B253E78
:107E20006F202F3E3306433E9CD7233E49795E3C6C
:107E30001EAEDE3D5863A3BCE4CAAC3D77163ABE25
:107E40003E3CF1BD20F004BE7C180B3E4EB442BE59
:107E5000EAB0413E4EEC4DBD03ECF3BD0979093E5D
:107E600038D5873DA40C6FBEA916243E6BEF103E9B
:107E70002024133D18959BBDF6E3A33D18A945BEEC
:107E800075EBBABDDE261EBBF31D3F3CD3346CBE82
:107E900010A71E3E362E02BE804103BEF2CD973D96
:107EA000372EC3BDC79582BC72B8F9BD30C3C2BD01
:107EB00014B0EBBD48BC0BBDBF215A3C95D1A53DCC
:107EC000A6E4FA3CABF5A03A995F1F3E5C9057BD23
:107ED000311F15BD2E39783EE3566A3C3C070D3EF6
:107EE00037380B3B1FA2163E8090BFBD42A1D1BDCB
:107EF000C2311EBC0115653B6CB5CD3DA5B7C0BAFE
:107F00006CD0D1BDF25ABE3D1E5BEE3D21A5073EB1
:107F1000AA1663BD035DC2BC19F1E73D0230423EC3
:107F2000A1CE3D3D70B384BAEAE7A8BD8DB02B3E2B
:107F3000CCF62C3EEE4C18BDC2BDEF3D64D5013DE4
:107F4000CE0F0ABEB5E11DBCEB642E3E7E96A4BDED
:107F5000EF7C333E22A38DBD76062FBDC4AEBFBDE0
:107F6000A8F9903D568BADBEE045953D2B3BF6BC48
:107F70006F08533D88CFB93D9934C73DE53F5FBD9C
:107F800083D9F6BC533F87BE285A80BD21683FBEC7
:107F9000836DF83D8BE3933CB9154FBEC32031BDD3
:107FA0009A2E59BE563C823D313D59BBACD02CBDBA
:107FB000364C25BE19E3A0BCD669963DCA1CC13D0E
:107FC000D85183BE4C4B993D187FDA3D2330623C3B
:107FD0002510ABBD3C28633D008A6C3ECDC915BD64
:107FE00087D796BDED285CBBD4CF41BD0354E23B9F
:107FF00077A29DBCB01C2E3DE18DF93D71B86B3C64
:108000004A65DABD0E0EDF3D5242D9BDFC03233E68
:108010004E2A563C39A20FBE2F33E23DF3DEC8BDD7
:1080200029A6F73C6847023E4201C2BD15BB1C3E73
:108030008AAA0A3EA6DDEFBC53EF0A3E8FCE76BC7D
:10804000CC8765BE96BEE5BD024EE83DD783CDBD6B
:108050002C1800BDDB40DEBD5C6C59BDB671B03D77
:10806000351BFA3D8D40C3BEF2C201BD4F05913DA7
:108070006BAE533DA04513BEAE8B683DCFA62F3CE3
:1080800021460BBDCECBE4BDC32D29BD90828ABD58
:108090009B2B813B75CEAC3DC1B073BEACA2873D7E
:1080A000F4D429BE10DBF0BD6AC488BDDD27AD3D28
:1080B0003C2E40BC8A37D2BBDEBEBABD411E3A3E22
:1080C000321C28BE3A8CEE3C96F0863DF039A4BABC
:1080D000050CF5BDDA1E073DCFF8313EDB15ED3D51
:1080E0008917583D9421BF3DC6C2BEBDF9BB38BEFD
:1080F000CEAE6DBE148A2BBCBEFE2E3EB0F3783CD5
:10810000026F81BE7A1418BDFBB97E3D5A824D3E86
:108110009370B1BC1BB03C3EA61B2F3E2527AE3C46
:10812000A425E73DA7642B3E6A87573D8308033D9E
:10813000AD37F43C0D52B1BCA0DC583E92A148BE14
:10814000DE30A7BE6070A03C0933393EEF549EBEBE
:10815000047D923C02BB86BE648554BEB31231BE20
:108160000DA3EEBD4D3FF53D8291823E75B51FBE1C
:10817000E47B203E11A48B3B6B5B553E89344F3E24
:108180007E959F3C5A6C49BD87B5423DDFB2003EAB
:108190002C8DEB3D51F9FF3C77B7EEBDBC85093E18
:1081A000D4073CBE6D37F5BCBA230FBDCEC3213D0D
:1081B00042A646BE8CACAE3CA89161BD51EB043CDE
:1081C00073B7B43D37AACC3A962B8ABCEC6C493DC8
:1081D000BE6FA8BB97BA1F3D155D833CE70AC93D3A
:1081E000287C1CBE1184D63D0A05AFBD2BE2AF3DF5
:1081F000562BC13D88006C3D6FC8E2BCEED121BD5D
:108200007055F2BDA265B73D3BDE023E50961E3E64
:1082100094A7AF3D9813C6BC741D523E8312F03D27
:108220002B870A3E436DAABDFB42453DB6A033BE37
:108230004FCFBF3C2C2A6A3C31DE36BCA13DBD3C51
:108240003F40D5BEBCF7523ED671043E26F924BE4F
:1082500040AD713EFDD9B3BE69DE5ABE54AFC73DD5
:10826000D52545BE6A942DBE68E18C3E323300BEF2
:108270000593963D681276BD605C213E485D433DA6
:10828000BB370D3E870181BE4737C03DE60580BD47
:10829000E1263D3E4920123ECE7B4B3D9CCD3A3EF1
:1082A000E55B03BEF4DC86BD35250F3D2D332EBDC9
:1082B000980FA8BECE3137BEBD1746BEB4B5B0BC10
:1082C000E7FC8B3D4C56303D484F8FBDE6CD64BE3C
:1082D00015DDFEBDB108D53DED84EF3D4CC347BD76
:1082E000F3CD61BEA6B6E13DBC7FA0BC28CE13BDD8
:1082F0008DE2DD3DF0691D3D6A13C2BC4B185F3E47
:10830000906A1ABEF67D413D4CEE253D50F16F3E20
:10831000D2AA963DFFC604BDF76066BBBD8C013D89
:108320007B3A4FBD5A696A3D98FCDB3D62CBD6BDB6
:10833000B2F8303E988D5FBE93CC143E413C50BEA7
:1083400000CB80BEC7681E3EAA7AD0BC303BE2BEDE
:108350002E98B73CB6ECF7BE5CD5E5BE027DAABD53
:10836000CCF2B3BD882961BE4830C63D438951BEB9
:1083700004E60ABE324713BE39A93A3EEE314ABD81
:108380006FB6FEBD118D8DBE5B64A13C7225093EAA
:10839000CA150C3EE8F0313D76B874BE13A1713EAB
:1083A000DEA101BE5F48ACBB109A3EBEA909A43D48
:1083B000C28DB9BE0B2F3ABE2FFCD1BC3A0716BEF8
:1083C0006309D4BDD373EF3C448D02BE57A63EBEB5
:1083D000A4E2DFBD6F4A02BDD2867DBDCA2DDABDE3
:1083E000EC6630BEDAE5183EBDD50DBE13B316BE41
:1083F0000CDDECBCD179743EE3A9BFBCD5FD5E3E7B
:108400009262CA3DA24F1D3E4FF42CBE6A7FB2BDA0
:10841000CBAF223E59091BBE1ADDC93D22498BBC98
:10842000E7E3E23DA6D7C13D7DA07D3D4A300C3E4D
:10843000B8D5A0BBC8E60BBD2924D6BD2D0BCF3BBC
:1084400059F7423DB645A03C6143CD3B5BF0FABBDA
:108450003A4E8BBB6C2F103D8FCF81BDEECF26BD2A
:108460000FA99A3E6DD2D33CB0E018BEA17F183E52
:108470006E7343BC428DBD3D87DAC8BE6DF7ACBE9E
:1084800003982BBD762B483C37E03D3E9ED9E0BD9E
:10849000B23A063D4046F1BCA4131BBE68DA2BBDC0
:1084A000DB5D843C75E9B23C08EAC63D7D5982BE7D
:1084B000E0A687BDDAD711BD845F29BEF5170B3D55
:1084C0008188DDBD40703EBE17C1973D03AF93BDAF
:1084D000497D3EBE5704103EB7B1313EB95E753D91
:1084E000F3ED14BDDBD3AFBD0D5F6FBD6AE2023D9E
:1084F0002C6088BEE85246BEE818F2BD323BB7BDDC
:10850000F587423E18298B3DC3FC28BE826F553C3F
:10851000B716053DD66A17BE9603553E55D9043C9D
:1085200063C3FF3D75CE333EE203563DF1B17C3E61
:10853000892F8C3D4CB3A13CD36C003C79F9A73D0D
:108540009121743DA058E83B543E48BE74DF69BC9D
:1085500057B6EFBC705EC63D2A987CBC7C411DBD01
:1085600044B5AA3E59E83BBE97EB35BEA373A93D7F
:1085700029BA97BDB333433E567F77BECAF81FBEB4
:108580005ED74D3B7165AEBDFEB57E3C91FA07BD31
:10859000A8D11A3E47BE26BE33B582BED8C88CBE0F
:1085A000ED6A97B9F0CA373E0C58F73D5AB844BE49
:1085B000B87EF43D99429CBD74DF643D606D193E08
:1085C0009A0814BE3A577BBE53013F3EEB0A6B3DFF
:1085D0001C35153EF4EF213E6F185D3DE3FC7A3EFD
:1085E000D43F23BDD3340BBE451B9BBD5290073DEA
:1085F000643848BE115D85BE379D453DB0712EBDC6
:108600006FED873E29F6383E515FA13CB7E7FCBCD1
:10861000CE138C3D8D4ED13A3C30B43D01F51F3C1C
:10862000F357D73C99C236BE6950BABC212BDB3C0C
:108630009961413D09E2143D45FB15BE40CEF8BDB0
:108640009B35F83DEE16E4BC086E2FBDB5FC1C3E14
:108650006743523D5FF35B3EE2B701BDFB86B33D2E
:108660002C8EF93D74ECA1BD33A180BE6869C83C75
:108670008DDCE6BCA5F7813EB6B9FEBE43D480BE14
:10868000FC6896BDE93A3DBE9CE272BC4C97463D03
:1086900079A0173C7A5609BE0B328CBEEF4E47BE0E
:1086A00054E7F2BD0311DE3DCBA90C3E7BE03EBE9C
:1086B00024EC81BDD221343D3126CC3DD1FA083E97
:1086C000CD7F103DCD1B86BEEFA5093ED3DE453DD7
:1086D00068C9C6BD3CE88D3D811ED93CF5720F3E90
:1086E000F6410A3E280C27BEF621FF3CCC444CBE86
:1086F000206556BEFAAC88BEAD88C8BDCC7B04BC34
:10870000A6F5D6BDD93AFA3D25B57DBD1662C9BCE0
:108710004563A13D13DE30BE4ACAEE3D53F4C1BAF3
:10872000A4C247BEFE2B83BD2F339EBCD807833D1A
:10873000359E0B3D4CA2E8BB0407A43D61141D3BD4
:1087400038ECB8BDA1E52C3EC5778B3BFCC78C3C13
:10875000E8FAAD3DAF5E13BD992C6E3D703ED7BDBE
:1087600072CA883D12DB853D625C553DCE7B1B3D68
:10877000833AF7BDC30472BD4100703D0CC8F43D9F
:10878000D87AA9BC930808BEC1AF873B681F19BE41
:1087900091A34ABD7CDD6BBD07365FBDF26AECBBC1
:1087A000A9653FBE8A9F253D4A0DD3B9DF48253EC6
:1087B00000A003BD7D60D4BDF3BD2EBDABBA0E3E9F
:1087C000CBBE55BD913690BD193E3E3DDC32E9BD74
:1087D000E0BB3B3DC31633BA98B708BE42C578BD6F
:1087E0000AC316BDF657963CE90798BD3DFCE83D27
:1087F0008496E2BC21B4983D74507C3D4BDA063E31
:10880000AF4B10BD4831A53D61CE1D3E0788583E97
:10881000C4D8543D9A2065BDE8A625BD204C2C3E09
:10882000D24C3DBDF5380DBE20269ABDC05931BD94
:108830008806E73D3D8360BE52DEDEBD0FA000BE70
:1088400066BD62BEE30D3D3EEAAE643D013D563D70
:10885000C052EE3C602B053D29983D3D6261093DCB
:1088600089C3E0BC3E586ABE90B04A3EAE55ACBD2E
:108870001ED12ABEE6159ABDE08D3E3D0B2517BDE3
:108880000CD6BFBDF1EA2E3D168368BE000CFD3C40
:10889000BD3E19BE886F5E3EF8B531BD49DC2B3A4E
:1088A000E1406BBECE4087BDC5F77FBE8C4CB33D6B
:1088B000D87775BEDF3BA2BD2CB370BD593B073ED8
:1088C000C6B98BBE0945293E07BFCE3C5A979EBE0E
:1088D0005633463CF91022BDDB8316BEDC5D72BE0A
:1088E000488B27BE50E0C2BD3B66873D94071DBD47
:1088F00029006F3D9A711BBD8061C0BC7B47303E33
:10890000D20747BE1E50E4BCC3FF023E4CE7163EF2
:108910002943E63DC14CA1BD1664103DF941073E17
:10892000700B32BE4EE5BFBD1131F9BD980A9F3DB7
:10893000E5B775BC007F87BE585F74BD9812C63717
:108940001B2399BEC95F2F3D6317513E48DFAEBD63
:10895000AC23ED3D09FBC1BDBF703EBEE3DC26BECE
:10896000A6459FBD41DC2EBE5423FEBDE3192CBE9F
:1089700075715CBD88C46ABE83AAB93D77B0BF3D3E
:10898000E260A5BD80E3FFBC51B417BD8A7278BE1A
:1089900023B18CBE1EE30D3EFA813F3E91DD24BE25
:1089A0002DF109BF9BE57DBDC872553CE63B013EFC
:1089B0008CA730BE34626EBEBC8B1A3E3C5673BC74
:1089C0009EC8E5BDDA6D2A3E7EF0893D36C393BE72
:1089D000056167BE8C3954BDEC6242BD51E2ADBE4B
:1089E0003C252EBD5CD6B5BDDE2CA23DC208E33CC5
:1089F000C3CCB7BDB52B64BD275C34BD1B56153C3D
:108A0000A531A33C623BF73D3A1FCE3D551862BDF0
:108A1000130192BD8DC9A7BD06E8D1BD141F403D0D
:108A2000F4B591BC8E509ABD920406BEF59104BD7A
:108A30009954EDBD94BA6ABB66E2C43CC03B2EBCFF
:108A400068CED53D7892A5BCD86A243C96A648BB92
:108A50003E296B3D2275A13D1C13D43D402B02BE27
:108A60000B44F73C38E16FBD13AA853D2F0A243D26
:108A7000C9CB94BD15E9C5BD6F5EA3BDD177593D86
:108A800092EED13D46DB26BB46F98E3DF7CE783DD2
:108A900014DC0F3EC6F7493DFF12B4BDBB4193BC89
:108AA000DFB862BDC43AAF3DDE16703D5F76B3BD40
:108AB000E8935E3DEA97B63D55BEC8BDC21618BEE6
:108AC000A22A953DF855CC3D6159BE3D275BD4BDEA
:108AD000A968AABDC6DBD23DA748B6BD1E0810BD19
:108AE0007E3F20BE7F46B63DC269EEBC2F371D3D9E
:108AF000FED01ABEEFD8F2BC0768983DDE49C9BD6A
:108B00003D9A863D1FEC703D090B8FBD488100BE2C
:108B100021FD0CBE714BE7BD542F693DA6AAB4BD23
:108B2000465AD3BDDDE4A73DE6C2153D4861DFBD31
:108B3000BA1B893BC2079E3D7861083E5D4E023EEE
:108B40001284CB3D0828B13D2CE9ACBD5E01973DB8
:108B500054889EBC1DA09ABD44D6BCBC9188BF3D24
:108B6000B27B1ABE66EA8EBD11B189BDE778FEBC44
:108B7000CB8F373D4D06C3BD9206F0BD03EE2BBD36
:108B800098D9163C26BCA6BCFAE9DABC5E49563D2B
:108B900085CE96BD991709BD22ED2B3D0691A33DCB
:108BA000CBBB0FBEE6A4103DBEA311BE60DFC5BDAA
:108BB000EB45B3BD0C0A063D255C3ABC832D9ABD3E
:108BC000AAD0FC3D692115BEA2F64FBD9953983C31
:108BD000668900BEA417B83D63A0EFBDCDC1A53D19
:108BE0003DFC3C3DF63F9FBD66BA3BBD4B7DC9BDDC
:108BF0008CF847BDB71D12BD11DCFBBC632C523D88
:108C0000B2BE20BD3BDD08BB2E5BB73D476FB6BD96
:108C1000E136093E752CBFBD8D5055BD0D2AD7BD1F
:108C20007EA2933DD9A7883D9E39E9BDC917013B76
:108C300085865B3D4195D1BD800E0D3EFB75DC3CCC
:108C4000872918BD36ED8B3DFDC88DBD9F5C11BDDC
:108C50008A5C8DBDE00B1CBE5719D3BD87EE88BD65
:108C60009195E2BD8AB78C3D751AA8BCD8F0BCBC02
:108C70004B1C54BD2E0FF4BC3A17CD3D5755A3BD28
:108C80002662DEBDD6C9013E7C94853D03CFD5BCAE
:108C900084C6773CB25E0DBE6F6950BD85E5733DFD
:108CA000F76EC3BD50F64C3DD17A05BE9397E53DB6
:108CB000166B00BE841A6DBDB0916CBDFBD02A3D11
:108CC000609AC8BD5937A03AE83FD8BD83FE06BEBA
:108CD000E8F320BCA91805BEF7D483BDD2A8733D24
:108CE000CCFFE73D00F388BD56F3BABD6C82A23DD0
:108CF000A23405BE773CB53DA7152EBD2DD5B9BD17
:108D0000F22BE1BD4ECA83BDB9174B3EDC9CD93C6A
:108D1000562E72BD5922D7BDB564233D9A8962BBD8
:108D2000F5686B3DD093F3BD7BFF7D3DF012EB3AD0
:108D300090F6673E98B577BE085CAB3CC7CCCDBD1E
:108D4000372ACCBDDD78903E820099BD182876BECA
:108D500059CD383E4EC93ABEED0D5CBE965D6B3CBA
:108D6000D005BFBDF46D4B3D2175AE3D9BC4CA3DE2
:108D700062E902BC8FE2553C73B494BE913961BE86
:108D80009FB72F3EE10E27BD3C274C3E5150873DFB
:108D90003B780EBE6C995B3D5F6F25BE4A59683DBE
:108DA000CF7806BD8CA2383E8495913ED4194BBE37
:108DB000F54FC1BC5A4D92BD4E44CB3BB44B77BE30
:108DC00012569EBD412B09BD9468AF3CE6514BBE87
:108DD000FA0F263D956789BCE2190BBEC2517DBDD5
:108DE00085DA7DBCE9BF92BC2922E6BBC9057D3D81
:108DF000C7B7CD3D967C1FBC69F1C23DB6B85A3E9F
:108E0000D4E2293E7CF67BBD56D59C3D4D3D89BDC7
:108E1000A63F05BDD5CF703E539F4EBC44DAC73D3B
:108E20000F352A3EC17B3F3EC2B72CBB9C176F3E1D
:108E3000FA1EBABCD82369BBD1DD7B3CB49E55BDBC
:108E40007BA9EEBD81BA803D1929823D3AFD5A3D8C
:108E5000C5CE33BD7F57ED3D41F938BDD876863D4F
:108E6000F2D51B3E2BF0B43E3A051CBE9594C23E93
:108E7000BBE157BDBB2E3EBE64A980BEDBA02EBDAC
:108E80002C45853EEA45573ED95D953EE55E663DFB
:108E900041FE063EE9AD4BBD16F6B33D2AC7E1BD26
:108EA000DD7D9ABD8D98A63E52FCD03EC99420BE71
:108EB000DC76203EBC48113D1462CEBDA29D54BD5F
:108EC0009968203E2072E4BD87B67F3E9763DBBC85
:108ED0004D24D1BC0C0F343E2A3BA0BD715C383E02
:108EE0009E46333E617CA2BDE2A73CBDDDB2443E5E
:108EF00049FB3F3EA1CA3F3E12EB5ABD027B9F3D5C
:108F00008CBE963E4072E2BD0769E4BD14764ABE4F
:108F10008B84E5BD6BDDEDBD52AB85BDD6CC01BC10
:108F2000DA2A063E239FCD3CE106C13D78BEB03D26
:108F3000140F663D499D31BDB3C8A7BD0367E7BDAA
:108F4000A9E0063E230BFF3D9C6E033D32A6993DF2
:108F50006CA0B4BC2CC2C9BDCA5A16BE5AC9333E95
:108F6000BFE3A63DD14B933EB04B7DBD67D5833E5D
:108F7000A26F183E88BC83BD3AF2A1BEBDFDF5BC10
:108F8000AF25B33D66AF323E05801D3E9A22643D5B
:108F900054AE953CC6DFE1BD75786D3CACA296BD84
:108FA0003E6ED73D56788A3EEBE34D3E59EBA0BC72
:108FB000788E83BDB5AAAE3DD2F64ABDA96C04BE7B
:108FC000E3D1503E534857BD48991BBC92A34ABEBB
:108FD000593C63BDDE91E6BC6F5BF0BDA3C3C13BF2
:108FE000C7E4603E94B921BE57BE09BEC0D83E3E1C
:108FF00044E6C83C2464A0BD9F52CF3B2DF393BCF4
:1090000042933EBE50038EBE56685C3EBA5CFFBBC8
:10901000B4618ABDF3BB49BD8869103D9B95413E53
:109020007E2459BBA78B203E03EF063E9EDCAD3D60
:1090300043AC823EA937E9BC4D82EDBD36A2073E66
:10904000AB7CC4BDEA40843D75B3913D8216F2BD50
:10905000FED6B63DECB935BE9A753D3C94CA683E25
:109060009B3DF53B3FDFA03D699047BDDD0070BCF7
:1090700095CEC3BDE681C93C2B9664BD266E843D6A
:10908000E72D883D4A47623EB681743E8888DB3DC5
:1090900014FC2F3D071BFABDA4E3A33C2F9277BD20
:1090A00018FCF43DFE342C3EA92E7F3E01C687BC41
:1090B000AA42323B5766933DE1F9633D96F7443C43
:1090C000E299363E280652BE0C2EE93C0FA8D0BDD0
:1090D00007A39C3CA02148BB4A46C03DB1BE1BBE75
:1090E0002BB2C9BD708979BD2F95F4BDE0F8933DD1
:1090F0005D6B95BDE6537D3D65F750BD0BE3163EB8
:1091000003AFFC3CD2DEF0BD5B1FE3BCC5B5703DD8
:10911000249B543B72141EBD28DB08BE3FCC74BD9B
:109120006519233EA9BC713E7CFFFA3D57683A3D64
:1091300055D8603DCA6E16BE4BA03E3EEB4FDF3D9C
:10914000E98CB3BD36DDFD3D6FAE0B3E6A39953D12
:10915000DC2A5CBECC2F10BE72F20C3DE6A8793E34
:10916000ED14E0BC2968B73E27D7E7BDF4633D3E68
:1091700045981EBDE144BF3CE19283BEBD20A1BC29
:109180002BB1403A502E383EEE57A93DAF78383ECD
:10919000BB97873D3CFA423D47A5663EF508B8BD02
:1091A00093E2B33DDA98A53DBDE68E3EA353D93C8C
:1091B0002814823DEA3441BD7BD2A63CA7280BBED1
:1091C000223E2B3EA55D29BED3BEFC3C18CEC2BCC0
:1091D00092A7043EF97A573E083BBB3D2FAD583D60
:1091E0004893BF3DFA6E0BBDA4022A3E0EB0883EE6
:1091F000FCAC5E3E81D2D83D11E3C1BD2A8FB0BD2B
:10920000DCAA97BDE4E17FBD1C9C98BDBBE7BFBD58
:1092100015CCC03DF44F023DB42692BD0C675EB93B
:109220004AD920BE09F70B3DADD38A3CF3617E3DA0
:10923000EE750F3B099932BE3CBB40BD3FC33D3E7E
:109240003BA830BDD8E3A63B6C604E3EE2B90C3D76
:10925000B31CF8BD4C3FB7BD497F23BE2E65193EF8
:10926000AD168DBD66C5833E272F96BE670CB63DF5
:109270009B143BBBD0B7823DE5A098BDBB26073E03
:10928000E965FA3B94484E3E62C6EEBC148FEE3D53
:109290003B233BBEF99518BD770F193E277B38BE9F
:1092A00078ACCABD31D762BC6839573EC13C43BEB9
:1092B0005344923D50DAA63DE142953DFC66C1BD66
:1092C000F1321EBD29DCF83DF4F2CABD9EAA5FBE94
:1092D000A626203D8EA78D3CF42BCB3C4CE051BC08
:1092E00067204D3E115804BE01A70D3DA7913E3E9B
:1092F000A38B153E1BDE86BD2789CABD0E4CE33B02
:1093000004E609BEADE091BE2ACC5C3D7CC2ACBE99
:109310007C08E9BDF3971E3E13ED9BBE4F83EFBD66
:10932000347A353D5083133D92812C3DB3344EBD8C
:10933000D5EAE7BD02DCEC3DB2BAAABDFA192A3D76
:1093400078EEA63DEAA1A0BBF8A7353DC458203C65
:10935000E5E296BE0E35B8BB79ADF2BDDF0586BC41
:109360001A08A23D0099773EE39DF7BDB75BBCBCF0
:1093700048468F3EF37AE2BD1AAA3C3C15A267BC70
:10938000FA7C6BBEB7D7533D6695C63D8AFC003E5E
:1093900032A41DBE1DBD16BE93C01E3EA6B551BB58
:1093A000E5FA233E99EA173D4827953C741031BEF3
:1093B0004D80E33C951B173E2351DF3D4C8014BE8E
:1093C0001D35A83D8F0F6ABE3D48F4BDC6F36DBD87
:1093D000091AF1BD106C223B2EA8ACBDD57FCD3C47
:1093E0002103893E0C3263BC33AA393E1305E93DA3
:1093F00082A8423E9E29163E8E743C3D9A9D74BDC5
:109400009D0FD03DC02669BE327C3F3EEBE455BE89
:10941000E6224ABD6B535DBD3DA0E0BC925B51BDF1
:10942000BEA585BD4A5E25BE47199ABAFABF8C3DD6
:109430004AF28F3E4FDFA8BC8757063EF4472B3ECB
:1094400070C1173E762FBA3D00D7143E093D223C2D
:10945000D8C598BDD148E03DF94CA1BAE4A086BD7D
:10946000E03C05BE269A883E62334F3D05AFFE3D87
:1094700053333F3EB03DF0BDD40D523E9B9DA43DC5
:109480004B83E5BD7EA0DA3D740A3D3C859DB83D29
:109490006E773EBED03A8C3D4133983EA3348F3D2B
:1094A0002030943DEF54203E34E68CBD2B54A23D39
:1094B000CA4F0A3E4117663D3A71F63DB357813CAB
:1094C000075DE23D4CB2563D88EB72BE51570D3BF5
:1094D000803216BD7A7E68BE5126283D01A895BD12
:1094E000CB65893E5786B63DE7087B3D6EEC873EEF
:1094F000C47FD93D759DBC3DB70C1BBDD59D383E85
:109500002A1A14BEE251C6BD1E223D3E7C0EFCBD91
:1095100079CDC0BD8BB1E2BD70019DBE4689183BBF
:109520004B3491BD00F221BE263DDDBC39D1C13D99
:10953000AC06D5BB933D793E53799E3DC67409BDBB
:10954000435F773DA5D5D83DCA7904BE4D37D0BD20
:10955000D4FAAE3C7BD6DABC10FBD2BC4CF90E3E42
:10956000F2D225BD5F52333E55F6993DA035193EE6
:1095700027929C3E22790FBD1B61173EC58E9B3CF6
:10958000E93BE1BC18C7A93DEC544D3D0CDADE3C8B
:10959000A10F09BE470030BD90F78C3E5169103EC7
:1095A000DFBB433E1EB10D3E848EC53DE521863EA8
:1095B000C1BC6E3E7542713EFB84F2BDDAC674BE1C
:1095C0009D33E43DE217863DA05B453C2E9D7CBD6E
:1095D0007EB511BEC947A0BD279206BE0E35D13C4F
:1095E0004785E53DCE25B23DF37F3D3E99FDD13D1A
:1095F000B39FE1BBA29C8B3DE4C7E33DDCA938BB34
:109600000CBB3F3CFF77C63D580303BC5EE3CF3D38
:109610000D57853D5113303EAD39D43D294AD73DD4
:10962000474A363DCC3C883DF5F6353D7AF08C3DD9
:109630003500993D9C9277BDAE912D3D3091F13D25
:10964000F4A4303D821685BCE416703DD71A38BDAF
:10965000D961E23D04491C3E874E133D5D551A3EDB
:1096600060182F3DB7456B3DC958313E26B1D23CFD
:109670006ED43ABC7360923DFAE7933BAF0205BEED
:1096800078A1283E45BF863D87B9A93E067242BDF6
:109690006311C13E3930E4BEDFDA55BEE5100CBEC1
:1096A000C58BAEBD9A772ABE8364223E2CF072BE73
:1096B000E85F803B6E780BBE12131DBDAB159B3D62
:1096C000094F96BEA3476CBEAC9970BE21044F3EB5
:1096D000C5A3EEBD6CC4A0BE88CA003E7621A4BE60
:1096E0005A047C3EE374443E8DE5D9BEBEA0AB3E39
:1096F000B900573E0E0385BEA5240B3EE260933EA3
:1097000025D3A03BF4EB71BE679638BE5FB3DD3D59
:109710007E941DBDB6527A3E907C523D61628DBEF4
:1097200022E637BE29803D3EDC0AC9BCE7D26DBEC9
:109730006C40123EB952C9BDFE7C38BE61D38C3E2E
:10974000026AAC3C83FEFB3D80B628BE43B5463D75
:109750006076CE3D86CA3F3E65E7B03DE96BD13DC0
:1097600093E51EBECAD0DDBDB3E2913E7CCF01BE03
:10977000BB50073E648497BEA23713BE854C4D3D57
:10978000F39EF53D1AF338BD30BCBF3D537F943E88
:10979000E72F153E3028B53DE0D08FBEDC8FF9BAFB
:1097A000ACB022BE0B631EBD01EC5B3ECCED1E3E99
:1097B00063C15CBCB4F2343E8B47D83E15B57C3EE9
:1097C000722CB5BEE429AA3B54DD6EBE69BA9D3D3C
:1097D000A7D056BEB63833BEEBD131BE7A1F57BEC6
:1097E000E79BC4BD0DAF84BD5C52DDBEB911373DF2
:1097F000DBE743BE4201B8BCCD6CBBBDA6728B3E5D
:1098000059135ABC2AE8DC3DAEF6D73D34C2B4BD8C
:109810005D7621BE79FF413D57C0293E004D9ABE7D
:1098200011E755BEE8CA943DA6DC093E5D1AA93D84
:109830000E7321BDB2F2A03E2C30573E205836BDEB
:10984000FE86393DB38FBD3E0F69DDBD118CD6BD9F
:10985000748166BC557A6C3EBC6D6F3EF130A3BE20
:10986000123E76BE74CCC63D66F8B5BD706A7C3CCF
:10987000F6A071BD49342D3EAD656FBE0B21B63EDD
:10988000F7318B3E976B5B3E2EE0B5BE8A9384BE6C
:109890008838DBBDC4B0E33EC838A83EAA6BA0BD83
:1098A000D237C63DEE701D3A8A84FA3D0DC4B6BD6E
:1098B000CAB0013E5BD96CBE7F896F3EBC9A12BEB6
:1098C0008130BDBD743B51BB23FC06BDAB8C563D06
:1098D000C6CF7A3EE12E833EF94C00BEC87B7D3E6A
:1098E000C6E15C3ECB96FFBD00AAD23E9379C83D4F
:1098F000359B3C3E8AFF243E5B5A80BE21596CBE9C
:1099000034F88E3E083D87BE2657B23EC38F1A3EBE
:10991000090C9CBD2FCDA6BE42CF943D3D07F93C1E
:10992000FE04643ED6C793BEA4E40B3D1CE0FEBC1F
:10993000025EEE3EA172023EBE0BB33E2D453BBD24
:109940008AB49C3EAE2D793E99DC46BEFA02883E32
:10995000D3990EBE1FE1E4BCD539573EE9F7BEBE30
:1099600028754BBE3831933DD0DA22BF4079913C07
:10997000E4D581BC78BD50BEED72BF3DA309C339AB
:10998000DD8869BED44990BED6D20BBED9218DBE2A
:10999000D058E1BDD479423E06EE56BEAF772CBE1C
:1099A00060722F3E0FBD1ABE95BD8BBEA087AF3C27
:1099B000B21F9B3DD14A1D3DE7218D3DBAC5F93D02
:1099C0004C090FBECA4350BEB5C10EBD752A103D2D
:1099D000B8DA393E89C0B8BDB405353E4E7ABC3DD3
:1099E00094BBADBDB0DCD0BD82FF1D3D05B747BE09
:1099F0007B0A333E0008E2BD5BE26BBDF39B063D94
:109A00005917C63CABED2C3DF532353ECA381D3EEC
:109A1000549FBB3D7E3A993ED1A314BD85C0E9BD9C
:109A2000BFC7A0BE639EA73DC2AED73D8221053E03
:109A3000D37AA93EC2E8C23E9506073D8E5CBC3E85
:109A40007E6B853EF0F41F3E117921BE0DDF753E21
:109A5000BA72B53C67F05DBDEE68463EB7B1D9BE9F
:109A6000306B903CF2A19ABD891248BE3305CDBD42
:109A7000A85158BE0A051BBE140C99B984775E3EE6
:109A8000C1EC243D0FB3D83D6CEF4ABDB50B2B3D67
:109A9000D191A2BE49BB58BE4D7D6F3D4E06DFBB86
:109AA00095DE453D14CA3CBE1F0F9D3DB4B0CBBDF5
:109AB0007C994FBE8185BEBE0291F93DA0E3CCBE2C
:109AC000BB96B53EDC8EAB3D0E7583BD4BBB003DFA
:109AD0003FC43B3EAE05E5BB364B643EC8424A3E02
:109AE000B5300CBE4608263C985E91BE722E4B3EA9
:109AF0000D0A81BEB4C5C33E0684BE3E13E0153DCB
:109B00004E5D62BD5DBB883E3353143D42E64F3D22
:109B1000C40A103D1B5E03BDBC6F343E1955A13E07
:109B2000B2B8183ECCE062BEA12E4F3E20070ABE5E
:109B3000E183B43D00331ABE013E913EC687A43C8A
:109B40005E376EBEC04DEFBC0D2B0D3DFD78B23EB5
:109B5000816C523D973A32BE118541BE45528F3ECF
:109B6000E64DDEBBB71E96BEFE7FEABDF51E063E85
:109B700058ADF0BD39C12DBEB7BD49BDB61C063BC1
:109B8000E00F2E3E1BFD343EB766C5BD3478543E13
:109B9000D09392BEC2E9D13E6F20AEBC1D71AF3EE4
:109BA000545385BE7FA602BE86937E3E3BA6AB3D48
:109BB000F3AC8C3EE767883E721F283D7923163E42
:109BC0003126FFBDBDE8AABC7893183E6A10E0BDFF
:109BD0000F84E93A34DB823EF47108BE2F217ABD4E
:109BE000A1DD9A3DA15338BE2208DE3E0667DB3C6C
:109BF00056E714BECD3301BD1BEDC53DADCB6EBEEA
:109C0000A34947BE5B96473E0A4936BE54BF613EF4
:109C100092188FBECEB3683DA7C36D3E9362553E8A
:109C200050BC5FBE7BFD9E3EA3E5253E72EF88BE25
:109C3000D3158F3EE7F1793EC1F2D3BD6697AB3DB8
:109C4000291E013ED08C223EA22BC9BC9F5750BD7D
:109C50003840C53D00C10BBDC15BAABD8F0F66BCBE
:109C6000605346BE2A3217BE73503A3ECFAD1ABE7D
:109C7000183CAE3C57564EBEB23C533E210057BE38
:109C800070828CBD4E07033EB14FEE3DA34807BE28
:109C9000188B1F3E17BFD0BE19F48EBD623A55BD5A
:109CA00001F9823E21896ABED67E963EB7D8493DEB
:109CB000DE9EDDBB0D50BABEAE2A8FBEDE45AFBE06
:109CC00085DD2E3E784B313EE927373E7EBC3CBEDB
:109CD000B264B73EF0171B3ED568CE3C62D1FCBCE7
:109CE0008EFA9CBD297A5A3D24588B3E55C1DA3CE8
:109CF0007F81ADBD5B6DB53E2E129C3EE48983BD78
:109D00006E3653BECA57C23DEAE16C3EFC8950BE76
:109D100058251E3E82E2AFBE6B8C6CBECF15AE3DA9
:109D20006CF8813EA8F8C43D86D3833E14038CBEF4
:109D30009ADE93BEC0010ABEA5E75FBE0467F1BE0E
:109D400065AA983E7B625E3D04D8CC3DB4DE293ED8
:109D5000515408BED5C0E83DACF7773E90D6003EE2
:109D6000364D953B1F872D3DC2122D3C86FA753E20
:109D7000C3D0A8BCDCA1CF3D2B9A833EFCFE02BE23
:109D8000285D85BDE58089BE98320F3EFD83553E36
:109D90002358D7BDB007F73E5682EDBDC4F5863EC9
:109DA0008CCD95BD730B1DBEC6A2383EF42F9BBD56
:109DB00010DC8A3EFAAB923E89D8673ECE62973E6F
:109DC00022CB09BE7DC196BDBFEAAABC3324473E63
:109DD000F35B0F3D0871703DB3A1553EDF341EBDEE
:109DE000F58A84BE70D1FBBD103D383E2697253ED6
:109DF0006E1EAE3D9186E5BEB48DED3C0201C13DC7
:109E000086CF443EC4309DBE20A877BE1CC7993E75
:109E1000099827BE0381803D465FB4BC9F4FF73D44
:109E200014FD45BEAD98603DBD200F3D8DBCE6BC28
:109E300004A5523EBC38AB3DF681AF3E0A33023E2C
:109E40002ABD74BC0FB0693EB1369ABE5690833EAF
:109E50009C30C43D864E513CB0262C3CC3EB1DBE0D
:109E6000FAE51FBDFA5DA6BEF88AD93B6F492BBE45
:109E70009DA0B13DCDB34BBEBB3C87BE77E966BE6E
:109E8000E8FE58BBCD89133DC7419DBDBEFF9A3E3C
:109E9000CBBB0E3EE75093BC1BA8083DFEFE823CA8
:109EA000AEEA7B3EF69F263C58DF1CBE1E89443E30
:109EB0003A14D33BCF948BBDF83671BD73C08A3E44
:109EC000F4D0AFBE5A1FB3BE79B1E8BE3DB91CBED7
:109ED000903846BEA8DC543E2A5D8E3C037727BEF0
:109EE00096766D3DA93589BE67AC61BEA040303E17
:109EF0004D0FB63D01DFA9BE9D98823EA1698ABD86
:109F00007C33C7BD58608F3E20CB5EBE5511A9BEC5
:109F1000B2A87ABEC5CB71BE346F953EC264613EB5
:109F20001260753ED40DB3BE10C97F3E78408DBE21
:109F300012009DBD345A483CF9D98ABE47793ABED1
:109F4000E398C63DDA566FBEAAE5173E523469BEA5
:109F5000504DA73E583A2A3E7CFA4F3E5E2FE63BD4
:109F6000DB895CBD0EA16EBD0305AC3AF7DF2C3E6C
:109F7000FCB609BE0E9D373E7C1B043E544FCBBE43
:109F800038A6E63D892817BEA3569EBCE7545DBEA1
:109F90001AA0A93D28AFE0BDAB8B21BD3523C4BEBF
:109FA0008472D13DB230193E27AFB4BD04D914BE7E
:109FB000976059BE3C6E0A3ED6E33ABEA270803C22
:109FC000A71A033E456E073E24B80D3E9FA48D3C64
:109FD000C0C303BEACCD24BE8F4A783EB6772DBE3B
:109FE000DCD2FA3CE00025BE0861EF3D314C5BBE9F
:109FF0008D83343DA3E15D3D0D5824BD8D0B713E35
:10A000001E6C043E831C383E5F8C033C6DBC60BEFE
:10A01000E3C292BE6F5C153E184A933E25CDE1BC6B
:10A020004AA2083E8E07243EB08AA13DDE591C3E5E
:10A03000FFECEEBD1E9EBFBE9172E83C41172ABDEB
:10A04000129760BE1E53533DE8DBA23E93D585BEFA
:10A05000C628543E13D208BE06B7E8BD8C0D653E37
:10A06000D500243E7CE2B1BD72B15B3E0B84D0BC16
:10A07000C7C7D4BD8D3FA33D3265123E59B486BEDD
:10A08000DE6FD0BC4EA6A4BEF4573DBE3B4E22BCF4
:10A09000F17E1FBE32A554BD04D75E3EB8D089BE46
:10A0A0002BD2C9BD6B27D43E0B6B5ABE45A162BEF5
:10A0B0004AF70CBE361E9F3E1EA1953D30F2863DEE
:10A0C0009E8F8F3EFABAA73E8B928D3ECE7CF23D9C
:10A0D000067C4FBEA60DC33DB6BCA53E16A2BEBBB8
:10A0E0003E4F64BE9323343E9349A1BDD9FD75BE56
:10A0F000FCD730BE7AAD863E4CB38D3DA038C43E11
:10A1000017D253BD048D27BE74DB21BD2153A13E60
:10A110000B48783DEBE5C73D3A0070BE32A24B3E9E
:10A12000F230293E62ED1FBE354E943DE75CBD3EE8
:10A130005409E63D29DAB13E5A9F4DBDC988693EB2
:10A140006BB118BE76A9823C14F6553D80F67BBEF5
:10A15000910193BE948337BECD3B05BEC02FADBEEB
:10A16000D9D318BE6DA14ABCBBD252BCE7BCACBEB1
:10A170002F9DFF3BF5BA9EBE152C183A2931453E5E
:10A18000532F913C39AFEB3DF9AB05BE558770BEFF
:10A19000DB9D0FBE1EBC283E29A8073E27FF943E2C
:10A1A0006F8609BEB1DB9A3EE70893BDC86525BE40
:10A1B0009CE91D3E1B41313CFC7138BEFA15E73D60
:10A1C000ABC1B2BC565A6DBD75B75EBCBE0A97BE78
:10A1D0006607C03DFBF3773E93FB703EA711A63E9A
:10A1E000A9933A3E642950BE6961863EB81EA73DD8
:10A1F000C7BD913DEECD873DEE8D7DBE130AC0BE3D
:10A20000883D00BE3FA5DB3D6AAA7E3E229FDFBDA2
:10A21000D947053E0D4C95BE533582BE540ACFBD7D
:10A220006600D43DB9C9073EB11866BE18DDB5BE9B
:10A230008F9B96BE13CD91BCF07B80BE90C1FC3C41
:10A240002C07A13E8EDECE3D9B5BA5BE54D328BD20
:10A25000CEF0EEBDFDC20FBEE77B173D1EB37FBD46
:10A26000F2427E3D59EB823EB8AC9F3DEFB29E3E3E
:10A270008D3D1BBEBC199ABDC01CB63D23161B3EAE
:10A28000C4A775BE215BBBBDBE5364BE50FB3FBEC1
:10A29000D047233D104061BE3ADC95BE3A57F4BD2D
:10A2A00067681BBEC3AFF53D92B3BB3C79B740BEF8
:10A2B00022B6B73D6556013ECC7EAF3D460047BE57
:10A2C00050E0153E418909BE7B755ABEF3D5A1BD4C
:10A2D00006B096BEC6CD7BBD84A98C3D1A8D203EAE
:10A2E00070856DBE5B5325BE3D3785BE6C99B93D0B
:10A2F000C2EB5E3D320FACBD97BB63BEFAD7FC3DEF
:10A300002A9A80BE7B9896BEFEBB863E0262273E9E
:10A31000171A493E4E4BA03E123EACBD4F730C3D4A
:10A32000B623D73D78153D3E27D321BE86E56A3E4C
:10A33000C3B634BEF316933C4210D63D0A6B043FBD
:10A34000752EC7BE00F3AC3C447298BD7664933D55
:10A3500098142E3D0FE03DBDC9C965BE9954253EF8
:10A3600052A36A3E78491DBE7CF60F3E6C8716BD2F
:10A37000E65B20BE308B93BEDF5864BE0D62343E78
:10A38000F64D313E0F63953D539EECBD6450A53DA7
:10A39000559335BEFDD1783E04AD22BE2755743E9F
:10A3A0009647AB3E3CBA193E2F011C3D4518743E02
:10A3B000165907BC60D48D3CA12A8DBE8E554A3EED
:10A3C00000C59B3E46F912BE0EDE673E6D612C3E17
:10A3D000A5B1E6BE14F6F2BEC7AFD8BECEBD11BE63
:10A3E000658C20BD9D30803DF9266EBE598E89BE9C
:10A3F0004DEFDB3D535E31BED4C0A0BE3D93A63EC3
:10A4000038A18ABE58098EBCE91D163DB74AE3BC87
:10A4100012A52BBEDC23E33D369A9C3E3FDCBABD41
:10A420008EB9093E749D5C3EF1B1EF3DBB841ABE0E
:10A4300096FB77BED12C49BE16F0123E29CA83BEC8
:10A44000A4E4FE3E4411AE3E6F04C43ED073D9BDB9
:10A45000A297A43DA8CFA83E8BC38E3ED608C93D87
:10A46000F6E31EBED7E4113E70FBB83ED4148ABE9C
:10A47000B4E27B3EF9CFDA3E1F20743E35F5563EFE
:10A480000AC19B3D721606BCF43C533E2DAF52BE32
:10A49000366411BEFC4526BFB1434BBEC53359BD22
:10A4A000A9E7433EA0C480BEB1CA7FBED826E3BDA3
:10A4B000A883D0BEABCB96BE2795D4BEFC7EF5BE9E
:10A4C000012E59BE166E7D3D12479BBDF293933D02
:10A4D000E887403E275CFABE887A74BE96CF6C3E11
:10A4E00054B80B3EAD969D3EE670B3BE62F94A3E4F
:10A4F0009D76703E3BBEA53DA519303DE76636BE54
:10A500003D2A1BBE3AC2ED3D0153F3BD4897A83D1D
:10A51000380B113E1EE505BE1F6955BE7581E43D31
:10A52000ED606CBE52F5AE3D49375CBE4B5D813D82
:10A530009031CDBD773B033E0A89C23D999A603C7C
:10A540003C06193E104CA2BD7E1D11BEEFFFFDBDA5
:10A550003CC519BEDB192BBE62C270BE431C66BE71
:10A560006CFB0ABED32176BED663A3BC1802A5BD80
:10A5700060E4973D0BCCB13D94BD6BBEF3E069BE8A
:10A58000E2A6A4BE850E8CBD2D82A93D5D0A6ABDE2
:10A59000187102BEEF0288BE5E88E83D57842D3CEC
:10A5A0002E303FBE86E6983CD6B6323D041CA33E14
:10A5B000045BB0BED5A49ABD9F6C98BE3C019BBE07
:10A5C000626BD3BD0251663E5079B4BDA7F8F4BEAC
:10A5D000EA02EB3C945EA23D30F791BE3EE52BBD16
:10A5E00065065D3D82C6C03EB55DFCBD3082E33D83
:10A5F00008AE76BE731A24BE876E06BD9E7039BE45
:10A600007101BA3DA71A163E2556063EE8CF343CE6
:10A61000FD42F73C8FB11DBEC38A71BE8DDC5EBEAC
:10A620007439FD3C37EA893D9D0D83BD5FCE52BE36
:10A6300077E2A1BDB8624D3EF265FDBD9170D3BE1B
:10A640001015A13E5FD6813EB92675BE6317E53C65
:10A650001B0D473EDDE33ABED705893EE21098BEAA
:10A66000488F55BD8DEBEBBD78BEAFBEF057B23E07
:10A67000A2285DBEB67DB33E02387E3E56B6613E30
:10A6800097093FBD1F54423D76891DBEBCD65EBEB4
:10A69000487B8C3DAB763EBE67801F3E40952DBE0D
:10A6A000EC79203E12AD7B3D24FF90BCF5B321BD7B
:10A6B00082ED2F3E8DCD613DB69B86BE68B6103EC5
:10A6C000A15AA7BC355C1CBDC54D60BE18247CBE1C
:10A6D00093882DBE9FC92E3EDBB7773A364E9B3D01
:10A6E000A33D3DBECCDE5A3D9A9B053EA0654FBEC4
:10A6F000B85C84BEEB737BBE13B6E73DD5F6E83C91
:10A70000467E18BE9A5AF23D81C4003DE4FF05BE64
:10A71000269F583EB59E963C1C6A38BE958BAD3D33
:10A72000523FAEBD5B1684BE2B0D63BE47BD04BE5B
:10A73000A965C73DC90185BD7CD3F0BD9FBD78BD6E
:10A74000ABAED3BD58B8023E9B1B28BDB74A53BE23
:10A7500048F101BC9520A1BDA2DC70BCABB75ABECC
:10A7600050D068BCF4E911BED65C7DBEFDDA7EBD7A
:10A770009D8EC93D773A023E1D8CDDBCE6B4183E85
:10A78000366BCBBDA33402BE8AFCD1BB8B8F023D9E
:10A79000E2701D3E286ABABDE0F3A9BD702E893B68
:10A7A000D408063D4D79D2BCCD742D3E86CEF5BD84
:10A7B000B1FAC03D09D0ED3D474ECABDBB9251BE76
:10A7C000E3A479BEA254FDBC530277BE79B02B3E00
:10A7D000E77136BE3A43C83D69049CBE43E724BDD9
:10A7E0007E2087BE5AB5E3BDCCE5373D0BFD62BE8A
:10A7F00045C71B3E07514CBEA6AC8C3D60573F3E43
:10A800006B4982BDEF6BDF3DBB7B443EDCB848BE8D
:10A810007855A53E3D4DEC3EB901A43ED0F82DBC87
:10A8200014CBBABE18089ABDD8E5423D5215A13DD9
:10A8300038981A3D31A7313EC9EE15BD974F883E75
:10A840001D609FBD76A12FBE2C1A5EBE27AFA2BD94
:10A85000E45E733EA8EE913ED47C06BE74E2DEBD9B
:10A860000925303E6586CF3DB23F6E3EF2EB8C3D12
:10A870006DA9363E034FC6BD5CFCB0BE86B7F83D41
:10A880009686A6BED5C613BDEDB7E63D1405063EB9
:10A890009994553E87ACEDBE3086EFBED75C603EE6
:10A8A000FC55843E568BD3BD0FED86BE00C25A3E8A
:10A8B0007085ADBE2DB8F4BD7BB209BF1EDE8DBE66
:10A8C00010C48ABEE53D333E9B7B803E64DAE5BE24
:10A8D000F07948BE351C36BF3ABEDDBE7AB32C3E99
:10A8E000FB6E9E3E13DBD03C26B14CBED8D8BC3D9F
:10A8F0007EE2CCBCA4C48EBEB6254FBEF880593CC7
:10A90000A892013D4502F6BED313ADBCD36B353ED4
:10A91000A8E5BE3D2C993E3E8678173ECB790B3E8E
:10A920007894D8BE543F543CDE0DD73D253BA3BEA2
:10A93000996F2DBE73BD983E0B204A3E935BB73E88
:10A94000EEAC88BE318A0BBE7AF29B3D1A950ABEE8
:10A95000448F6BBE9D21A1BDEE6A013E4816A8BE84
:10A9600036EBAB3ED9C2EC3D57ED253CF4B8C33DC8
:10A9700088B2F9BDBE460CBE6661B8BEE572013E46
:10A98000C57663BE880991BEBA1CE63D074C2E3ED3
:10A990008DD71E3D8797A73E73DEDDBDEFAB8D3DA6
:10A9A000C1019DBEF7CE2B3E354DA2BD4C45A3BE89
:10A9B00022B34A3DE059773EFA8BDB3CC0000C3DA8
:10A9C0008DF4BD3E586AB23ED5248DBCDF8B8C3DE4
:10A9D000002A19BE57437F3E5D845A3EE00451BEB3
:10A9E000DDD34FBEE6A50D3E7A14833DBDA55FBE07
:10A9F000976547BEB89FF93CD661093E8A99D93E12
:10AA000028A2113D7E158B3EC9F8B8BC05C8F73D9C
:10AA1000E36F5BBE211AC3BEB7494B3E3B43AA3D21
:10AA2000FB49C83DC7F85CBE99295D3D586E69BEBB
:10AA3000C5AF24BE14F4A9BE71772DBDA37478BD33
:10AA40005F48823E69B4383E931BD23DB999D73EE8
:10AA5000451B213EED2E623C357436BC3EBD143E96
:10AA6000137BDE3B5F6F083EE5727FBEC7FC62BEB4
:10AA70008A17E13D686BA33E59907F3EEFC8F5BD54
:10AA8000DF60623C0B1C2B3E4D77FF3D30D892BC03
:10AA90004975733E0BB0DEBE1FF98CBBF6C2D7BD45
:10AAA0005E23E83E213765BD36EC493E76D466BD6F
:10AAB0000C4A27BE658188BEC344CB3DF4709DBE61
:10AAC000A3F3903E9987AA3D9776473EE990613E71
:10AAD000B1B1463EEDDCA0BC83DFB33D66E2953EFE
:10AAE0009525D73EF2572FBDE74965BE83B7553E42
:10AAF000FA2DB63D357968BD9C79C43BBA6C063DEC
:10AB00005D65613D65F4B83DE46A90BD1296C8BECE
:10AB1000656C3B3DC6FEC7BD47D0C33E49CD02BEB6
:10AB20003FCDB13D3C18DEBD4EE9433D6C93613EE7
:10AB30003565D3BE88BEAFBE2CB3D73D5B660A3E3B
:10AB40002754CBBE3C5E41BE920CA63DFD38A9BE4B
:10AB5000C215163DF311D63D088993BDDD52993DCE
:10AB6000C3D7A93D7E6A9D3EA1DBAC3EE76D533C59
:10AB700015956CBE8A9DC73D5318B83E4557D7BE44
:10AB8000535352BD5B67A5BDF2786F3E15BD613E64
:10AB90002845E13E93AE02BE604F82BE6E9AB7BCBE
:10ABA000D191943B680AE2BD61C2E7BDDD474F3EEB
:10ABB00078FA8CBD3E1FD33CE23DA13E066B953D2D
:10ABC000ABB4B0BED609A0BE920B17BE922FB03D5B
:10ABD0005F7CC1BDBBB011BD63B252BD2DDCD23DA7
:10ABE000B65FCF3DD31BB4BDAF2792BE22121A3D34
:10ABF00012641EBEFE5DACBEE69F85BDFC84143CA7
:10AC00000095003DF0EAC13C6A00A1BD4F18113E1D
:10AC100038DB2CBE5288C43E6881063E89011F3E47
:10AC200052B63E3C860C493EE2FE4BBE8DC5C0BCD2
:10AC3000110D63BDCB6C0F3E7A8891BE25834F3ECC
:10AC4000319A6BBEABBB1EBE67A1AE3E100EB5BE49
:10AC5000BE5E613E7A155C3E25E089BD850CBA3E3C
:10AC60009FCDF0BC5C341C3EC026BE3E8FF8FBBDC1
:10AC70003D17363E506C4E3E47D2003EA141A5BE28
:10AC8000DFFBBBBD075589BE60E3F43D03A8323E40
:10AC900071EAA83EF859DC3D801155BE50414BBECB
:10ACA00018B7CDBD6C5918BE4A650DBEC787BEBE6C
:10ACB000FEE896BD2CE35FBEC8D58FBEFE41E63CE4
:10ACC00002C731BEC23CCDBEDA5015BD7B46EABEDE
:10ACD0000B7E543C6DE4A7BECA9122BE336095BE84
:10ACE000259A583E6C68B43ED8DE4A3DED3D7D3E27
:10ACF00003550FBE8C4C44BD84BCCDBDB481C3BCD8
:10AD0000B3EBACBDCC4D043E51A800BE7AACB4BB95
:10AD1000D47003BFAFAB5F3EA44AABBDD8D501BD75
:10AD20003B4278BD3E71623E3B79CF3D060FA63E69
:10AD3000FE2E9C3E52E645BD6382BC3EF34FC23EB2
:10AD4000E9AD403E7D4FC6BDE15BB03D5E1D933E2B
:10AD5000F86287BED87FEE3C59C3ABBD1DF030BE54
:10AD6000262438BE6EC5EABEBB7592BD49C857BE23
:10AD70002B5F2C3C18226BBE229454BEE9177D3DFC
:10AD800047FECABDF8E0C53C1F4A55BE4F0667BE28
:10AD900087B8A1BC289912BEEE2AE63DAD43413EDC
:10ADA000C7CE55BEA9DD683DE687F9BC9BCE4EBE39
:10ADB00076B1D6BCC5A581BD600E85BDFBA2973D11
:10ADC000E041FEBA5084D5BD549A65BEC05F033ED3
:10ADD0003881703E429968BE856C2FBDA53B1EBE72
:10ADE000BA40FABDAE79BABD065428BE3ED7F6BD0C
:10ADF000FBF6BDBD82661FBEC23511BED8BA12BEFB
:10AE000035D2843E3E808EBB5146CC3D5409B4BC05
:10AE1000295A96BD80ECE4BEE67D8B3D039721BEAA
:10AE2000EEF4663DA69F5EBEEF52ED3DBCDE8DBEEC
:10AE3000BE6661BD2156A1BD0AAD663E2A7701BE40
:10AE4000E05C9E3EBF02933D69CC21BE3277BB3EA3
:10AE50000C715EBDFE32C1BEB682513DF3B33ABE47
:10AE60008A65873D3E14983D75301EBE1BCD153E4C
:10AE7000992BD03CFC9DC73BF9E3F23D6E2C803E04
:10AE80000F17913E7CC46A3EF971EA3D1FB7983CAA
:10AE9000A8497EBD0650C1BD0D0BFF3DB4C2EF3DBC
:10AEA0001E0328BED2099ABEF1EB513E451C32BCAE
:10AEB000C71B08BCEBB774BE12AF403EE1017EBDBC
:10AEC00010588DBE089CFFBDC74A65BD8BA1D6BD7D
:10AED0001CE65D3DA333083E36B1883DA359983E3C
:10AEE0006B31ED3DF51F453D7F1508BE6B8A7ABE7F
:10AEF000118E0EBED8E7DBBDEBC73E3E988F8EBDF0
:10AF0000A1FB2A3DA5390B3E1D1C31BE2D9808BE64
:10AF10002997D0BC6C007A3C0F39CF3E98CE763E54
:10AF20008D52D6BD29F981BED7F91F3D0974353E32
:10AF300036DF2CBEB02FC33D50BA093EC80E673E67
:10AF40003B100BBE644571BE8E3294BDC1A35F3E03
:10AF500081083B3DC6BCAB3DE97C23BDA5D9693E1C
:10AF6000DA74353E0ED0CEBDA6A736BE6C4A6FBD94
:10AF70009C75373DEA6A19BE6DCD773E7F9570BDF1
:10AF80009F28E1BD74B9A33D77FE4EBEDBBF4CBE2A
:10AF9000CD6C0ABBBA0D923E649BC4BD609E4A3D17
:10AFA000CF83AA3CAD1BC03EFEC3A6BBB115403E3D
:10AFB0007A741B3D87F18BBE117023BE05DD783E90
:10AFC000D3E980BEE5D0BDBD6A0982BD81B355BE5F
:10AFD0004C229C3E45E43C3E5B4E1F3D50F7AF3E4D
:10AFE00096485BBDC5D9493E1A929A3EE7851F3BFC
:10AFF000FFD111BED958743ED6F8D7BBAB278CBE53
:10B0000012BF093E6FAA893ED49F9F3ED14F483E52
:10B0100072F3053FBA4D9BBE15D5B0BE6C45FFBC63
:10B02000FB9CAF3E670B39BE644A45BE6723753D46
:10B030001EA0993DD32459BECAEDCE3BE9F77ABE96
:10B04000DC916C3E276A67BCDBF4AFBD295C3F3EF8
:10B05000811EA2BD51D10B3D052173BE696164BE45
:10B06000FA24883E86D84D3D633BACBE1697BB3D67
:10B0700000ADC43C5463A53DD6C38FBE259A683E3F
:10B08000AF59213ECA9CB23DEF97013CDF03B53E6C
:10B090002E362EBE2423233E2418023CD64B0D3ED2
:10B0A000A140A73D1990E1BA5B7781BED62A873DC2
:10B0B000572E953E4BE9103D2B7E1C3DB81DC83EDA
:10B0C0003030003CB482863E06FFEDBB446BC53D8C
:10B0D000975DA4BE089CD53BD858E83DAA3EABBEC0
:10B0E00015CD1BBDD4FB9ABDA851833B89FDFA3D0C
:10B0F0007AB618BE856D0A3CAE95633B1ADAB23E4D
:10B1000056EC2EBEB98B733D2DF62C3EC6400EBEBE
:10B110007D37B53C32DFC73EB586B83D4341363E4C
:10B12000D1D1D33DEA08E13ECA6BA5BD3D5294BDE5
:10B13000FDC8933C32224A3D523432BE5A9C0A3EEC
:10B14000E9264BBEA680083EF8E3573EADF5C8BEE3
:10B150001EF1193E937B6A3C679225BE53E9053F79
:10B160007C9ECD3D8BE6B53E191C1F3F2B1F3EBE7E
:10B17000C48A513D2255823C37984FBE345BD23D44
:10B18000D426A33E6666C6BDB75D833B41AB563E43
:10B19000AA09FBBDEF8EC93D49DD8EBD9961AB3E6D
:10B1A000C8AF103E7EE282BE6C668B3DFA4A16BB8B
:10B1B000314B653D4AF328BCF2AAE33E0861B1BDBC
:10B1C000CCAA29BEE2023F3D697385BEAF967F3AA5
:10B1D0005AC3D03D7E9C29BEBBA4B0BE30F7703EA2
:10B1E00026AF12BE203F8CBD8F1408BE391D413ED4
:10B1F000EA2A8A3D16B11EBDD7D9833EF71A97BEFB
:10B20000B791993DF37FFC3DDF4DC03D7C6EBFBDE6
:10B21000C5C593BEDE4EC43D4D81753C745DE53DB4
:10B220006E48523ECB37863D93FB13BEEF0D9B3EDF
:10B230006C82AA3D6C242C3E3B46383E8E44763DC3
:10B24000D41FDF3D6E800BBD9CA8A0BE70BF5F3ECB
:10B25000E85BA4BEBAAB87BEBA32F63CE3024BBE93
:10B2600042521D3E4A0ED7BE7CFEA1BE0000DD3D0F
:10B27000C8DDB9BD7B6352BE496A9EBD2B23C4BDE8
:10B280005A1117BE9B4EB83DD77C233E248349BE3E
:10B29000616CB53EB67E123FEDB6763EF471CC3EA3
:10B2A000511F1ABE7EED943EC46285BED05A853CC5
:10B2B000735F72BE3BD5BEBD52B76EBD8FD0AD3E83
:10B2C000924D25BE46D2023ED3EA8A3D5BE8323E2D
:10B2D000273B483CEF6F78BC3A858CBE1822513E24
:10B2E00042DD88BDC330953EC4FA053D4584483EE5
:10B2F000B1B2213EE4A9B4BE2C3FB1BE786892BE83
:10B30000E37B4B3D93320E3DC6A080BE80D81EBB72
:10B3100017CA3D3EC137453E7956A93BD9B7023DD4
:10B320000188D13D1AD85C3EAFFBADBEBA64DCBE2D
:10B33000DCEEA1BE58F9523E60E24E3D4787C93D62
:10B340002023003F9C1FA73ECD85C63D2BA9163E5E
:10B350009D4B89BE25C0F7BDD6ACBE3EC84268BE77
:10B3600090A5E8BDF29038BD67055C3E3DE1813DAA
:10B3700032D75FBE5675633D1C3477BD2EF68B3ECB
:10B3800052EF8BBE32A36D3E354195BED819833D39
:10B39000A3A69FBE57F1873E2EAC513E181D213DFE
:10B3A00097396E3D827A723EE48FEABC81743FBC6D
:10B3B000811ABDBEE61D77BECF9100BEE24C4F3E66
:10B3C000D83428BEDDDED8BDF44FF43D1E892DBD36
:10B3D000E5B3F93E12D3033E8DCF1A3EABF2A43E45
:10B3E000848186BC43EF3FBD61B1DE3E958358BE8C
:10B3F00013BF4DBB391DD83CC36E403E0D2065BE0A
:10B4000025EF613E08F9523E0ED45EBEA2CF713CDC
:10B41000502079BE24EEB5BDECED643EEC62953D66
:10B420003D9461BE806E803E9E26573E198CEA3C5C
:10B430006FFA433D26B384BE6D88FC3DFDF45CBECF
:10B440009B4E03BE58FA52BE078C873E3D4B0F3EC3
:10B4500041F186BDD727CD3E6D78003E727547BC61
:10B46000BF66DC3D7F03133EED7CEB3CCE7D0DBE25
:10B47000E01F60BB4B39823E4BDB993E6261A1BE4F
:10B4800038EE51BE08681CBE382C94BE55981D3E3F
:10B490009F76D2BD762D4B3DB6B666BD311F213E9F
:10B4A000B22B3EBE52FB223E9BA8DEBC6ED435BE04
:10B4B0009CCBACBCA6DDA93E0BCB7FBCB7C8893EFC
:10B4C0006BE7313EFFF7243E62C7B8BCBCE7C3BCA4
:10B4D000124E7ABEFC5EB43E091B0E3E8897B4BE87
:10B4E000760985BE7A8E053E7B39853E1590AB3C4C
:10B4F000FD04E83D2EDED53B77D0303EB9FBA93EBA
:10B500005FDC963E1D3277BD93250EBB8E90853E47
:10B510004D5163BEC9DA60BE4DCEFCBD6F07AE3C77
:10B52000F8E20FBEFC5C0CBF26FE923EF8BA583E15
:10B53000D4117F3E88DB993D8FA9F93E36019CBD31
:10B54000FC650F3D06C0B0BE931FC1BD1DBC2C3EA7
:10B550008CBC033E5E3B4F3E8AB30B3E5F8F9CBE6E
:10B560007BF43EBE6580343D6ACA04BD696387BD15
:10B570008CA13E3E669B0EBED8BA3A3C024032BE1B
:10B580004E61353E5B0A3F3ECCA9823EC5318E3DC1
:10B59000FD9317BD0158A5BD918B9CBC1AAFE33D2F
:10B5A000BD407C3E63007DBE4A0C3C3EB67DB6BDD0
:10B5B00015FB513C963033BA20A14F3E6ABFDFBB2A
:10B5C000C0F886BE1DC4213D9346A73DF278CD3E0E
:10B5D000EB18743C5BBE6EBDCD214BBE0580143DA7
:10B5E0008ECB83BD9B708BBDB19B8F3D6F3CA2BD4D
:10B5F0001E900DBD6B2482BE616860BAD6871F3D68
:10B6000050D8ACBE940847BC7388453E5EA4FABDD2
:10B61000192CB43E2B76B5BE762CC7BD0CA2713D5D
:10B62000D56E9CBEA03581BE0AF385BE8EDA97BD6D
:10B63000F932953D6E04DCBEBC33CBBDCC3BA3BE22
:10B64000F631A8BEE2E9873D010BC13D7FF2B4BEF1
:10B650007362803D17FBC9BE0AEC4DBE5E0C4CBE4A
:10B660007C1DFE3DE2553E3ED60BA3BE9962C63E12
:10B670009DF74F3D75AA61BEC9E5A2BD93B13C3DA2
:10B680000FED0F3DEABB6CBDDFAA963B773641BD9F
:10B6900055F7BF3D37AA913B5CFA14BD6ABE91BD18
:10B6A0007F1BECBC62069E3B11E4443D0263E5BC9B
:10B6B00058A4C63C5AD4CBBCD03A9FBCB9E7983CFE
:10B6C000CFE0EF3B9301313D508387BDB00AA83DE9
:10B6D0003411A6BC4B1C93BC4137803D353AA53C88
:10B6E0004210BBBC1D71AC3C68CEF2BC8F0886BC5E
:10B6F000CE01AF3C7028FFBCF9EB4E3D3106B13DA9
:10B70000E23909BD0C960DBDC444DFBC22F1293DD0
:10B7100029DC9EBBE75DF13C7F9305BDE2BA063DA7
:10B72000E550E43D9814C43D7DCBEFB9394FC83D99
:10B7300055A5F63C70EA4A3A7DC6E13B677F99BD64
:10B74000F779473D57D3A13DD512C73D2C0C5DBCC1
:10B75000EAE76CBD321E913D3149713D3D2231BD5C
:10B7600011DB393DAFA005BCF6A9A83DB71AABBCAB
:10B7700091C6E4BC57D7303D507D883D58B8803DD8
:10B7800057EA7F3EDA4D76BC89EC4CBD2429973EC2
:10B79000CF368FBEE8EBBD3E8F47A8BDF8C2653EF1
:10B7A0007725A13E099753BE1F4FACBEFD54323ED4
:10B7B000106F7B3E1671923E6FF95FBEAA4A02BEC1
:10B7C000CA281BBCA4A312BEEF56A93EE298B2BE83
:10B7D000AECCC83C15AA3DBE98326BBED57C4C3E63
:10B7E0007C34963CE3C201BEA157EABEF9315C3E0F
:10B7F000677E0BBE40C294BE09900FBF98DEBB3E71
:10B80000F7668D3D121B86BE33D6FABDE00AEBBE4D
:10B8100087E731BF5EFFACBE1CBA8F3E27A2573D03
:10B820003D7D613EC618F7BEE50C45BDE037DABE8A
:10B830004E7255BEA6BB87BE3E6882BE3E4FC53E19
:10B840001E4589BD9F36FABEEE8936BFE58D773E2F
:10B85000788A363D341C01BFEE1375BD4ED8B83C16
:10B8600009421ABFE72AC83E481545BE37BE7ABD11
:10B870008F63DA3D34DA3DBDF83EE83D3C1BCEBE79
:10B88000FC20573EC86C0EBE09B6893E8506F7BD42
:10B89000830C0E3B1AAA8D3E4B8347BE59B1943E92
:10B8A00097840BBEDC5D893E941FFC3DA84897BE83
:10B8B000B7A249BC9344A0BEF83EAD3D29A8803E46
:10B8C000CFAF8B3E27BEE8BEB3EF043E73B40FBECE
:10B8D000814AFBBEFEBF2C3E3F3718BFA032B63CAC
:10B8E000DAB69F3DE519A43E921DA43D0E46EBBE7F
:10B8F00002B265BE5F525FBEC2785BBEEBC730BEB0
:10B90000CCDC05BE72A593BECB3E38BE6656F43D78
:10B91000489454BE597EEF3D8FC4B3BE99C72EBE26
:10B92000A73B803DC73391BE25BE993E45A6E1BEEB
:10B9300018EF5A3EA034243F6DD361BE97F4743E95
:10B94000B14F9A3D2051793E132BC1BE93F94F3E22
:10B950003003303EF9AE27BEBE73963E9397BC3E91
:10B9600024D20E3EC5FBD2BE4D5409BF0FA479BDF3
:10B97000C05195BE6E90A63D2221973E5ABEE93D2C
:10B9800039249B3E9E04D9BEEFBCA8BEDD937BBE8E
:10B99000BCFDE9BE7A932CBF52A09CBE7B04A9BE1D
:10B9A0009A77A1BE5B3161BE5E67DBBE14AE583EC6
:10B9B0001968853E387D4C3EAAF01ABF2BA802BFFD
:10B9C0002447ABBEB68C80BC8EDEB13C2E65CEBDAE
:10B9D00050D6F9BEAEE4313D82666ABE40C8DB3E59
:10B9E0005620473E95379F3E5C81203E748DBABEFF
:10B9F000940B003E0045263ED1AEA83E1051A3BC9C
:10BA0000BC912ABE86E2FCBD675CDB3D54385C3EDF
:10BA10000A817A3E79B69A3E3F7004BF7706D4BE5B
:10BA2000296C863E2A039E3E90E3663EEB0B4D3E1C
:10BA300090688A3E8565E63DC870613D2296983DD6
:10BA4000D9DD8BBD81D894BE2FB8873EBF9EA13E65
:10BA50003668BBBE74B10E3E070E98BE369F54BE0C
:10BA60008409B03E5DA4FEBEF5FE9FBEB8B000BF27
:10BA70008FA11BBFC8E30EBFDCA707BE1F94A93E62
:10BA8000D154FEBE7E78AEBE6DC61DBF6D2AF9BE16
:10BA9000D4C9A43E139E8FBD3FAE9E3D9A736ABD2E
:10BAA000DDE8703E522CBC3D9DC01F3E64993CBEFB
:10BAB000C817953E2A4C8A3C7BC21FBEBC92F0BE82
:10BAC0004BB788BE3B228E3ECB428A3DC997343E5F
:10BAD0006826B6BE40D6A1BE79722D3ECDEE0BBF14
:10BAE0000F9EF93D8C7991BD3680BDBE11DD503E73
:10BAF000C4B3D0BE1BA76EBE1AB358BE2694D7BE21
:10BB0000612366BED48242BD8449363CB71DB23C37
:10BB1000C0C516BF179802BFA664D5BE7CC1FE3D46
:10BB2000C013AE3D06ECB33EB00E93BEB9B1C33EFA
:10BB3000C7FB8CBE8F8E0BBFE1DC253ED293B2BE1D
:10BB400061C9333E56E3973EC707C63E751C35BEF6
:10BB50006AD48CBEE39E233D1EDC4D3EB0770ABF07
:10BB60007034A83D4E5785BE8FA7CA3EEF35303E94
:10BB7000285EF1BEF11FB2BC8C312F3E461304BFCC
:10BB8000DCB9F0BE44BE9D3EA3E624BE5F924E3EAD
:10BB900087563D3EAAC518BD5343893E1C3F943E7F
:10BBA000EE0A84BE36FAE8BE567D183E507B7F3ED4
:10BBB00008D8FABDC0F9CBBED54ACDBC3211A73EDC
:10BBC000960864BE59CE14BF80C0BFBE09062ABE07
:10BBD000C3169F3CEA7DB93E8ABAC43E930700BEB5
:10BBE0007774BC3B4A0B093E061FA43EC485153E34
:10BBF000F26FEFBE8E27893E861C823DD86C2CBE2C
:10BC0000A5925EBE9C51B5BD75EE3C3E33848A3C28
:10BC1000141C973E1090873EF8FF8F3E7A38EDBE99
:10BC2000CD9777BFE82F89BED9E5A4BE63D7BD3EC7
:10BC30000FE089BE6AC3133E965E733E3D21A7BEE8
:10BC4000593193BE810AFDBD5073683E29A6D5BE09
:10BC500038AF293E4918B03D5DF9CEBE0118A5BEEA
:10BC6000961E233DFCD1A93EC643A13E01B3233D10
:10BC70008E283F3E7FC760BE1FCFD5BEE8FD6BBE9E
:10BC8000989C0ABE47C665BBD979A43DDC91853D29
:10BC90009BAA7FBD000000003010000001100000D2
:10BCA000021000000A01000001020000010500006E
:10BCB0001010000010100000010000000000000043
:10BCC0000100000000000000010000000100000071
:10BCD000400404000000000000000000000000001C
:10BCE000000000000104000000000000DECAFAA10C
:10BCF0000000000000000000000000000000000044
:10BD00003031323334353637383941424344454691
:10BD1000403058003031323334353637383961628B
:10BD2000636465664030780004000008000000008D
:10BD30000000000200010000100000000000803F31
:10BD40000030983F0000B53F0040D73F00000000A2
:10BD5000320A7E397F661E395B991F390000803FA9
:10BD6000F037983FF304B53FFD44D73F0000000093
:10BD700000000000303132333435363738396162F3
:10BD80006364656678700030313233343536373865
:10BD900039414243444546585000000002400000EB
:10BDA000000000A00000000005400000000000C8E6
:10BDB000000000000C4000000000409C000000005B
:10BDC000194000000020BCBE00000000344000000C
:10BDD000BFC91B8E00000004B5400000504BCFD0FF
:10BDE0006607E2CF010000006C4100003E8251AACC
:10BDF000DFEEA73401000000D9420000DCB5A0E26C
:10BE00003A301F97FFFFFFFFB4450000FD25A0C893
:10BE1000E9A3C14FFFFFFFFFFF3F000000000080CC
:10BE200000000000FF3F0000000000800000000054
:10BE300074735F6D732C61695F73746174652C69D1
:10BE40006E6665725F636F756E742C736D6F6F7461
:10BE5000685F72656164792C746573745F646F6E7A
:10BE6000652C6D6F74696F6E5F656E657267792C96
:10BE70006C61746573745F6C6162656C2C6C617469
:10BE80006573745F70726F622C746F70315F6C6178
:10BE900062656C2C746F70315F70726F625F617677
:10BEA000672C66696E616C5F6C6162656C2C6162A7
:10BEB0006E6F726D616C5F666C61672C616C696737
:10BEC0006E5F6661696C5F746F74616C2C616C6924
:10BED000676E5F6661696C5F64656C74612C705F2E
:10BEE000726573742C705F656C626F775F666C65EA
:10BEF000782C705F66726F6E745F72616973652C07
:10BF0000705F736964655F72616973652C705F73DC
:10BF1000686F756C6465725F72616973650D0A00A4
:10BF2000256C6C752C25732C25752C25752C257589
:10BF30002C252E34662C25732C252E34662C257347
:10BF40002C252E34662C25732C25752C256C752CF0
:10BF5000256C752C252E34662C252E34662C252E2A
:10BF600034662C252E34662C252E34660D0A0000EE
:10BF700042524945465F46494E414C2C755F7365B8
:10BF8000713D256C752C665F7365713D256C752C54
:10BF9000755F68723D256C642C755F73706F323D00
:10BFA000256C642C665F68723D256C642C665F733B
:10BFB000706F323D256C642C6C61746573745F6CBA
:10BFC0006162656C3D25732C66696E616C5F6C61A6
:10BFD00062656C3D25730D0A000000004252494520
:10BFE000462C755F7365713D256C752C665F7365B6
:10BFF000713D256C752C755F68723D256C642C75E0
:10C000005F73706F323D256C642C665F68723D25EE
:10C010006C642C665F73706F323D256C642C6C61B0
:10C02000746573745F6C6162656C3D25730D0A0005
:10C0300074735F6D732C75707065725F7961772CA6
:10C0400075707065725F70697463682C7570706567
:10C05000725F726F6C6C2C666F72655F7961772CA2
:10C06000666F72655F70697463682C666F72655F76
:10C07000726F6C6C2C68722C68725F76616C69648C
:10C080002C73706F322C73706F325F76616C6964E1
:10C090002C7070675F66696C6C2C7070675F636191
:10C0A0006C635F636F756E742C7070675F70656E24
:10C0B00064696E672C6C6F73745F752C6C6F73742E
:10C0C0005F662C616C69676E5F6661696C5F636F48
:10C0D000756E740D0A000000544553545F444F4E72
:10C0E000452C737461626C655F6C6162656C3D25A3
:10C0F000732C737461626C655F70726F623D252E84
:10C1000034662C6C61746573745F6C6162656C3D40
:10C1100025732C6C61746573745F70726F623D255A
:10C120002E34662C61626E6F726D616C5F666C613D
:10C13000673D25750D0A0000256C6C752C252E3287
:10C14000662C252E32662C252E32662C252E326644
:10C150002C252E32662C252E32662C256C642C253F
:10C16000642C256C642C25642C256C752C256C7531
:10C170002C256C752C256C752C256C752C256C75F7
:10C180000D0A00006D79517565756530310000004C
:10C190006D7942696E61727953656D3031000000CE
:10C1A0005461736B310000005461736B3200000006
:10C1B000256C6C752C25732C252E34662C25752C3E
:10C1C00025752C256C752C25732C25732C25732C2B
:10C1D000252E34662C25752C25752C25752C25755A
:10C1E0002C25752C25752C25732C25732C252E3488
:10C1F000662C256C752C256C752C252E32662C250D
:10C200002E32662C252E32662C252E32662C252EBB
:10C2100032662C252E32662C252E32662C252E32A7
:10C22000662C252E32662C252E32662C252E326663
:10C230002C252E326600000064656661756C7454AE
:10C2400061736B0074735F6D732C73746174652C10
:10C250006D6F74696F6E5F656E657267792C626170
:10C2600073656C696E655F76616C69642C73657368
:10C2700073696F6E5F6163746976652C7065616B5D
:10C280005F636F756E742C707265766965775F6138
:10C290006374696F6E2C66696E616C5F616374694B
:10C2A0006F6E2C6D6174636865645F74656D706C2E
:10C2B0006174652C6D617463685F73636F72652C64
:10C2C000636F6D706C6574652C74696D65645F6F08
:10C2D00075742C636F6D706C6574655F73636F72DA
:10C2E000652C616D705F73636F72652C7065616B37
:10C2F0005F73636F72652C746F74616C5F73636FCF
:10C3000072652C67726164652C7072696D617279F7
:10C310005F617869732C7072696D6172795F6178A1
:10C3200069735F616D702C7065616B5F686F6C64C1
:10C330005F6D732C746F74616C5F74696D655F6D94
:10C34000732C616D705F75707065725F7961772CA9
:10C35000616D705F75707065725F70697463682C71
:10C36000616D705F75707065725F726F6C6C2C615F
:10C370006D705F666F72655F7961772C616D705F5C
:10C38000666F72655F70697463682C616D705F665B
:10C390006F72655F726F6C6C2C7065616B5F75702E
:10C3A0007065725F7961772C7065616B5F75707015
:10C3B00065725F70697463682C7065616B5F75701E
:10C3C0007065725F726F6C6C2C7065616B5F666F0D
:10C3D00072655F7961772C7065616B5F666F7265FE
:10C3E0005F70697463682C7065616B5F666F7265FE
:10C3F0005F726F6C6C000000434F4C4C4543545FC0
:10C40000424153454C494E450000000054455354A9
:10C410005F444F4E4500000052554E4E494E470076
:10C42000574149545F5354415254000046494C4CC3
:10C430005F57494E444F5700736964655F72616985
:10C440007365000073686F756C6465725F72616913
:10C450007365000066726F6E745F72616973650068
:10C46000756E6B6E6F776E007265737400000000FE
:10C47000656C626F775F666C657800005045414B74
:10C480005F484F4C44000000414354494F4E5F44C5
:10C490004F4E4500414354494F4E5F46414C4C4935
:10C4A0004E470000414354494F4E5F524953494E55
:10C4B000470000005354415449435F5741495400D9
:10C4C0005245414459000000676F6F64000000004E
:10C4D000666F72655F70697463680000757070657F
:10C4E000725F7069746368006661696C00000000C7
:10C4F00075707065725F726F6C6C00007061737341
:10C5000000000000657863656C6C656E7400000067
:10C51000666F72655F796177000000007570706505
:10C52000725F796177000000705F726573742C70C0
:10C530005F656C626F775F666C65782C705F6672A2
:10C540006F6E745F72616973652C705F7369646587
:10C550005F72616973652C705F73686F756C646579
:10C56000725F72616973650D0A000000766572730F
:10C57000696F6E3D323031382D31302D33312672B6
:10C5800065733D70726F64756374732532465339F9
:10C5900055394659395A645325324664657669637C
:10C5A000657325324642726163656C6574266574F5
:10C5B0003D31383035383633373734266D65746859
:10C5C0006F643D6D6435267369676E3D682532463C
:10C5D000387152434F49434E567A6D554330635438
:10C5E0007135426725334425334400002473797341
:10C5F0002F533955394659395A64532F4272616362
:10C60000656C65742F7468696E672F70726F7065E2
:10C610007274792F736574000000000078C70108F8
:10C6200000000024BC0C0000D402000854CB010818
:10C63000BC0C00247C8600003003000800000000D1
:10C640000000F07FFFFFFFFFFFFFEF7F1001000002
:10C6500043000000F8FFFFFF0040404040404040E2
:10C6600040404141414141404040404040404040C5
:10C670004040404040404040400502020202020269
:10C6800002020202020202020220202020202020B8
:10C6900020202002020202020202909090909090CC
:10C6A000101010101010101010101010101010108A
:10C6B00010101010020202020202888888888888FE
:10C6C00008080808080808080808080808080808EA
:10C6D00008080808020202024000000000000000F2
:10C6E000000000000000000000000000000000004A
:10C6F000000000000000000000000000000000003A
:10C700000000000000000000000000000000000029
:10C710000000000000000000000000000000000019
:10C720000000000000000000000000000000000009
:10C7300000000000000000000000000000000000F9
:10C7400000000000000000000000000000000000E9
:10C750000000000000000000000000001C000000BD
:10C7600043000000F8FFFFFF0C0000000E00000077
:10C770000F0000002E000000021B050233FF02978D
:10C7800001299882103C90D0030401831AAA010960
:10C790001EB8280918C60108ECC501080C5A201457
:10C7A00029045A04045A8004A9200A150F205A406B
:10C7B0000829FD69206951A91C2948791C290D19EE
:10C7C00004092A60A9A06911A920A940A9200A1179
:10C7D00006A05A1804A9400A110240A93C29286958
:10C7E0003C39191904291C0A1105A05A1404091E00
:10C7F000202954E9207935190409226069C0A9204B
:10C800006911091E200A11202042802919190409E2
:10C810002260292BE9202944290429145A06089A60
:10C820001E205A180413D40914240C0A822429281F
:10C830004B2C0410290C5A300C419A340C5A380CE9
:10C840001A7C3C29441AF0041AB80469389A6C44DA
:10C850005A700C32029A74445A7C0C1A4444294887
:10C86000A9849AB0409AB4349AB80C5ABC0C1A985D
:10C870003C29441A60045A284829389AF0449AF40A
:10C88000849AF844114A050C1A10BC2948A9845A04
:10C89000341C290C5A380C419A3C0C5A400C13BCDD
:10C8A000082A2444A9409A74409A78349A7C0C5AF5
:10C8B000800C1A483C29441AF4041AA004415AD89E
:10C8C0000829409AB44C5AB80C2A0378590C29D834
:10C8D0009AC824A9081AB4D829601A9C045A2CA40E
:10C8E0001A64081A800429248B1006385A140C295B
:10C8F0005C5A180C295C9A2424E9084B949908295D
:10C9000004D4400404391C19131A6C4029200B1854
:10C9100018142C391C19131A982C29B48113846EFD
:10C920001B2468041AC8189A0C181AB0141A940414
:10C930005AE05C1AC4085AD00C1ADC085AE8B44110
:10C94000B640108208B41910112AC0E599106AE0A7
:10C95000D5091510DA20400A1D4010CA0510DA0862
:10C9600010111A80EC091A40110A1C1880110A1DB6
:10C970000890D9C0E980EA1290D910C2C00008140A
:10C9800001C0A18E2595F71DDECAFAA12111137CE5
:10C99000062A24081AA80832021AF4082BE80B14F5
:10C9A0000115240101041BAC012C19081ABC084B09
:10C9B000D4072C19B7391C5ACC1C1ADC085A341C61
:10C9C0001958391C5AEC1C1AFC084B44081C5A0311
:10C9D0001C4B0C021C1A1C085AC438190F391C5A5B
:10C9E0002C1C1A3C085A441C5A051C5A4C1C1A5C34
:10C9F000085AB41C5A061C5A6C1C1A7C085A241C6F
:10CA00005A071C5A8C1C2A9C1C598C6A08E0591C19
:10CA10001ABC085A341C6A09E0591C1ADC085AA4CA
:10CA2000546A0AE0591C1AFC085A14386A0BE05A76
:10CA300003E019085A84386A0CE0591C1A3C085A59
:10CA400004386A0DE0591C1A5C085A94386A0EE0E2
:10CA5000591C1A7C085AF41C6A0FE0591C1A9C08CD
:10CA60005A641C6A10E0591C1ABC085AE41C6A116A
:10CA7000E0591C1ADC085A741C6A12E0591C1AFC92
:10CA8000085A541C6A13E05A04E019081A141CD4FA
:10CA90000C010613D00A1424B9E0460854220108F8
:10CAA00032010A1104241305D71B085C242A0755F8
:10CAB000B11AF41C13F5DF5B086440DA04204B1054
:10CAC0000B3C1A6C20D40B01031A301C13C1D01B71
:10CAD00008741C29785A0F80390819474B486ECCC6
:10CAE000D40701021A4C3829745A7C74DA03201ACC
:10CAF00084201337D25B08845881290CB90429ABF0
:10CB000012062A240CAB09012A212AA44412D49B20
:10CB1000088C4413D9DE390CE9445A5C44290429B1
:10CB20008A7908191C1A58C44BFDEF38CB18143CED
:10CB30008B94990C2B40048DA1392C191313480C9C
:10CB40003A241C4A23EC413938295C191CC11AC00B
:04CB50006CC10000B4
:040000050800029954
:00000001FF
